/*Navicat MySQL Data Transfer
Source Server         : 本地连接Source Server Version : 50553Source Host           : localhost:3306Source Database       : csjbotdb
Target Server Type    : MYSQLTarget Server Version : 50553File Encoding         : 65001
Date: 2017-06-14 17:11:07*/
SET FOREIGN_KEY_CHECKS=0;
-- ------------------------------ Table structure for cms_robot-- ----------------------------DROP TABLE IF EXISTS `cms_robot`;CREATE TABLE `cms_robot` (  `id` char(32) NOT NULL COMMENT '主键',  `sn` varchar(50) NOT NULL COMMENT '机器人唯一识别码',  `type` varchar(4) DEFAULT NULL COMMENT '机器人类型,关联sys_data_dictionary,如1001迎宾',  `valid` tinyint(4) NOT NULL DEFAULT '1' COMMENT '数据有效标记',  `register` datetime NOT NULL COMMENT '注册时间',  `creator_fk` char(32) NOT NULL,  `updater_fk` char(32) NOT NULL,  `date_create` datetime NOT NULL,  `date_update` datetime NOT NULL,  `shop_fk` char(32) NOT NULL DEFAULT '1' COMMENT '店铺外键',  PRIMARY KEY (`id`)) ENGINE=InnoDB DEFAULT CHARSET=utf8 COMMENT='机器人信息表';
-- ------------------------------ Records of cms_robot-- ----------------------------INSERT INTO `cms_robot` VALUES ('BQIEQT64ZAH56BZY827GG4CGGWYF1BHG', '7523', '1002', '1', '2017-06-10 09:41:01', 'ADMINOVPUEF2VC4667UA3Y0V16SIE088', 'ADMINOVPUEF2VC4667UA3Y0V16SIE088', '2017-06-10 23:41:01', '2017-06-10 17:24:58', '9530');INSERT INTO `cms_robot` VALUES ('EO7RSYE2MWVBWW38ZF0Q2BB4ERINZ8KF', '2332', '1002', '1', '2017-06-13 10:24:57', 'ADMINOVPUEF2VC4667UA3Y0V16SIE088', 'ADMINOVPUEF2VC4667UA3Y0V16SIE088', '2017-06-14 00:24:57', '2017-06-13 10:25:59', '9528');INSERT INTO `cms_robot` VALUES ('F8H7FI2NSMWYCPH399FBNXM716YRHM1L', '752', '1001', '1', '2017-06-08 16:50:39', 'ADMINOVPUEF2VC4667UA3Y0V16SIE088', 'ADMINOVPUEF2VC4667UA3Y0V16SIE088', '2017-06-09 06:50:39', '2017-06-10 17:25:03', '9528');INSERT INTO `cms_robot` VALUES ('MBJOLWHIFB93SOB937N5533IV9J348SH', '5621', '1004', '1', '2017-06-10 09:47:24', 'ADMINOVPUEF2VC4667UA3Y0V16SIE088', 'ADMINOVPUEF2VC4667UA3Y0V16SIE088', '2017-06-10 23:47:24', '2017-06-12 16:48:55', '9529');INSERT INTO `cms_robot` VALUES ('PG0JG91JW9N8JO4T4NBUV98SIAC2G19F', '654', '1002', '1', '2017-06-10 09:47:13', 'ADMINOVPUEF2VC4667UA3Y0V16SIE088', 'ADMINOVPUEF2VC4667UA3Y0V16SIE088', '2017-06-11 13:47:13', '2017-06-10 17:24:52', '9529');INSERT INTO `cms_robot` VALUES ('YISZXRR8HKAQ3QIKYX8CHFK0MOAAB6YT', '1233', '1003', '1', '2017-06-13 10:24:31', 'ADMINOVPUEF2VC4667UA3Y0V16SIE088', 'ADMINOVPUEF2VC4667UA3Y0V16SIE088', '2017-06-13 10:24:31', '2017-06-13 10:24:31', 'MLABKX8T3L1QCP2F4KV6X9F92KGLWVOE');INSERT INTO `cms_robot` VALUES ('ZB8F1ATY1F7WLL8DJNCMKPXIHY254K3R', '41', '1001', '1', '2017-06-08 16:49:33', 'ADMINOVPUEF2VC4667UA3Y0V16SIE088', 'ADMINOVPUEF2VC4667UA3Y0V16SIE088', '2017-06-08 16:49:33', '2017-06-08 16:49:33', 'KQN8LWECGOWE4JYKCZGU8PYOWCBD4Z69');
-- ------------------------------ Table structure for cms_secret-- ----------------------------DROP TABLE IF EXISTS `cms_secret`;CREATE TABLE `cms_secret` (  `customer` varchar(10) NOT NULL,  `value` text NOT NULL,  `code` varchar(50) NOT NULL,  `code_group` varchar(20) NOT NULL,  `remark` varchar(50) NOT NULL,  KEY `cust_code` (`customer`)) ENGINE=InnoDB DEFAULT CHARSET=utf8;
-- ------------------------------ Records of cms_secret-- ----------------------------INSERT INTO `cms_secret` VALUES ('CSJ', 'wxfec1f26a067221ae', 'appid', 'weixin', '微信公众账号');INSERT INTO `cms_secret` VALUES ('CSJ', 'e77feOYYDJ3cv3xC3h0sGVamm5zaWhyR', 'key', 'weixin', '微信API key');INSERT INTO `cms_secret` VALUES ('CSJ', '1236388002', 'mch_id', 'weixin', '微信商户号');INSERT INTO `cms_secret` VALUES ('CSJ', '2017032706428521', 'appid', 'alipay', '支付宝账号');INSERT INTO `cms_secret` VALUES ('CSJ', 'MIIEvQIBADANBgkqhkiG9w0BAQEFAASCBKcwggSjAgEAAoIBAQCBMUSiJhB7F27hccrNmc9u6IHh08sTsiAlFSLwejBxNr6nlEUKafuW46oe3td7D4HY7ATFlQJEbrXyqWaBp3HtbLfRDHTWbO/QLgIp2bVf5AFeinO8K7IhDGNb6GBtceIkGlPF3oJejh5HPce3RqMCKFg0O40T/J6IS62IgEXI+ZgD74VX+emlK73n1SnBdghYMA/XlkIBeEdnFa7UVwpnIM6lu60PlEFQD6LoT3BpW/duNf8tAVXvMLGgAvg+VbF9ZayHU8HyrkDKrnPm2fI5lB/81We3ftz/6oQ/VRqxk/UAzx/XN/2Oiudlg6XeGhYoKmhgLM1bgdHLG0Afa+e5AgMBAAECggEAKt+jzD/flknnhS+TQvn5SfAlMkFsEmQ5oLTL/IxASUIGsWxWISec061IBqijT/aMe+WPi9Zwgy9OeHJZT0u3VjiPI/QDTimmyCqMk0DpnSH4hlxiHh9OJQOMcbLDVW7Gwn5uMKswDpsRV0kcXyk07YFgDC17GxfpsIeU1kjjX9dgIuKMM76v75u0va2U8wS3pctjQBae9Jn/x9aq0iRsvk65qF6NZF3auUVWWS6CpEBq36BeMRyUFLMJ7p4Z7dHBfNHQPqBqEKnF4hWFVBPtbxBexDA8ci+vf5vQI1CgMJa379iOmpaPx/u+dSi8Ayt51DO5c8K0N9V+ct3JRe+6gQKBgQDrlZl0mNv3NarfZbfdM0SXOtw5Bch1pvVT/S1t87bBJY/smnM3I0N8fJWV+323D7U0OOX5n+ejDrpzS3x190M7ltiPcWH4etaL5sfYAaYJ8LgYtbeNbZJWvJ2/6YXSZGlVtKAIUMLSKwojRx8mOU3lJSnsV31VzQGgO8TuBR7RUQKBgQCMY2Gljzw5kuzuc/ZatV6rLFWsweQ4iPiJAkXqotbMIx8btRiIiJFsi3CLVffZ7CL0CEx7GVy6+MRSlGqJDvcRDfq4oTgJsx8c3LRF1UAhjIgC8IscuqlmbnuU8e07mS62VoBBzcAn7veh/CZD35wev1lzgZqA9H8zl4zjSQfV6QKBgBnmT4GfEIfEEa4Pu8AI0+Cgavel6BzvJwd9zRHKemwPmhwT+tiz+sZj1/ouNOr8Qhqkqrvf1ZJ6mwrz4JIDhhO2CMb0WyX7Mz0cORpJTBzJpyOoTq6wviblA57GqJyxx1bRzco8Pr7mVm38crM8F5E6nbpLAA9/w07/Yy4byACRAoGAY2e3a6h5h3bep5Wa2e3U47WX0KTV+aYa/cCLSzIUkCVKUK8xePPirQ4rGa48uqT2tv7tULjLrWSadrK6oOPk08GnR3Z4nH2lySUJzOzL5TWB1TsH9cbCTlJq1TNcvLehmOC1HmMW7e/KjnthiOvbuvXY2+3oPelh7GEiFInQr4kCgYEAnuvm2RJiIKjubz3Lgdn0L+hcqWQNhk8GCbOfSYi4WClr53OyHpR/XoIwuAAMAbXiw5Ba9OPwGV60MgVLOPYidgAymIO8ktiDNaSL50Wo5rxns8v1LuQBRfi7LPVIqBPPVUipFS0Vyx0+i5ETJYvVHu6IB9l8rJuBvjIsYuymc7s=', 'rsa_private_key', 'alipay', '支付宝私钥');INSERT INTO `cms_secret` VALUES ('CSJ', 'MIIBIjANBgkqhkiG9w0BAQEFAAOCAQ8AMIIBCgKCAQEAgTFEoiYQexdu4XHKzZnPbuiB4dPLE7IgJRUi8HowcTa+p5RFCmn7luOqHt7Xew+B2OwExZUCRG618qlmgadx7Wy30Qx01mzv0C4CKdm1X+QBXopzvCuyIQxjW+hgbXHiJBpTxd6CXo4eRz3Ht0ajAihYNDuNE/yeiEutiIBFyPmYA++FV/nppSu959UpwXYIWDAP15ZCAXhHZxWu1FcKZyDOpbutD5RBUA+i6E9waVv3bjX/LQFV7zCxoAL4PlWxfWWsh1PB8q5Ayq5z5tnyOZQf/NVnt37c/+qEP1UasZP1AM8f1zf9jornZYOl3hoWKCpoYCzNW4HRyxtAH2vnuQIDAQAB', 'alipay_public_key', 'alipay', '支付宝公钥');
-- ------------------------------ Table structure for frs_face-- ----------------------------DROP TABLE IF EXISTS `frs_face`;CREATE TABLE `frs_face` (  `id` int(11) NOT NULL AUTO_INCREMENT COMMENT 'id',  `face_id` varchar(50) DEFAULT NULL COMMENT '人脸标识',  `person_id` varchar(50) DEFAULT NULL COMMENT '用户标识',  `group_id` varchar(20) DEFAULT NULL COMMENT '组标识',  `pic_name` text COMMENT '图片名称',  `pic_url` text COMMENT '图片路径',  PRIMARY KEY (`id`)) ENGINE=InnoDB AUTO_INCREMENT=12 DEFAULT CHARSET=utf8;
-- ------------------------------ Records of frs_face-- ----------------------------INSERT INTO `frs_face` VALUES ('6', '1984080987767734186', 'perx20170330180721mngwJ8', 'csj_group', 'EV0s20170330180722.txt', '/opt/pkg/zip/EV0s20170330180722.txt');INSERT INTO `frs_face` VALUES ('7', '1995652370539773940', 'perx20170407174230cFvetB', 'csjbot', 'Q4My20170407174230.txt', '/opt/pkg/zip/Q4My20170407174230.txt');INSERT INTO `frs_face` VALUES ('8', '1995661037894929682', 'perx20170407175107jZy3Ad', 'csjbot', 'rHHt20170407175107.txt', '/opt/pkg/zip/rHHt20170407175107.txt');INSERT INTO `frs_face` VALUES ('9', '1995663141307994083', 'perx20170407175312VpmmKS', 'csjbot', '5Jeb20170407175313.txt', '/opt/pkg/zip/5Jeb20170407175313.txt');INSERT INTO `frs_face` VALUES ('10', '1995664936990156808', 'perx20170407175459naXq3W', 'csjbot', 'ROFv20170407175500.txt', '/opt/pkg/zip/ROFv20170407175500.txt');INSERT INTO `frs_face` VALUES ('11', '1995676443423588869', 'perx20170407180625kFov9H', 'csjbot', 'Y16J20170407180625.txt', '/opt/pkg/zip/Y16J20170407180625.txt');
-- ------------------------------ Table structure for frs_group-- ----------------------------DROP TABLE IF EXISTS `frs_group`;CREATE TABLE `frs_group` (  `id` int(11) NOT NULL AUTO_INCREMENT COMMENT 'id',  `group_id` varchar(20) DEFAULT NULL COMMENT '组标识',  `group_name` varchar(20) DEFAULT NULL COMMENT '组名称',  PRIMARY KEY (`id`)) ENGINE=InnoDB AUTO_INCREMENT=3 DEFAULT CHARSET=utf8;
-- ------------------------------ Records of frs_group-- ----------------------------INSERT INTO `frs_group` VALUES ('1', 'AiKF_group', '中科汇联');INSERT INTO `frs_group` VALUES ('2', 'csj_group', '穿山甲');
-- ------------------------------ Table structure for frs_person-- ----------------------------DROP TABLE IF EXISTS `frs_person`;CREATE TABLE `frs_person` (  `id` int(11) NOT NULL AUTO_INCREMENT COMMENT 'id',  `person_id` varchar(50) DEFAULT NULL COMMENT '用户标识',  `group_id` varchar(20) DEFAULT NULL COMMENT '组标识',  `name` varchar(20) DEFAULT NULL COMMENT '姓名',  `age` varchar(11) DEFAULT NULL COMMENT '年龄',  `sex` varchar(11) DEFAULT NULL COMMENT '性别',  `beauty` varchar(11) DEFAULT NULL COMMENT '颜值',  PRIMARY KEY (`id`)) ENGINE=InnoDB AUTO_INCREMENT=9 DEFAULT CHARSET=utf8;
-- ------------------------------ Records of frs_person-- ----------------------------INSERT INTO `frs_person` VALUES ('3', 'perx20170330180721mngwJ8', 'csj_group', 'gxy', '25', '91', '69');INSERT INTO `frs_person` VALUES ('4', 'perx20170407174230cFvetB', 'csjbot', 'yy', '31', '21', '60');INSERT INTO `frs_person` VALUES ('5', 'perx20170407175107jZy3Ad', 'csjbot', 'wyf', '18', '31', '100');INSERT INTO `frs_person` VALUES ('6', 'perx20170407175312VpmmKS', 'csjbot', 'xtf', '30', '97', '68');INSERT INTO `frs_person` VALUES ('7', 'perx20170407175459naXq3W', 'csjbot', '舒淇', '24', '2', '100');INSERT INTO `frs_person` VALUES ('8', 'perx20170407180625kFov9H', 'csjbot', '梦梦', '29', '67', '74');
-- ------------------------------ Table structure for pms_admin-- ----------------------------DROP TABLE IF EXISTS `pms_admin`;CREATE TABLE `pms_admin` (  `id` int(11) NOT NULL AUTO_INCREMENT COMMENT 'id',  `account` varchar(25) DEFAULT NULL COMMENT '账号',  `password` varchar(20) DEFAULT NULL COMMENT '密码',  `name` varchar(20) DEFAULT NULL COMMENT '昵称',  `role` int(2) DEFAULT NULL COMMENT '角色',  `head_name` varchar(50) DEFAULT NULL COMMENT '头像名',  `head_url` text COMMENT '头像字节流',  `status` int(2) DEFAULT NULL COMMENT '状态',  `creat_time` datetime DEFAULT NULL COMMENT '创建时间',  `uid` varchar(36) DEFAULT NULL COMMENT '绑定机器人uid',  PRIMARY KEY (`id`)) ENGINE=InnoDB DEFAULT CHARSET=utf8;
-- ------------------------------ Records of pms_admin-- ----------------------------
-- ------------------------------ Table structure for pms_admin_copy-- ----------------------------DROP TABLE IF EXISTS `pms_admin_copy`;CREATE TABLE `pms_admin_copy` (  `id` int(11) NOT NULL AUTO_INCREMENT COMMENT 'id',  `account` varchar(25) DEFAULT NULL COMMENT '账号',  `password` varchar(20) DEFAULT NULL COMMENT '密码',  `name` varchar(20) DEFAULT NULL COMMENT '昵称',  `role` int(2) DEFAULT NULL COMMENT '角色',  `head_name` varchar(50) DEFAULT NULL COMMENT '头像名',  `head_url` text COMMENT '头像字节流',  `status` int(2) DEFAULT NULL COMMENT '状态',  `creat_time` datetime DEFAULT NULL COMMENT '创建时间',  `uid` varchar(36) DEFAULT NULL COMMENT '绑定机器人uid',  PRIMARY KEY (`id`)) ENGINE=InnoDB DEFAULT CHARSET=utf8;
-- ------------------------------ Records of pms_admin_copy-- ----------------------------
-- ------------------------------ Table structure for pms_advertisement-- ----------------------------DROP TABLE IF EXISTS `pms_advertisement`;CREATE TABLE `pms_advertisement` (  `id` char(32) NOT NULL COMMENT '主键',  `name` varchar(50) NOT NULL COMMENT '广告名称',  `memo` varchar(512) DEFAULT NULL COMMENT '说明',  `type` tinyint(4) DEFAULT NULL COMMENT '类型',  `valid` tinyint(4) DEFAULT '1' COMMENT '是否有效',  `updater_fk` char(32) NOT NULL COMMENT '更新者',  `creator_fk` char(32) NOT NULL COMMENT '创建者',  `date_update` datetime NOT NULL COMMENT '更新日期',  `date_create` datetime NOT NULL COMMENT '创建日期',  PRIMARY KEY (`id`)) ENGINE=InnoDB DEFAULT CHARSET=utf8 COMMENT='广告基础表';
-- ------------------------------ Records of pms_advertisement-- ----------------------------INSERT INTO `pms_advertisement` VALUES ('NMIV9G7HDYN23I1D7YJFVXPWLX2CYNVB', 'ABCD', '', '0', '1', 'ADMINOVPUEF2VC4667UA3Y0V16SIE088', 'G7EO63PXCRQ7HA22UWL06BPNMI6P87WY', '2017-05-02 16:42:05', '2017-04-28 16:27:28');
-- ------------------------------ Table structure for pms_order_item-- ----------------------------DROP TABLE IF EXISTS `pms_order_item`;CREATE TABLE `pms_order_item` (  `order_id` varchar(50) NOT NULL,  `item_id` varchar(50) NOT NULL COMMENT '商品id',  `item_qty` int(11) NOT NULL COMMENT '商品份数，取整',  `unit_price` int(11) DEFAULT NULL COMMENT '实际结算单价，单位为分，取整数',  KEY `order_id` (`order_id`),  KEY `item_id` (`item_id`),  CONSTRAINT `pms_order_item_ibfk_2` FOREIGN KEY (`item_id`) REFERENCES `pms_product` (`id`),  CONSTRAINT `pms_order_item_ibfk_3` FOREIGN KEY (`order_id`) REFERENCES `pms_order_pay` (`order_id`)) ENGINE=InnoDB DEFAULT CHARSET=utf8 COMMENT='订单、支付状态表';
-- ------------------------------ Records of pms_order_item-- ----------------------------INSERT INTO `pms_order_item` VALUES ('1491964-4749-000-001-854', 'PDZTW1RC1UF82MDQQQ1HK0SSMCCAQRTC', '1', '1');INSERT INTO `pms_order_item` VALUES ('1491969-8410-000-001-355', 'PDZTW1RC1UF82MDQQQ1HK0SSMCCAQRTC', '1', '1');INSERT INTO `pms_order_item` VALUES ('1491977-3817-000-001-885', 'EJGA0KHUYW9CZRXSKI4XJ634YPSWW9A3', '3', '2');INSERT INTO `pms_order_item` VALUES ('1491977-3817-000-001-885', 'LJ6CE6XT7UGC3V0FSPD7OHDWODZRAHVE', '1', '2');INSERT INTO `pms_order_item` VALUES ('1491977-7586-000-001-309', 'EJGA0KHUYW9CZRXSKI4XJ634YPSWW9A3', '3', '2');INSERT INTO `pms_order_item` VALUES ('1491977-7586-000-001-309', 'LJ6CE6XT7UGC3V0FSPD7OHDWODZRAHVE', '1', '2');INSERT INTO `pms_order_item` VALUES ('1491988-9694-000-001-585', 'EJGA0KHUYW9CZRXSKI4XJ634YPSWW9A3', '3', '2');INSERT INTO `pms_order_item` VALUES ('1491988-9694-000-001-585', 'LJ6CE6XT7UGC3V0FSPD7OHDWODZRAHVE', '1', '2');INSERT INTO `pms_order_item` VALUES ('1491989-0008-000-001-607', 'PDZTW1RC1UF82MDQQQ1HK0SSMCCAQRTC', '1', '1');INSERT INTO `pms_order_item` VALUES ('1492044-2704-000-004-102', 'EJGA0KHUYW9CZRXSKI4XJ634YPSWW9A3', '3', '2');INSERT INTO `pms_order_item` VALUES ('1492044-2704-000-004-102', 'LJ6CE6XT7UGC3V0FSPD7OHDWODZRAHVE', '1', '2');INSERT INTO `pms_order_item` VALUES ('1492044-6933-000-001-663', 'EJGA0KHUYW9CZRXSKI4XJ634YPSWW9A3', '1', '2');INSERT INTO `pms_order_item` VALUES ('1492044-8282-000-003-757', 'EJGA0KHUYW9CZRXSKI4XJ634YPSWW9A3', '1', '2');INSERT INTO `pms_order_item` VALUES ('1492044-8981-000-004-330', 'EJGA0KHUYW9CZRXSKI4XJ634YPSWW9A3', '1', '2');INSERT INTO `pms_order_item` VALUES ('1492044-9690-000-005-958', 'EJGA0KHUYW9CZRXSKI4XJ634YPSWW9A3', '1', '2');INSERT INTO `pms_order_item` VALUES ('1492054-7697-000-001-240', 'EJGA0KHUYW9CZRXSKI4XJ634YPSWW9A3', '1', '2');INSERT INTO `pms_order_item` VALUES ('1492054-8898-000-002-469', 'EJGA0KHUYW9CZRXSKI4XJ634YPSWW9A3', '1', '2');INSERT INTO `pms_order_item` VALUES ('1492054-9458-000-003-356', 'EJGA0KHUYW9CZRXSKI4XJ634YPSWW9A3', '1', '2');INSERT INTO `pms_order_item` VALUES ('1492054-9926-000-001-622', 'EJGA0KHUYW9CZRXSKI4XJ634YPSWW9A3', '1', '2');INSERT INTO `pms_order_item` VALUES ('1492055-0659-000-002-612', 'EJGA0KHUYW9CZRXSKI4XJ634YPSWW9A3', '1', '2');INSERT INTO `pms_order_item` VALUES ('1492055-1302-000-001-677', 'EJGA0KHUYW9CZRXSKI4XJ634YPSWW9A3', '1', '2');INSERT INTO `pms_order_item` VALUES ('1492055-1592-000-002-933', 'EJGA0KHUYW9CZRXSKI4XJ634YPSWW9A3', '1', '2');INSERT INTO `pms_order_item` VALUES ('1492055-2853-000-003-608', 'EJGA0KHUYW9CZRXSKI4XJ634YPSWW9A3', '1', '2');INSERT INTO `pms_order_item` VALUES ('1492055-5102-000-004-783', 'EJGA0KHUYW9CZRXSKI4XJ634YPSWW9A3', '1', '2');INSERT INTO `pms_order_item` VALUES ('1492055-7278-000-005-347', 'EJGA0KHUYW9CZRXSKI4XJ634YPSWW9A3', '1', '2');INSERT INTO `pms_order_item` VALUES ('1492055-7789-000-001-516', 'EJGA0KHUYW9CZRXSKI4XJ634YPSWW9A3', '1', '2');INSERT INTO `pms_order_item` VALUES ('1492055-8074-000-002-341', 'EJGA0KHUYW9CZRXSKI4XJ634YPSWW9A3', '1', '2');INSERT INTO `pms_order_item` VALUES ('1492055-8864-000-003-404', 'EJGA0KHUYW9CZRXSKI4XJ634YPSWW9A3', '1', '2');INSERT INTO `pms_order_item` VALUES ('1492055-9948-000-004-338', 'EJGA0KHUYW9CZRXSKI4XJ634YPSWW9A3', '1', '2');INSERT INTO `pms_order_item` VALUES ('1492066-1255-000-001-821', 'EJGA0KHUYW9CZRXSKI4XJ634YPSWW9A3', '3', '2');INSERT INTO `pms_order_item` VALUES ('1492066-1255-000-001-821', 'LJ6CE6XT7UGC3V0FSPD7OHDWODZRAHVE', '1', '2');INSERT INTO `pms_order_item` VALUES ('1492067-9094-000-002-924', 'EJGA0KHUYW9CZRXSKI4XJ634YPSWW9A3', '1', '2');INSERT INTO `pms_order_item` VALUES ('1492068-0380-000-003-630', 'EJGA0KHUYW9CZRXSKI4XJ634YPSWW9A3', '1', '2');INSERT INTO `pms_order_item` VALUES ('1492068-0903-000-004-045', 'EJGA0KHUYW9CZRXSKI4XJ634YPSWW9A3', '1', '2');INSERT INTO `pms_order_item` VALUES ('1492068-1450-000-005-299', 'EJGA0KHUYW9CZRXSKI4XJ634YPSWW9A3', '1', '2');INSERT INTO `pms_order_item` VALUES ('1492068-7789-000-001-285', 'EJGA0KHUYW9CZRXSKI4XJ634YPSWW9A3', '1', '2');INSERT INTO `pms_order_item` VALUES ('1492070-3012-000-002-735', 'EJGA0KHUYW9CZRXSKI4XJ634YPSWW9A3', '1', '2');INSERT INTO `pms_order_item` VALUES ('1492075-2413-000-001-675', 'PDZTW1RC1UF82MDQQQ1HK0SSMCCAQRTC', '1', '1');INSERT INTO `pms_order_item` VALUES ('1492075-2413-000-001-675', 'RVNGW55KECUS3ITIEDFN6R00RP3Y4X19', '1', '1');INSERT INTO `pms_order_item` VALUES ('1492135-4392-000-001-131', 'RVNGW55KECUS3ITIEDFN6R00RP3Y4X19', '1', '1');INSERT INTO `pms_order_item` VALUES ('1492144-9404-000-001-476', 'RVNGW55KECUS3ITIEDFN6R00RP3Y4X19', '1', '1');INSERT INTO `pms_order_item` VALUES ('1492145-6559-000-002-836', 'RVNGW55KECUS3ITIEDFN6R00RP3Y4X19', '1', '1');INSERT INTO `pms_order_item` VALUES ('1492147-7462-000-001-808', 'RVNGW55KECUS3ITIEDFN6R00RP3Y4X19', '1', '1');INSERT INTO `pms_order_item` VALUES ('1492147-9757-000-001-706', 'RVNGW55KECUS3ITIEDFN6R00RP3Y4X19', '1', '1');INSERT INTO `pms_order_item` VALUES ('1492148-6583-000-001-549', 'RVNGW55KECUS3ITIEDFN6R00RP3Y4X19', '1', '1');INSERT INTO `pms_order_item` VALUES ('1492148-6904-000-002-844', 'RVNGW55KECUS3ITIEDFN6R00RP3Y4X19', '1', '1');INSERT INTO `pms_order_item` VALUES ('1492150-1365-000-001-906', 'RVNGW55KECUS3ITIEDFN6R00RP3Y4X19', '1', '1');INSERT INTO `pms_order_item` VALUES ('1492150-3755-000-002-069', 'RVNGW55KECUS3ITIEDFN6R00RP3Y4X19', '1', '1');INSERT INTO `pms_order_item` VALUES ('1492151-3023-000-001-437', 'RVNGW55KECUS3ITIEDFN6R00RP3Y4X19', '1', '1');INSERT INTO `pms_order_item` VALUES ('1492393-5144-000-001-077', 'RVNGW55KECUS3ITIEDFN6R00RP3Y4X19', '1', '1');INSERT INTO `pms_order_item` VALUES ('1492445-8970-000-001-006', 'PDZTW1RC1UF82MDQQQ1HK0SSMCCAQRTC', '1', '1');INSERT INTO `pms_order_item` VALUES ('1492445-8970-000-001-006', 'RVNGW55KECUS3ITIEDFN6R00RP3Y4X19', '1', '1');INSERT INTO `pms_order_item` VALUES ('1492478-0860-000-001-241', 'RVNGW55KECUS3ITIEDFN6R00RP3Y4X19', '1', '1');INSERT INTO `pms_order_item` VALUES ('1492480-5198-000-002-609', 'RVNGW55KECUS3ITIEDFN6R00RP3Y4X19', '1', '1');INSERT INTO `pms_order_item` VALUES ('1492579-1541-000-001-280', 'RVNGW55KECUS3ITIEDFN6R00RP3Y4X19', '1', '1');INSERT INTO `pms_order_item` VALUES ('1492579-6623-000-002-145', 'RVNGW55KECUS3ITIEDFN6R00RP3Y4X19', '1', '1');INSERT INTO `pms_order_item` VALUES ('1492579-9689-000-003-580', 'RVNGW55KECUS3ITIEDFN6R00RP3Y4X19', '1', '1');INSERT INTO `pms_order_item` VALUES ('1492580-2989-000-004-960', 'RVNGW55KECUS3ITIEDFN6R00RP3Y4X19', '1', '1');INSERT INTO `pms_order_item` VALUES ('1492580-4939-000-005-341', 'RVNGW55KECUS3ITIEDFN6R00RP3Y4X19', '1', '1');INSERT INTO `pms_order_item` VALUES ('1492580-8355-000-006-886', 'RVNGW55KECUS3ITIEDFN6R00RP3Y4X19', '1', '1');INSERT INTO `pms_order_item` VALUES ('1493182-7668-000-001-891', 'RVNGW55KECUS3ITIEDFN6R00RP3Y4X19', '1', '1');INSERT INTO `pms_order_item` VALUES ('1493345-6872-000-001-008', 'K703LQ725I9UR001DPOT1S8OSDQLG99J', '4', '4');INSERT INTO `pms_order_item` VALUES ('1493345-6885-000-002-967', 'K703LQ725I9UR001DPOT1S8OSDQLG99J', '4', '4');INSERT INTO `pms_order_item` VALUES ('1493356-3989-000-003-126', 'EJGA0KHUYW9CZRXSKI4XJ634YPSWW9A3', '6', '2');INSERT INTO `pms_order_item` VALUES ('1493356-4904-000-004-495', 'EJGA0KHUYW9CZRXSKI4XJ634YPSWW9A3', '6', '2');
-- ------------------------------ Table structure for pms_order_pay-- ----------------------------DROP TABLE IF EXISTS `pms_order_pay`;CREATE TABLE `pms_order_pay` (  `create_time` timestamp NULL DEFAULT NULL COMMENT '数据库记录产生时间',  `update_time` timestamp NULL DEFAULT NULL ON UPDATE CURRENT_TIMESTAMP COMMENT '数据库记录更新时间',  `order_id` varchar(50) NOT NULL COMMENT '后台生成的正式订单流水号，全局唯一',  `order_time` timestamp NULL DEFAULT NULL COMMENT '设备端顾客下单时间',  `order_pseudo_no` varchar(50) DEFAULT NULL COMMENT '设备端自建的非正式订单号',  `order_device_id` varchar(50) NOT NULL COMMENT '下单请求的来源设备id、在各自group中唯一',  `order_device_group` varchar(20) NOT NULL COMMENT '下单请求的来源设备所属类别或型号',  `order_total_fee` int(11) DEFAULT NULL COMMENT '订单总金额，单位为分，取整',  `order_status` varchar(20) NOT NULL COMMENT '下单状态',  `order_err_code` varchar(20) DEFAULT NULL COMMENT '下单错误代码',  `order_err_desc` varchar(50) DEFAULT NULL COMMENT '下单错误描述',  `pay_service` varchar(20) NOT NULL COMMENT '提供支付服务的三方名称',  `pay_status` varchar(20) NOT NULL COMMENT '支付状态',  `pay_err_code` varchar(20) DEFAULT NULL COMMENT '支付错误代码',  `pay_err_desc` varchar(50) DEFAULT NULL COMMENT '支付错误描述',  `sync_time` timestamp NULL DEFAULT NULL COMMENT '上次向三方查询、同步信息的时间',  `is_closed` tinyint(1) NOT NULL DEFAULT '0' COMMENT '订单是否处理完成：0-未处理完成 1-已处理完成已关闭',  `close_time` timestamp NULL DEFAULT NULL COMMENT '后台下单支付记录的关闭时间',  `remark` varchar(200) DEFAULT NULL,  PRIMARY KEY (`order_id`),  UNIQUE KEY `order_id` (`order_id`)) ENGINE=InnoDB DEFAULT CHARSET=utf8 COMMENT='订单、支付状态表';
-- ------------------------------ Records of pms_order_pay-- ----------------------------INSERT INTO `pms_order_pay` VALUES ('2017-04-12 10:04:57', '2017-04-12 10:04:57', '1491962-6553-000-001-758', '2017-04-07 10:49:42', '20170407104937-1', '722E720FB6EF4e3eBCB3F86FEEEDC0FE', 'yingbin', '888888800', 'ACCEPT', null, null, 'weixin', 'PRE', null, null, null, '0', null, null);INSERT INTO `pms_order_pay` VALUES ('2017-04-12 10:16:42', '2017-04-12 10:16:42', '1491963-3536-000-001-771', '2017-04-07 10:49:42', '20170407104937-1', '722E720FB6EF4e3eBCB3F86FEEEDC0FE', 'yingbin', '888888800', 'ACCEPT', null, null, 'weixin', 'PRE', null, null, null, '0', null, null);INSERT INTO `pms_order_pay` VALUES ('2017-04-12 10:27:25', '2017-04-12 10:27:25', '1491964-0030-000-001-985', '2017-04-07 10:49:42', '20170407104937-1', '722E720FB6EF4e3eBCB3F86FEEEDC0FE', 'yingbin', '1', 'ACCEPT', null, null, 'weixin', 'PRE', null, null, null, '0', null, null);INSERT INTO `pms_order_pay` VALUES ('2017-04-12 10:34:40', '2017-04-12 10:35:19', '1491964-4749-000-001-854', '2017-04-07 10:49:42', '20170407104937-1', '722E720FB6EF4e3eBCB3F86FEEEDC0FE', 'yingbin', '1', 'SUCCESS', null, null, 'weixin', 'WAIT', null, null, null, '0', null, null);INSERT INTO `pms_order_pay` VALUES ('2017-04-12 12:04:01', '2017-04-12 12:04:45', '1491969-8410-000-001-355', '2017-04-07 10:49:42', '20170407104937-1', '722E720FB6EF4e3eBCB3F86FEEEDC0FE', 'yingbin', '1', 'SUCCESS', null, null, 'weixin', 'WAIT', null, null, null, '0', null, null);INSERT INTO `pms_order_pay` VALUES ('2017-04-12 14:09:41', '2017-04-12 14:09:41', '1491977-3817-000-001-885', '2017-02-24 10:51:41', '174544', 'asdasd', 'yingbin', null, 'wait', null, null, 'alipay', 'doing', null, null, null, '0', null, null);INSERT INTO `pms_order_pay` VALUES ('2017-04-12 14:15:58', '2017-04-12 14:15:58', '1491977-7586-000-001-309', '2017-02-24 10:51:41', '174544', 'asdasd', 'yingbin', null, 'wait', null, null, 'alipay', 'doing', null, null, null, '0', null, null);INSERT INTO `pms_order_pay` VALUES ('2017-04-12 17:03:39', '2017-04-12 17:03:39', '1491987-7916-000-001-565', '2017-04-07 10:49:42', '20170407104937-1', '722E720FB6EF4e3eBCB3F86FEEEDC0FE', 'yingbin', '0', 'ACCEPT', null, null, 'weixin', 'PRE', null, null, null, '0', null, null);INSERT INTO `pms_order_pay` VALUES ('2017-04-12 17:16:55', '2017-04-12 17:16:55', '1491988-5964-000-002-325', '2017-04-07 10:49:42', '20170407104937-1', '722E720FB6EF4e3eBCB3F86FEEEDC0FE', 'yingbin', '0', 'ACCEPT', null, null, 'weixin', 'PRE', null, null, null, '0', null, null);INSERT INTO `pms_order_pay` VALUES ('2017-04-12 17:18:24', '2017-04-12 17:18:24', '1491988-6703-000-001-218', '2017-04-07 10:49:42', '20170407104937-1', '722E720FB6EF4e3eBCB3F86FEEEDC0FE', 'yingbin', '0', 'ACCEPT', null, null, 'weixin', 'PRE', null, null, null, '0', null, null);INSERT INTO `pms_order_pay` VALUES ('2017-04-12 17:21:18', '2017-04-12 17:21:18', '1491988-8535-000-001-036', '2017-04-07 10:49:42', '20170407104937-1', '722E720FB6EF4e3eBCB3F86FEEEDC0FE', 'yingbin', '0', 'ACCEPT', null, null, 'weixin', 'PRE', null, null, null, '0', null, null);INSERT INTO `pms_order_pay` VALUES ('2017-04-12 17:22:49', '2017-04-12 17:22:49', '1491988-9694-000-001-585', '2017-02-24 10:51:41', '174544', 'asdasd', 'yingbin', null, 'wait', null, null, 'alipay', 'doing', null, null, null, '0', null, null);INSERT INTO `pms_order_pay` VALUES ('2017-04-12 17:23:38', '2017-04-12 17:29:45', '1491989-0008-000-001-607', '2017-04-07 10:49:42', '20170407104937-1', '722E720FB6EF4e3eBCB3F86FEEEDC0FE', 'yingbin', '1', 'SUCCESS', null, null, 'weixin', 'SUCCESS', null, null, null, '0', '2017-04-12 17:26:30', null);INSERT INTO `pms_order_pay` VALUES ('2017-04-13 08:44:30', '2017-04-13 08:44:30', '1492044-2704-000-004-102', '2017-02-24 10:51:41', '174544', 'asdasd', 'yingbin', null, 'wait', null, null, 'alipay', 'doing', null, null, null, '0', null, null);INSERT INTO `pms_order_pay` VALUES ('2017-04-13 08:51:33', '2017-04-13 08:51:33', '1492044-6933-000-001-663', '2017-04-13 08:43:46', '20170413084247-1', '13AB8CC1DE4B4beb84434431D0C107FB', 'yingbin', null, 'wait', null, null, 'alipay', 'doing', null, null, null, '0', null, null);INSERT INTO `pms_order_pay` VALUES ('2017-04-13 08:53:48', '2017-04-13 08:53:48', '1492044-8282-000-003-757', '2017-04-13 08:53:47', '20170413085336-1', '02C684041B794a2cBCBF3D994D29F844', 'yingbin', null, 'wait', null, null, 'alipay', 'doing', null, null, null, '0', null, null);INSERT INTO `pms_order_pay` VALUES ('2017-04-13 08:54:58', '2017-04-13 08:54:58', '1492044-8981-000-004-330', '2017-04-13 08:54:57', '20170413085453-1', '04AA0922E12444368CC8307B606A72CF', 'yingbin', null, 'wait', null, null, 'alipay', 'doing', null, null, null, '0', null, null);INSERT INTO `pms_order_pay` VALUES ('2017-04-13 08:56:09', '2017-04-13 08:56:09', '1492044-9690-000-005-958', '2017-04-13 08:56:08', '20170413085604-1', '7B5DAD0276E6445d8DA172C77B76CA77', 'yingbin', null, 'wait', null, null, 'alipay', 'doing', null, null, null, '0', null, null);INSERT INTO `pms_order_pay` VALUES ('2017-04-13 11:39:29', '2017-04-13 11:39:29', '1492054-7697-000-001-240', '2017-04-13 11:39:29', '20170413113918-1', '177D147D017749ad9E8FC93BFEC139E4', 'yingbin', null, 'wait', null, null, 'alipay', 'doing', null, null, null, '0', null, null);INSERT INTO `pms_order_pay` VALUES ('2017-04-13 11:41:29', '2017-04-13 11:41:29', '1492054-8898-000-002-469', '2017-04-13 11:41:29', '20170413114128-1', '0715C4EF0C3046149CC8B4459CF0C40D', 'yingbin', null, 'wait', null, null, 'alipay', 'doing', null, null, null, '0', null, null);INSERT INTO `pms_order_pay` VALUES ('2017-04-13 11:42:25', '2017-04-13 11:42:25', '1492054-9458-000-003-356', '2017-04-13 11:42:25', '20170413114222-1', '96838DDD2EFA4b989272A2E3D2D91524', 'yingbin', null, 'wait', null, null, 'alipay', 'doing', null, null, null, '0', null, null);INSERT INTO `pms_order_pay` VALUES ('2017-04-13 11:43:12', '2017-04-13 11:43:12', '1492054-9926-000-001-622', '2017-04-13 11:43:12', '20170413114307-1', 'DB254E1008C94bccB2892F9A36975768', 'yingbin', null, 'wait', null, null, 'alipay', 'doing', null, null, null, '0', null, null);INSERT INTO `pms_order_pay` VALUES ('2017-04-13 11:44:25', '2017-04-13 11:44:25', '1492055-0659-000-002-612', '2017-04-13 11:44:25', '20170413114419-1', '2F44B09BBCDC481dB00AC7BC29FA0F81', 'yingbin', null, 'wait', null, null, 'alipay', 'doing', null, null, null, '0', null, null);INSERT INTO `pms_order_pay` VALUES ('2017-04-13 11:45:30', '2017-04-13 11:45:30', '1492055-1302-000-001-677', '2017-04-13 11:45:29', '20170413114524-1', 'F63267458CFA475e9C5ED8EED852EC04', 'yingbin', null, 'wait', null, null, 'alipay', 'doing', null, null, null, '0', null, null);INSERT INTO `pms_order_pay` VALUES ('2017-04-13 11:45:59', '2017-04-13 11:45:59', '1492055-1592-000-002-933', '2017-04-13 11:45:58', '20170413114557-1', '3DC8CA469779493d825544AC91AE86AD', 'yingbin', null, 'wait', null, null, 'alipay', 'doing', null, null, null, '0', null, null);INSERT INTO `pms_order_pay` VALUES ('2017-04-13 11:48:05', '2017-04-13 11:48:05', '1492055-2853-000-003-608', '2017-04-13 11:48:04', '20170413114754-1', '1AA15CCEC3C84cf0A66A4B14340A2971', 'yingbin', null, 'wait', null, null, 'alipay', 'doing', null, null, null, '0', null, null);INSERT INTO `pms_order_pay` VALUES ('2017-04-13 11:51:50', '2017-04-13 11:51:50', '1492055-5102-000-004-783', '2017-04-13 11:51:49', '20170413115147-1', '228A3D17BD2F4cbb9510A86A79DADBD2', 'yingbin', null, 'wait', null, null, 'alipay', 'doing', null, null, null, '0', null, null);INSERT INTO `pms_order_pay` VALUES ('2017-04-13 11:55:27', '2017-04-13 11:55:27', '1492055-7278-000-005-347', '2017-04-13 11:55:27', '20170413115524-1', '9100FEC3B7E64b2781BBF92E27B75801', 'yingbin', null, 'wait', null, null, 'alipay', 'doing', null, null, null, '0', null, null);INSERT INTO `pms_order_pay` VALUES ('2017-04-13 11:56:18', '2017-04-13 11:56:18', '1492055-7789-000-001-516', '2017-04-13 11:56:18', '20170413115612-1', '52B69F1711D64567B6C053523FAD7981', 'yingbin', null, 'wait', null, null, 'alipay', 'doing', null, null, null, '0', null, null);INSERT INTO `pms_order_pay` VALUES ('2017-04-13 11:56:47', '2017-04-13 11:56:47', '1492055-8074-000-002-341', '2017-04-13 11:56:47', '20170413115646-1', 'B041333025AC4c60BEC31ADAA9CC980C', 'yingbin', null, 'wait', null, null, 'alipay', 'doing', null, null, null, '0', null, null);INSERT INTO `pms_order_pay` VALUES ('2017-04-13 11:58:06', '2017-04-13 11:58:06', '1492055-8864-000-003-404', '2017-04-13 11:58:06', '20170413115805-1', 'B0AC1BA545A049a3B0F07BA56129DCF6', 'yingbin', null, 'wait', null, null, 'alipay', 'doing', null, null, null, '0', null, null);INSERT INTO `pms_order_pay` VALUES ('2017-04-13 11:59:54', '2017-04-13 11:59:54', '1492055-9948-000-004-338', '2017-04-13 11:59:54', '20170413115951-1', 'C066F5F72A404263BAA9099755F12FF5', 'yingbin', null, 'wait', null, null, 'alipay', 'doing', null, null, null, '0', null, null);INSERT INTO `pms_order_pay` VALUES ('2017-04-13 14:48:45', '2017-04-13 14:48:45', '1492066-1255-000-001-821', '2017-02-24 10:51:41', '174544', 'asdasd', 'yingbin', null, 'wait', null, null, 'alipay', 'doing', null, null, null, '0', null, null);INSERT INTO `pms_order_pay` VALUES ('2017-04-13 15:18:29', '2017-04-13 15:18:29', '1492067-9094-000-002-924', '2017-04-13 15:18:28', '20170413151824-1', '4DE26140CC0545abBB00F0E97D0F981B', 'yingbin', null, 'wait', null, null, 'alipay', 'doing', null, null, null, '0', null, null);INSERT INTO `pms_order_pay` VALUES ('2017-04-13 15:20:38', '2017-04-13 15:20:38', '1492068-0380-000-003-630', '2017-04-13 15:18:28', '20170413151824-1', '4DE26140CC0545abBB00F0E97D0F981B', 'yingbin', null, 'wait', null, null, 'alipay', 'doing', null, null, null, '0', null, null);INSERT INTO `pms_order_pay` VALUES ('2017-04-13 15:21:30', '2017-04-13 15:21:30', '1492068-0903-000-004-045', '2017-04-13 15:21:29', '20170413152126-1', '4F6A10DE56D24aadA347B0B7EFBB8FDA', 'yingbin', null, 'wait', null, null, 'alipay', 'doing', null, null, null, '0', null, null);INSERT INTO `pms_order_pay` VALUES ('2017-04-13 15:22:25', '2017-04-13 15:22:25', '1492068-1450-000-005-299', '2017-04-13 15:22:24', '20170413152220-1', '05A1A1C4C66C4e8fA107031BCC9C19B4', 'yingbin', null, 'wait', null, null, 'alipay', 'doing', null, null, null, '0', null, null);INSERT INTO `pms_order_pay` VALUES ('2017-04-13 15:32:58', '2017-04-13 15:32:58', '1492068-7789-000-001-285', '2017-04-13 15:32:57', '20170413153254-1', 'F3B47BD375F4405dBB9AEA8AABF74052', 'yingbin', null, 'wait', null, null, 'alipay', 'doing', null, null, null, '0', null, null);INSERT INTO `pms_order_pay` VALUES ('2017-04-13 15:58:21', '2017-04-13 15:58:21', '1492070-3012-000-002-735', '2017-04-13 15:18:28', '20170413151824-1', '4DE26140CC0545abBB00F0E97D0F981B', 'yingbin', null, 'wait', null, null, 'alipay', 'doing', null, null, null, '0', null, null);INSERT INTO `pms_order_pay` VALUES ('2017-04-13 17:21:03', '2017-04-13 18:30:23', '1492075-2413-000-001-675', '2017-04-05 17:51:41', '201704051745-12', 'testROBOabcdefg', 'yingbin', '2', 'SUCCESS', null, null, 'weixin', 'EXPIRE', null, null, null, '0', '2017-04-13 18:30:10', null);INSERT INTO `pms_order_pay` VALUES ('2017-04-14 10:04:06', '2017-04-14 12:41:00', '1492135-4392-000-001-131', '2017-04-05 17:51:41', '201704051745-12', 'testROBOabcdefg', 'yingbin', '1', 'SUCCESS', null, null, 'weixin', 'EXPIRE', null, null, null, '1', '2017-04-14 12:40:57', null);INSERT INTO `pms_order_pay` VALUES ('2017-04-14 12:42:37', '2017-04-14 13:17:05', '1492144-9404-000-001-476', '2017-04-14 12:51:41', '201704141251-03', 'testROBOabcdefg', 'yingbin', '1', 'SUCCESS', null, null, 'weixin', 'EXPIRE', null, null, null, '1', '2017-04-14 13:17:05', null);INSERT INTO `pms_order_pay` VALUES ('2017-04-14 12:54:17', '2017-04-14 13:20:28', '1492145-6559-000-002-836', '2017-04-14 12:54:41', '201704141251-04', 'testROBOabcdefg', 'yingbin', '1', 'SUCCESS', null, null, 'weixin', 'CLOSE', null, null, null, '1', '2017-04-14 13:20:26', null);INSERT INTO `pms_order_pay` VALUES ('2017-04-14 13:29:06', '2017-04-14 13:31:12', '1492147-7462-000-001-808', '2017-04-14 12:54:41', '201704141251-05', 'testROBOabcdefg', 'yingbin', '1', 'SUCCESS', null, null, 'weixin', 'CLOSE', null, null, null, '1', '2017-04-14 13:31:11', null);INSERT INTO `pms_order_pay` VALUES ('2017-04-14 13:32:56', '2017-04-14 13:40:47', '1492147-9757-000-001-706', '2017-04-14 12:54:41', '201704141251-06', 'testROBOabcdefg', 'yingbin', '1', 'SUCCESS', null, null, 'weixin', 'SUCCESS', null, null, null, '1', '2017-04-14 13:40:46', null);INSERT INTO `pms_order_pay` VALUES ('2017-04-14 13:44:19', '2017-04-14 16:34:59', '1492148-6583-000-001-549', '2017-04-14 12:54:41', '201704141251-07', 'testROBOabcdefg', 'yingbin', '1', 'SUCCESS', null, null, 'weixin', 'EXPIRE', null, null, null, '1', '2017-04-14 16:34:59', 'null\n2017-04-14T16:34:59.264+08:00[Asia/Shanghai]] update pay_status to EXPIRE by query');INSERT INTO `pms_order_pay` VALUES ('2017-04-14 13:44:51', '2017-04-14 13:47:13', '1492148-6904-000-002-844', '2017-04-14 12:54:41', '201704141251-08', 'testROBOabcdefg', 'yingbin', '1', 'SUCCESS', null, null, 'weixin', 'SUCCESS', null, null, null, '1', '2017-04-14 13:47:11', null);INSERT INTO `pms_order_pay` VALUES ('2017-04-14 14:08:56', '2017-04-14 14:22:46', '1492150-1365-000-001-906', '2017-04-14 12:54:41', '201704141251-09', 'testROBOabcdefg', 'yingbin', '1', 'SUCCESS', null, null, 'weixin', 'CLOSE', null, null, null, '1', '2017-04-14 14:22:46', 'OK');INSERT INTO `pms_order_pay` VALUES ('2017-04-14 14:12:55', '2017-04-14 14:13:23', '1492150-3755-000-002-069', '2017-04-14 12:54:41', '201704141251-10', 'testROBOabcdefg', 'yingbin', '1', 'SUCCESS', null, null, 'weixin', 'SUCCESS', null, null, null, '1', '2017-04-14 14:13:23', null);INSERT INTO `pms_order_pay` VALUES ('2017-04-14 14:28:22', '2017-04-14 17:41:18', '1492151-3023-000-001-437', '2017-04-14 12:54:41', '201704141251-11', 'testROBOabcdefg', 'yingbin', '1', 'SUCCESS', null, null, 'weixin', 'CLOSE', null, null, null, '1', '2017-04-14 17:41:18', 'OK');INSERT INTO `pms_order_pay` VALUES ('2017-04-17 09:45:15', '2017-04-17 09:45:16', '1492393-5144-000-001-077', '2017-04-05 17:51:41', '201704051745-01', 'testROBOabcdefg', 'yingbin', '1', 'SUCCESS', null, null, 'weixin', 'WAIT', null, null, null, '0', null, null);INSERT INTO `pms_order_pay` VALUES ('2017-04-18 00:18:17', '2017-04-18 00:18:17', '1492445-8970-000-001-006', '2017-04-05 17:51:41', '201704051745-10', 'testROBOabcdefg', 'yingbin', '2', 'SUCCESS', null, null, 'weixin', 'WAIT', null, null, null, '0', null, null);INSERT INTO `pms_order_pay` VALUES ('2017-04-18 09:14:46', '2017-04-18 09:14:46', '1492478-0860-000-001-241', '2017-04-05 17:51:41', '201704051745-21', 'testROBOabcdefg', 'yingbin', '1', 'SUCCESS', null, null, 'weixin', 'WAIT', null, null, null, '0', null, null);INSERT INTO `pms_order_pay` VALUES ('2017-04-18 09:55:19', '2017-04-18 09:55:20', '1492480-5198-000-002-609', '2017-04-05 17:51:41', '201704051745-22', 'testROBOabcdefg', 'yingbin', '1', 'SUCCESS', null, null, 'weixin', 'WAIT', null, null, null, '0', null, null);INSERT INTO `pms_order_pay` VALUES ('2017-04-19 13:19:18', '2017-04-19 13:39:42', '1492579-1541-000-001-280', '2017-04-05 17:51:41', '201704051745-31', 'testROBOabcdefg', 'yingbin', '1', 'SUCCESS', null, null, 'weixin', 'EXPIRE', null, null, null, '1', '2017-04-19 13:39:38', 'null\n2017-04-19T13:39:37.887+08:00[Asia/Shanghai]] update pay_status to EXPIRE by query');INSERT INTO `pms_order_pay` VALUES ('2017-04-19 13:27:45', '2017-04-19 13:37:41', '1492579-6623-000-002-145', '2017-04-05 17:51:41', '201704051745-32', 'testROBOabcdefg', 'yingbin', '1', 'SUCCESS', null, null, 'weixin', 'CLOSE', null, null, null, '1', '2017-04-19 13:37:39', 'close by client');INSERT INTO `pms_order_pay` VALUES ('2017-04-19 13:32:50', '2017-04-19 13:48:54', '1492579-9689-000-003-580', '2017-04-05 17:51:41', '201704051745-33', 'testROBOabcdefg', 'yingbin', '1', 'SUCCESS', null, null, 'weixin', 'EXPIRE', null, null, null, '1', '2017-04-19 13:48:53', 'expire EXPIRE by query');INSERT INTO `pms_order_pay` VALUES ('2017-04-19 13:38:20', '2017-04-19 13:53:17', '1492580-2989-000-004-960', '2017-04-05 17:51:41', '201704051745-34', 'testROBOabcdefg', 'yingbin', '1', 'SUCCESS', null, null, 'weixin', 'SUCCESS', null, null, null, '1', '2017-04-19 13:53:14', 'expire SUCCESS by query');INSERT INTO `pms_order_pay` VALUES ('2017-04-19 13:41:35', '2017-04-19 13:54:52', '1492580-4939-000-005-341', '2017-04-05 17:51:41', '201704051745-35', 'testROBOabcdefg', 'yingbin', '1', 'SUCCESS', null, null, 'weixin', 'SUCCESS', null, null, null, '1', '2017-04-19 13:54:31', 'expire SUCCESS by query');INSERT INTO `pms_order_pay` VALUES ('2017-04-19 13:47:17', '2017-04-19 13:54:43', '1492580-8355-000-006-886', '2017-04-05 17:51:41', '201704051745-36', 'testROBOabcdefg', 'yingbin', '1', 'SUCCESS', null, null, 'weixin', 'SUCCESS', null, null, null, '1', '2017-04-19 13:54:42', 'expire SUCCESS by query');INSERT INTO `pms_order_pay` VALUES ('2017-04-26 12:59:27', '2017-04-26 13:18:35', '1493182-7668-000-001-891', '2017-04-14 12:54:41', '201704141255-11', 'testROBOabcdefg', 'yingbin', '1', 'SUCCESS', null, null, 'weixin', 'EXPIRE', null, null, '2017-04-26 13:18:35', '1', '2017-04-26 13:18:36', 'EXPIRE by query');INSERT INTO `pms_order_pay` VALUES ('2017-04-28 10:14:47', '2017-04-28 10:14:47', '1493345-6872-000-001-008', '2017-04-28 10:14:41', '20170428101120-1', '92EE77DD0BB04ecaA2C9420533405E24', 'yingbin', null, 'success', null, null, 'alipay', 'wait', null, null, null, '0', null, null);INSERT INTO `pms_order_pay` VALUES ('2017-04-28 10:14:48', '2017-04-28 10:33:34', '1493345-6885-000-002-967', '2017-04-28 10:14:42', '20170428101120-2', '92EE77DD0BB04ecaA2C9420533405E24', 'yingbin', '16', 'SUCCESS', null, null, 'weixin', 'EXPIRE', null, null, '2017-04-28 10:33:34', '1', '2017-04-28 10:33:34', 'EXPIRE by query');INSERT INTO `pms_order_pay` VALUES ('2017-04-28 13:13:18', '2017-04-28 13:13:18', '1493356-3989-000-003-126', '2017-04-28 13:13:12', '20170428131246-1', '91444071B1B2417e910BC71DB9FDCFB2', 'yingbin', null, 'success', null, null, 'alipay', 'wait', null, null, null, '0', null, null);INSERT INTO `pms_order_pay` VALUES ('2017-04-28 13:14:50', '2017-04-28 13:33:34', '1493356-4904-000-004-495', '2017-04-28 13:13:18', '20170428131246-2', '91444071B1B2417e910BC71DB9FDCFB2', 'yingbin', '12', 'SUCCESS', null, null, 'weixin', 'EXPIRE', null, null, '2017-04-28 13:33:34', '1', '2017-04-28 13:33:34', 'EXPIRE by query');
-- ------------------------------ Table structure for pms_order_pay_http_log-- ----------------------------DROP TABLE IF EXISTS `pms_order_pay_http_log`;CREATE TABLE `pms_order_pay_http_log` (  `create_time` timestamp NOT NULL DEFAULT CURRENT_TIMESTAMP COMMENT '数据库记录产生时间',  `id` varchar(50) NOT NULL COMMENT '订单号或退款单号',  `operation` varchar(20) DEFAULT NULL COMMENT '服务、操作名称',  `is_request` tinyint(1) DEFAULT NULL COMMENT '区分请求还是回复',  `path` varchar(200) DEFAULT NULL COMMENT 'http请求路径',  `body` text COMMENT 'http消息体') ENGINE=InnoDB DEFAULT CHARSET=utf8 COMMENT='下单、支付相关http详细日志表';
-- ------------------------------ Records of pms_order_pay_http_log-- ----------------------------INSERT INTO `pms_order_pay_http_log` VALUES ('2017-04-12 10:34:47', '1491964-4749-000-001-854', 'NEW_ORDER', '1', '/pay/wx/qr', '{\r\n    \"data\": {\r\n        \"orderDesc\": \"ZHY-001\",\r\n        \"orderList\": [\r\n            {\r\n                \"objectId\": \"PDZTW1RC1UF82MDQQQ1HK0SSMCCAQRTC\",\r\n                \"qty\": 1,\r\n                \"state\": \"REGULAR\"\r\n            }\r\n        ],\r\n        \"orderPseudoNo\": \"20170407104937-1\",\r\n        \"orderTime\": \"2017-04-07T10:49:42+08:00\",\r\n        \"robotModel\": \"yingbin\",\r\n        \"robotUid\": \"722E720FB6EF4e3eBCB3F86FEEEDC0FE\",\r\n        \"venderCode\": \"ZHY\",\r\n        \"venderUser\": \"gxy\"\r\n    },\r\n    \"id\": \"201704071049420002C18024CB4B94dfc8AB0A64817A59075\"\r\n}\r\n');INSERT INTO `pms_order_pay_http_log` VALUES ('2017-04-12 10:34:48', '1491964-4749-000-001-854', 'NEW_PAY', '1', 'https://api.mch.weixin.qq.com/pay/unifiedorder', '<xml><appid>wxfec1f26a067221ae</appid><attach>20170407104937-1</attach><body>ZHY-001</body><mch_id>1236388002</mch_id><nonce_str>PYS846CMX97P5M3RWWWAD3F57DY0ZN5P</nonce_str><notify_url>http://120.27.233.57:9090/api/pay/wx/callback</notify_url><out_trade_no>1491964-4749-000-001-854</out_trade_no><product_id>19644749000001854201704071049371</product_id><sign>E1DCE339310785FAB39E3195DF8298CB</sign><spbill_create_ip>120.27.233.57</spbill_create_ip><total_fee>1</total_fee><trade_type>NATIVE</trade_type></xml>');INSERT INTO `pms_order_pay_http_log` VALUES ('2017-04-12 12:04:05', '1491969-8410-000-001-355', 'NEW_ORDER', '1', '/pay/wx/qr', '{\r\n    \"data\": {\r\n        \"orderDesc\": \"ZHY-001\",\r\n        \"orderList\": [\r\n            {\r\n                \"objectId\": \"PDZTW1RC1UF82MDQQQ1HK0SSMCCAQRTC\",\r\n                \"qty\": 1,\r\n                \"state\": \"REGULAR\"\r\n            }\r\n        ],\r\n        \"orderPseudoNo\": \"20170407104937-1\",\r\n        \"orderTime\": \"2017-04-07T10:49:42+08:00\",\r\n        \"robotModel\": \"yingbin\",\r\n        \"robotUid\": \"722E720FB6EF4e3eBCB3F86FEEEDC0FE\",\r\n        \"venderCode\": \"ZHY\",\r\n        \"venderUser\": \"gxy\"\r\n    },\r\n    \"id\": \"201704071049420002C18024CB4B94dfc8AB0A64817A59075\"\r\n}\r\n');INSERT INTO `pms_order_pay_http_log` VALUES ('2017-04-12 12:04:05', '1491969-8410-000-001-355', 'NEW_PAY', '1', 'https://api.mch.weixin.qq.com/pay/unifiedorder', '<xml><appid>wxfec1f26a067221ae</appid><attach>20170407104937-1</attach><body>ZHY-001</body><mch_id>1236388002</mch_id><nonce_str>PSTPEOAYQO04A790CSOH0V6FAQ1NWA7S</nonce_str><notify_url>http://120.27.233.57:9090/api/pay/wx/callback</notify_url><out_trade_no>1491969-8410-000-001-355</out_trade_no><product_id>19698410000001355201704071049371</product_id><sign>8CC9E0E414485AF2EACAE12B48A7338C</sign><spbill_create_ip>120.27.233.57</spbill_create_ip><total_fee>1</total_fee><trade_type>NATIVE</trade_type></xml>');INSERT INTO `pms_order_pay_http_log` VALUES ('2017-04-12 17:23:40', '1491989-0008-000-001-607', 'NEW_ORDER', '1', '/pay/wx/qr', '{\r\n    \"data\": {\r\n        \"orderDesc\": \"ZHY-001\",\r\n        \"orderList\": [\r\n            {\r\n                \"itemId\": \"PDZTW1RC1UF82MDQQQ1HK0SSMCCAQRTC\",\r\n                \"itemQty\": 1,\r\n                \"state\": \"REGULAR\"\r\n            }\r\n        ],\r\n        \"orderPseudoNo\": \"20170407104937-1\",\r\n        \"orderTime\": \"2017-04-07T10:49:42+08:00\",\r\n        \"payMethod\":\"NATIVE\",\r\n        \"robotModel\": \"yingbin\",\r\n        \"robotUid\": \"722E720FB6EF4e3eBCB3F86FEEEDC0FE\",\r\n        \"venderCode\": \"ZHY\",\r\n        \"venderUser\": \"gxy\"\r\n    },\r\n    \"id\": \"201704071049420002C18024CB4B94dfc8AB0A64817A59075\"\r\n}\r\n');INSERT INTO `pms_order_pay_http_log` VALUES ('2017-04-12 17:23:41', '1491989-0008-000-001-607', 'NEW_PAY', '1', 'https://api.mch.weixin.qq.com/pay/unifiedorder', '<xml><appid>wxfec1f26a067221ae</appid><attach>20170407104937-1</attach><body>ZHY-001</body><mch_id>1236388002</mch_id><nonce_str>1MEXN29Q2ZY81OK0BN6Q0Q2ASIAII6HZ</nonce_str><notify_url>http://120.27.233.57:9090/api/pay/wx/callback</notify_url><out_trade_no>1491989-0008-000-001-607</out_trade_no><product_id>19890008000001607201704071049371</product_id><sign>FE121108EEBC9D874AFD2B49523A2FE9</sign><spbill_create_ip>120.27.233.57</spbill_create_ip><time_expire>20170412175336</time_expire><time_start>20170412172336</time_start><total_fee>1</total_fee><trade_type>NATIVE</trade_type></xml>');INSERT INTO `pms_order_pay_http_log` VALUES ('2017-04-12 17:29:04', '1491989-0008-000-001-607', 'NOTIFY_PAY_RESULT', '1', '/wx/pay/callback', '<xml><appid><![CDATA[wxfec1f26a067221ae]]></appid>\n<attach><![CDATA[20170407104937-1]]></attach>\n<bank_type><![CDATA[CFT]]></bank_type>\n<cash_fee><![CDATA[1]]></cash_fee>\n<fee_type><![CDATA[CNY]]></fee_type>\n<is_subscribe><![CDATA[N]]></is_subscribe>\n<mch_id><![CDATA[1236388002]]></mch_id>\n<nonce_str><![CDATA[1MEXN29Q2ZY81OK0BN6Q0Q2ASIAII6HZ]]></nonce_str>\n<openid><![CDATA[o-WsVt5A1Mfr-wcIa9Hv-I_bTD1A]]></openid>\n<out_trade_no><![CDATA[1491989-0008-000-001-607]]></out_trade_no>\n<result_code><![CDATA[SUCCESS]]></result_code>\n<return_code><![CDATA[SUCCESS]]></return_code>\n<sign><![CDATA[BA4EFA280E0ADBA0C1651C13925C28C6]]></sign>\n<time_end><![CDATA[20170412172630]]></time_end>\n<total_fee>1</total_fee>\n<trade_type><![CDATA[NATIVE]]></trade_type>\n<transaction_id><![CDATA[4000702001201704126755771429]]></transaction_id>\n</xml>');INSERT INTO `pms_order_pay_http_log` VALUES ('2017-04-13 17:21:21', '1492075-2413-000-001-675', 'NEW_ORDER', '1', '/pay/wx/qr', '{\r\n  \"id\": \"1490854436923-ROBOabcdefg-jl3HDd\",\r\n  \"orderPseudoNo\": \"201704051745-12\",\r\n  \"orderTime\": \"2017-04-05T17:51:41+08:00\",\r\n  \"orderDesc\": \"周黑鸭张浦店-食品\",\r\n  \"orderList\": [\r\n    {\r\n      \"itemId\": \"PDZTW1RC1UF82MDQQQ1HK0SSMCCAQRTC\",\r\n      \"itemQty\": 1\r\n    },\r\n    {\r\n      \"itemId\": \"RVNGW55KECUS3ITIEDFN6R00RP3Y4X19\",\r\n      \"itemQty\": 1\r\n    }\r\n  ],\r\n  \"payMethod\": \"NATIVE\",\r\n  \"robotUid\": \"testROBOabcdefg\",\r\n  \"robotModel\": \"yingbin\",\r\n  \"venderCode\": \"ZHY\",\r\n  \"venderUser\": \"12345678901\"\r\n}');INSERT INTO `pms_order_pay_http_log` VALUES ('2017-04-13 17:21:23', '1492075-2413-000-001-675', 'NEW_PAY', '1', 'https://api.mch.weixin.qq.com/pay/unifiedorder', '<xml><appid>wxfec1f26a067221ae</appid><attach>201704051745-12</attach><body>周黑鸭张浦店-食品</body><mch_id>1236388002</mch_id><nonce_str>8Q1F08Z2JACAGBE2HDAS9J2Q467W79C0</nonce_str><notify_url>http://120.27.233.57:9090/api/pay/wx/callback</notify_url><out_trade_no>1492075-2413-000-001-675</out_trade_no><product_id>92075241300000167520170405174512</product_id><sign>1F209BEA4BF5CAEE1B66C92DA9F26E5E</sign><spbill_create_ip>120.27.233.57</spbill_create_ip><time_expire>20170413175044</time_expire><time_start>20170413172044</time_start><total_fee>2</total_fee><trade_type>NATIVE</trade_type></xml>');INSERT INTO `pms_order_pay_http_log` VALUES ('2017-04-13 17:24:09', '1492075-2413-000-001-675', 'QUERY_PAY', '1', 'https://api.mch.weixin.qq.com/pay/orderquery', '<xml><appid>wxfec1f26a067221ae</appid><mch_id>1236388002</mch_id><nonce_str>ZOAXCLZA77O85J6EO9411KPPY1QW165N</nonce_str><sign>F11169CA9F6862D50220B7042E60B909</sign><transaction_id/></xml>');INSERT INTO `pms_order_pay_http_log` VALUES ('2017-04-13 17:24:09', '1492075-2413-000-001-675', 'QUERY_PAY', '0', 'https://api.mch.weixin.qq.com/pay/orderquery', '<xml><return_code><![CDATA[FAIL]]></return_code>\n<return_msg><![CDATA[out_trade_no and transaction_id is empty]]></return_msg>\n</xml>');INSERT INTO `pms_order_pay_http_log` VALUES ('2017-04-13 17:28:17', '1492075-2413-000-001-675', 'QUERY_PAY', '1', 'https://api.mch.weixin.qq.com/pay/orderquery', '<xml><appid>wxfec1f26a067221ae</appid><mch_id>1236388002</mch_id><nonce_str>2WZIZM70QJJYNY4T4UQ8YN0VCYAFW4VY</nonce_str><sign>4F198F158F69488805C803ABF8F0056D</sign><transaction_id/></xml>');INSERT INTO `pms_order_pay_http_log` VALUES ('2017-04-13 17:28:17', '1492075-2413-000-001-675', 'QUERY_PAY', '0', 'https://api.mch.weixin.qq.com/pay/orderquery', '<xml><return_code><![CDATA[FAIL]]></return_code>\n<return_msg><![CDATA[out_trade_no and transaction_id is empty]]></return_msg>\n</xml>');INSERT INTO `pms_order_pay_http_log` VALUES ('2017-04-13 17:29:36', '1492075-2413-000-001-675', 'QUERY_PAY', '1', 'https://api.mch.weixin.qq.com/pay/orderquery', '<xml><appid>wxfec1f26a067221ae</appid><mch_id>1236388002</mch_id><nonce_str>TXW3W8TRFWO42MRQASMA08V17265DBS9</nonce_str><sign>D95D18120640915BF92829C2C3755823</sign><transaction_id/></xml>');INSERT INTO `pms_order_pay_http_log` VALUES ('2017-04-13 17:29:36', '1492075-2413-000-001-675', 'QUERY_PAY', '0', 'https://api.mch.weixin.qq.com/pay/orderquery', '<xml><return_code><![CDATA[FAIL]]></return_code>\n<return_msg><![CDATA[out_trade_no and transaction_id is empty]]></return_msg>\n</xml>');INSERT INTO `pms_order_pay_http_log` VALUES ('2017-04-13 18:00:19', '1492075-2413-000-001-675', 'QUERY_PAY', '1', 'https://api.mch.weixin.qq.com/pay/orderquery', '<xml><appid>wxfec1f26a067221ae</appid><mch_id>1236388002</mch_id><nonce_str>XZ9N0BQ61KFO25G2J42532QUTAQGIO5E</nonce_str><out_trade_no>1492075-2413-000-001-675</out_trade_no><sign>AC759DED06357B0A46784F2B1A4D2764</sign></xml>');INSERT INTO `pms_order_pay_http_log` VALUES ('2017-04-13 18:00:27', '1492075-2413-000-001-675', 'QUERY_PAY', '0', 'https://api.mch.weixin.qq.com/pay/orderquery', '<xml><return_code><![CDATA[SUCCESS]]></return_code>\n<return_msg><![CDATA[OK]]></return_msg>\n<appid><![CDATA[wxfec1f26a067221ae]]></appid>\n<mch_id><![CDATA[1236388002]]></mch_id>\n<nonce_str><![CDATA[6YseCgt8hgVJUqdM]]></nonce_str>\n<sign><![CDATA[CB8B8DE92849C1D87A54BC0C90315D58]]></sign>\n<result_code><![CDATA[SUCCESS]]></result_code>\n<out_trade_no><![CDATA[1492075-2413-000-001-675]]></out_trade_no>\n<trade_state><![CDATA[NOTPAY]]></trade_state>\n<trade_state_desc><![CDATA[订单未支付]]></trade_state_desc>\n</xml>');INSERT INTO `pms_order_pay_http_log` VALUES ('2017-04-13 18:14:03', '1492075-2413-000-001-675', 'QUERY_PAY', '1', 'https://api.mch.weixin.qq.com/pay/orderquery', '<xml><appid>wxfec1f26a067221ae</appid><mch_id>1236388002</mch_id><nonce_str>1HZWHXJJJ0E1800MBL5Q2J8LZFOOBT1V</nonce_str><out_trade_no>1492075-2413-000-001-675</out_trade_no><sign>C9119838C2CF34D86C2BD4948E670B69</sign></xml>');INSERT INTO `pms_order_pay_http_log` VALUES ('2017-04-13 18:14:03', '1492075-2413-000-001-675', 'QUERY_PAY', '0', 'https://api.mch.weixin.qq.com/pay/orderquery', '<xml><return_code><![CDATA[SUCCESS]]></return_code>\n<return_msg><![CDATA[OK]]></return_msg>\n<appid><![CDATA[wxfec1f26a067221ae]]></appid>\n<mch_id><![CDATA[1236388002]]></mch_id>\n<nonce_str><![CDATA[uXgFY32YvHXSXXxl]]></nonce_str>\n<sign><![CDATA[1E7F5587AC4D388ABBC765A57F6EBC7B]]></sign>\n<result_code><![CDATA[SUCCESS]]></result_code>\n<out_trade_no><![CDATA[1492075-2413-000-001-675]]></out_trade_no>\n<trade_state><![CDATA[NOTPAY]]></trade_state>\n<trade_state_desc><![CDATA[订单未支付]]></trade_state_desc>\n</xml>');INSERT INTO `pms_order_pay_http_log` VALUES ('2017-04-13 18:30:02', '1492075-2413-000-001-675', 'QUERY_PAY', '1', 'https://api.mch.weixin.qq.com/pay/orderquery', '<xml><appid>wxfec1f26a067221ae</appid><mch_id>1236388002</mch_id><nonce_str>VSIBF9QDDMFT0POMN44TR9PENHW54IHW</nonce_str><out_trade_no>1492075-2413-000-001-675</out_trade_no><sign>B0A4DDE6E93016ADBD625CA635522480</sign></xml>');INSERT INTO `pms_order_pay_http_log` VALUES ('2017-04-13 18:30:05', '1492075-2413-000-001-675', 'QUERY_PAY', '0', 'https://api.mch.weixin.qq.com/pay/orderquery', '<xml><return_code><![CDATA[SUCCESS]]></return_code>\n<return_msg><![CDATA[OK]]></return_msg>\n<appid><![CDATA[wxfec1f26a067221ae]]></appid>\n<mch_id><![CDATA[1236388002]]></mch_id>\n<nonce_str><![CDATA[g7Xbng6BaHWNMLIA]]></nonce_str>\n<sign><![CDATA[2EA8EA34DA28E558C566FF0CE1B6272A]]></sign>\n<result_code><![CDATA[SUCCESS]]></result_code>\n<out_trade_no><![CDATA[1492075-2413-000-001-675]]></out_trade_no>\n<trade_state><![CDATA[NOTPAY]]></trade_state>\n<trade_state_desc><![CDATA[订单未支付]]></trade_state_desc>\n</xml>');INSERT INTO `pms_order_pay_http_log` VALUES ('2017-04-14 10:04:08', '1492135-4392-000-001-131', 'NEW_ORDER', '1', '/pay/wx/qr', '{\r\n  \"id\": \"1490854436923-ROBOabcdefg-jl3HDd\",\r\n  \"orderPseudoNo\": \"201704051745-12\",\r\n  \"orderTime\": \"2017-04-05T17:51:41+08:00\",\r\n  \"orderDesc\": \"周黑鸭张浦店-食品\",\r\n  \"orderList\": [\r\n    {\r\n      \"itemId\": \"RVNGW55KECUS3ITIEDFN6R00RP3Y4X19\",\r\n      \"itemQty\": 1\r\n    }\r\n  ],\r\n  \"payMethod\": \"NATIVE\",\r\n  \"robotUid\": \"testROBOabcdefg\",\r\n  \"robotModel\": \"yingbin\",\r\n  \"venderCode\": \"ZHY\",\r\n  \"venderUser\": \"12345678901\"\r\n}');INSERT INTO `pms_order_pay_http_log` VALUES ('2017-04-14 10:04:10', '1492135-4392-000-001-131', 'NEW_PAY', '1', 'https://api.mch.weixin.qq.com/pay/unifiedorder', '<xml><appid>wxfec1f26a067221ae</appid><attach>201704051745-12</attach><body>周黑鸭张浦店-食品</body><mch_id>1236388002</mch_id><nonce_str>YABZDTFWE2OA3ZZNK15WBY48L2K1X4D0</nonce_str><notify_url>http://120.27.233.57:9090/api/pay/wx/callback</notify_url><out_trade_no>1492135-4392-000-001-131</out_trade_no><product_id>92135439200000113120170405174512</product_id><sign>9AF327F5A1BBF08D87E0576EE7F8D8E5</sign><spbill_create_ip>120.27.233.57</spbill_create_ip><time_expire>20170414103359</time_expire><time_start>20170414100359</time_start><total_fee>1</total_fee><trade_type>NATIVE</trade_type></xml>');INSERT INTO `pms_order_pay_http_log` VALUES ('2017-04-14 10:08:27', '1492135-4392-000-001-131', 'CLOSE_ORDER', '1', '/pay/wx/close', '{\n  \"id\": \"1490854731362-ROBOabcdefg-jSklih\",\n  \"orderId\": \"1492135-4392-000-001-131\",\n  \"robotUid\": \"testROBOabcdefg\",\n  \"robotModel\":\"yingbin\"\n}');INSERT INTO `pms_order_pay_http_log` VALUES ('2017-04-14 10:08:29', '1492135-4392-000-001-131', 'CLOSE_PAY', '1', 'https://api.mch.weixin.qq.com/pay/closeorder', '<xml><appid>wxfec1f26a067221ae</appid><mch_id>1236388002</mch_id><nonce_str>RYRROBSBT0VY9NZQXNZX19F8DZRKYE08</nonce_str><out_trade_no>1492135-4392-000-001-131</out_trade_no><sign>542937DB5406D5FEB028600FDC7B1CA5</sign></xml>');INSERT INTO `pms_order_pay_http_log` VALUES ('2017-04-14 10:10:08', '1492135-4392-000-001-131', 'CLOSE_ORDER', '1', '/pay/wx/close', '{\n  \"id\": \"1490854731362-ROBOabcdefg-jSklih\",\n  \"orderId\": \"1492135-4392-000-001-131\",\n  \"robotUid\": \"testROBOabcdefg\",\n  \"robotModel\":\"yingbin\"\n}');INSERT INTO `pms_order_pay_http_log` VALUES ('2017-04-14 10:10:08', '1492135-4392-000-001-131', 'CLOSE_PAY', '1', 'https://api.mch.weixin.qq.com/pay/closeorder', '<xml><appid>wxfec1f26a067221ae</appid><mch_id>1236388002</mch_id><nonce_str>XUTJ9BTLUYVNWNV90KXS2ZP5C94F8RUB</nonce_str><out_trade_no>1492135-4392-000-001-131</out_trade_no><sign>5FE32834E6CCF35460DAB79F73C1356D</sign></xml>');INSERT INTO `pms_order_pay_http_log` VALUES ('2017-04-14 10:12:50', '1492135-4392-000-001-131', 'CLOSE_ORDER', '1', '/pay/wx/close', '{\n  \"id\": \"1490854731362-ROBOabcdefg-jSklih\",\n  \"orderId\": \"1492135-4392-000-001-131\",\n  \"robotUid\": \"testROBOabcdefg\",\n  \"robotModel\":\"yingbin\"\n}');INSERT INTO `pms_order_pay_http_log` VALUES ('2017-04-14 10:12:50', '1492135-4392-000-001-131', 'CLOSE_PAY', '1', 'https://api.mch.weixin.qq.com/pay/closeorder', '<xml><appid>wxfec1f26a067221ae</appid><mch_id>1236388002</mch_id><nonce_str>5XHZEH5X0WLLFTQU2JKULDJ99N0L6X69</nonce_str><out_trade_no>1492135-4392-000-001-131</out_trade_no><sign>D29C9C662416548B57D050C30E5F016B</sign></xml>');INSERT INTO `pms_order_pay_http_log` VALUES ('2017-04-14 11:40:04', '1492135-4392-000-001-131', 'QUERY_PAY', '1', 'https://api.mch.weixin.qq.com/pay/orderquery', '<xml><appid>wxfec1f26a067221ae</appid><mch_id>1236388002</mch_id><nonce_str>TSQQX5P02G2QKLGW1Q1BULRLTKF0AHYY</nonce_str><out_trade_no>1492135-4392-000-001-131</out_trade_no><sign>46DE9B2B826434D6A49F778383679D40</sign></xml>');INSERT INTO `pms_order_pay_http_log` VALUES ('2017-04-14 11:40:15', '1492135-4392-000-001-131', 'QUERY_PAY', '0', 'https://api.mch.weixin.qq.com/pay/orderquery', '<xml><return_code><![CDATA[SUCCESS]]></return_code>\n<return_msg><![CDATA[OK]]></return_msg>\n<appid><![CDATA[wxfec1f26a067221ae]]></appid>\n<mch_id><![CDATA[1236388002]]></mch_id>\n<nonce_str><![CDATA[Ft8cUQnzZb9TbSmW]]></nonce_str>\n<sign><![CDATA[13BA64F0C5419D77430014AB603BBF87]]></sign>\n<result_code><![CDATA[SUCCESS]]></result_code>\n<out_trade_no><![CDATA[1492135-4392-000-001-131]]></out_trade_no>\n<trade_state><![CDATA[NOTPAY]]></trade_state>\n<trade_state_desc><![CDATA[订单未支付]]></trade_state_desc>\n</xml>');INSERT INTO `pms_order_pay_http_log` VALUES ('2017-04-14 12:40:39', '1492135-4392-000-001-131', 'QUERY_PAY', '1', 'https://api.mch.weixin.qq.com/pay/orderquery', '<xml><appid>wxfec1f26a067221ae</appid><mch_id>1236388002</mch_id><nonce_str>HDXC2MNTLP2NH5N8FH0ZXFDTQH385069</nonce_str><out_trade_no>1492135-4392-000-001-131</out_trade_no><sign>29946855A85414F3E2A9E6F10B45191D</sign></xml>');INSERT INTO `pms_order_pay_http_log` VALUES ('2017-04-14 12:40:45', '1492135-4392-000-001-131', 'QUERY_PAY', '0', 'https://api.mch.weixin.qq.com/pay/orderquery', '<xml><return_code><![CDATA[SUCCESS]]></return_code>\n<return_msg><![CDATA[OK]]></return_msg>\n<appid><![CDATA[wxfec1f26a067221ae]]></appid>\n<mch_id><![CDATA[1236388002]]></mch_id>\n<nonce_str><![CDATA[u65XbDl7nsvMMq56]]></nonce_str>\n<sign><![CDATA[F55F7742E8E3DFD3F6A15F9EA4CB3BB0]]></sign>\n<result_code><![CDATA[SUCCESS]]></result_code>\n<out_trade_no><![CDATA[1492135-4392-000-001-131]]></out_trade_no>\n<trade_state><![CDATA[NOTPAY]]></trade_state>\n<trade_state_desc><![CDATA[订单未支付]]></trade_state_desc>\n</xml>');INSERT INTO `pms_order_pay_http_log` VALUES ('2017-04-14 12:42:39', '1492144-9404-000-001-476', 'NEW_ORDER', '1', '/pay/wx/order', '{\r\n  \"id\": \"1490854436923-ROBOabcdefg-jl3HDd\",\r\n  \"orderPseudoNo\": \"201704141251-03\",\r\n  \"orderTime\": \"2017-04-14T12:51:41+08:00\",\r\n  \"orderDesc\": \"周黑鸭张浦店-食品\",\r\n  \"orderList\": [\r\n    {\r\n      \"itemId\": \"RVNGW55KECUS3ITIEDFN6R00RP3Y4X19\",\r\n      \"itemQty\": 1\r\n    }\r\n  ],\r\n  \"payMethod\": \"NATIVE\",\r\n  \"robotUid\": \"testROBOabcdefg\",\r\n  \"robotModel\": \"yingbin\",\r\n  \"venderCode\": \"ZHY\",\r\n  \"venderUser\": \"12345678901\"\r\n}');INSERT INTO `pms_order_pay_http_log` VALUES ('2017-04-14 12:42:40', '1492144-9404-000-001-476', 'NEW_PAY', '1', 'https://api.mch.weixin.qq.com/pay/unifiedorder', '<xml><appid>wxfec1f26a067221ae</appid><attach>201704141251-03</attach><body>周黑鸭张浦店-食品</body><mch_id>1236388002</mch_id><nonce_str>MEEP9IJV7JO0JCH0NC0ZVZ6ZA704QIX0</nonce_str><notify_url>http://120.27.233.57:9090/api/pay/wx/callback</notify_url><out_trade_no>1492144-9404-000-001-476</out_trade_no><product_id>92144940400000147620170414125103</product_id><sign>F58A79FF47F4ED4515DC7CDA8A1E7B7B</sign><spbill_create_ip>120.27.233.57</spbill_create_ip><time_expire>20170414131220</time_expire><time_start>20170414124220</time_start><total_fee>1</total_fee><trade_type>NATIVE</trade_type></xml>');INSERT INTO `pms_order_pay_http_log` VALUES ('2017-04-14 12:51:00', '1492144-9404-000-001-476', 'QUERY_PAY', '1', 'https://api.mch.weixin.qq.com/pay/orderquery', '<xml><appid>wxfec1f26a067221ae</appid><mch_id>1236388002</mch_id><nonce_str>TTJ1QB2C80Z6S43GIBU5UGIFMHF3RJC2</nonce_str><out_trade_no>1492144-9404-000-001-476</out_trade_no><sign>7675D93D83D2E89E42BCC1FBD49E7ECA</sign></xml>');INSERT INTO `pms_order_pay_http_log` VALUES ('2017-04-14 12:51:26', '1492144-9404-000-001-476', 'QUERY_PAY', '1', 'https://api.mch.weixin.qq.com/pay/orderquery', '<xml><appid>wxfec1f26a067221ae</appid><mch_id>1236388002</mch_id><nonce_str>WPT5JEQAAYOVIE461AJDJT2OA2GHYHEX</nonce_str><out_trade_no>1492144-9404-000-001-476</out_trade_no><sign>E9C90E8EED41E4DA13D99EF9146EE164</sign></xml>');INSERT INTO `pms_order_pay_http_log` VALUES ('2017-04-14 12:51:28', '1492144-9404-000-001-476', 'QUERY_PAY', '0', 'https://api.mch.weixin.qq.com/pay/orderquery', '<xml><return_code><![CDATA[SUCCESS]]></return_code>\n<return_msg><![CDATA[OK]]></return_msg>\n<appid><![CDATA[wxfec1f26a067221ae]]></appid>\n<mch_id><![CDATA[1236388002]]></mch_id>\n<nonce_str><![CDATA[LNLHx2dEi9matdqk]]></nonce_str>\n<sign><![CDATA[FAAA716AF89992764AFC09CDA838D24B]]></sign>\n<result_code><![CDATA[SUCCESS]]></result_code>\n<out_trade_no><![CDATA[1492144-9404-000-001-476]]></out_trade_no>\n<trade_state><![CDATA[NOTPAY]]></trade_state>\n<trade_state_desc><![CDATA[订单未支付]]></trade_state_desc>\n</xml>');INSERT INTO `pms_order_pay_http_log` VALUES ('2017-04-14 12:51:35', '1492144-9404-000-001-476', 'QUERY_PAY', '0', 'https://api.mch.weixin.qq.com/pay/orderquery', '<xml><return_code><![CDATA[SUCCESS]]></return_code>\n<return_msg><![CDATA[OK]]></return_msg>\n<appid><![CDATA[wxfec1f26a067221ae]]></appid>\n<mch_id><![CDATA[1236388002]]></mch_id>\n<nonce_str><![CDATA[QYxnTpbuWq7tdoCM]]></nonce_str>\n<sign><![CDATA[188B59AFC8316431F4643B5D46F3FF86]]></sign>\n<result_code><![CDATA[SUCCESS]]></result_code>\n<out_trade_no><![CDATA[1492144-9404-000-001-476]]></out_trade_no>\n<trade_state><![CDATA[NOTPAY]]></trade_state>\n<trade_state_desc><![CDATA[订单未支付]]></trade_state_desc>\n</xml>');INSERT INTO `pms_order_pay_http_log` VALUES ('2017-04-14 12:54:17', '1492145-6559-000-002-836', 'NEW_ORDER', '1', '/pay/wx/order', '{\r\n  \"id\": \"1490854436923-ROBOabcdefg-jl3HDd\",\r\n  \"orderPseudoNo\": \"201704141251-04\",\r\n  \"orderTime\": \"2017-04-14T12:54:41+08:00\",\r\n  \"orderDesc\": \"周黑鸭张浦店-食品\",\r\n  \"orderList\": [\r\n    {\r\n      \"itemId\": \"RVNGW55KECUS3ITIEDFN6R00RP3Y4X19\",\r\n      \"itemQty\": 1\r\n    }\r\n  ],\r\n  \"payMethod\": \"NATIVE\",\r\n  \"robotUid\": \"testROBOabcdefg\",\r\n  \"robotModel\": \"yingbin\",\r\n  \"venderCode\": \"ZHY\",\r\n  \"venderUser\": \"12345678901\"\r\n}');INSERT INTO `pms_order_pay_http_log` VALUES ('2017-04-14 12:54:17', '1492145-6559-000-002-836', 'NEW_PAY', '1', 'https://api.mch.weixin.qq.com/pay/unifiedorder', '<xml><appid>wxfec1f26a067221ae</appid><attach>201704141251-04</attach><body>周黑鸭张浦店-食品</body><mch_id>1236388002</mch_id><nonce_str>7HN17WQBV92U2DUV5QCM57PM5DHQYC5Q</nonce_str><notify_url>http://120.27.233.57:9090/api/pay/wx/callback</notify_url><out_trade_no>1492145-6559-000-002-836</out_trade_no><product_id>92145655900000283620170414125104</product_id><sign>DD1AFA2E82F181F688C4CA2057E80F1D</sign><spbill_create_ip>120.27.233.57</spbill_create_ip><time_expire>20170414132415</time_expire><time_start>20170414125415</time_start><total_fee>1</total_fee><trade_type>NATIVE</trade_type></xml>');INSERT INTO `pms_order_pay_http_log` VALUES ('2017-04-14 12:57:53', '1492145-6559-000-002-836', 'CLOSE_ORDER', '1', '/pay/wx/close', '{\n  \"id\": \"1490854731362-ROBOabcdefg-jSklih\",\n  \"orderId\": \"1492145-6559-000-002-836\",\n  \"robotUid\": \"testROBOabcdefg\",\n  \"robotModel\":\"yingbin\"\n}');INSERT INTO `pms_order_pay_http_log` VALUES ('2017-04-14 12:57:54', '1492145-6559-000-002-836', 'CLOSE_PAY', '1', 'https://api.mch.weixin.qq.com/pay/closeorder', '<xml><appid>wxfec1f26a067221ae</appid><mch_id>1236388002</mch_id><nonce_str>20RDOB1XEB4D560MB3M56U4DVDRQF4NH</nonce_str><out_trade_no>1492145-6559-000-002-836</out_trade_no><sign>141FF1AAACC5FB05DA9013ED59533179</sign></xml>');INSERT INTO `pms_order_pay_http_log` VALUES ('2017-04-14 12:58:56', '1492145-6559-000-002-836', 'CLOSE_ORDER', '1', '/pay/wx/close', '{\n  \"id\": \"1490854731362-ROBOabcdefg-jSklih\",\n  \"orderId\": \"1492145-6559-000-002-836\",\n  \"robotUid\": \"testROBOabcdefg\",\n  \"robotModel\":\"yingbin\"\n}');INSERT INTO `pms_order_pay_http_log` VALUES ('2017-04-14 12:58:57', '1492145-6559-000-002-836', 'CLOSE_PAY', '1', 'https://api.mch.weixin.qq.com/pay/closeorder', '<xml><appid>wxfec1f26a067221ae</appid><mch_id>1236388002</mch_id><nonce_str>TQYYV2UTRVLUXCGTXOMPXAA1NHMCI4O6</nonce_str><out_trade_no>1492145-6559-000-002-836</out_trade_no><sign>CD8560452CAC394C63669B9F69CDB7EB</sign></xml>');INSERT INTO `pms_order_pay_http_log` VALUES ('2017-04-14 13:17:03', '1492144-9404-000-001-476', 'QUERY_PAY', '1', 'https://api.mch.weixin.qq.com/pay/orderquery', '<xml><appid>wxfec1f26a067221ae</appid><mch_id>1236388002</mch_id><nonce_str>0KNDRRG77T1L1N87K6U0MDXO2ZWV8UDS</nonce_str><out_trade_no>1492144-9404-000-001-476</out_trade_no><sign>59BEED3A9E1BA866F0A1BCE19788CA42</sign></xml>');INSERT INTO `pms_order_pay_http_log` VALUES ('2017-04-14 13:17:04', '1492144-9404-000-001-476', 'QUERY_PAY', '0', 'https://api.mch.weixin.qq.com/pay/orderquery', '<xml><return_code><![CDATA[SUCCESS]]></return_code>\n<return_msg><![CDATA[OK]]></return_msg>\n<appid><![CDATA[wxfec1f26a067221ae]]></appid>\n<mch_id><![CDATA[1236388002]]></mch_id>\n<nonce_str><![CDATA[lHIfKCSKVJLJQeJA]]></nonce_str>\n<sign><![CDATA[5467C15F3BAE5CEB14CCAE4269D91133]]></sign>\n<result_code><![CDATA[SUCCESS]]></result_code>\n<out_trade_no><![CDATA[1492144-9404-000-001-476]]></out_trade_no>\n<trade_state><![CDATA[NOTPAY]]></trade_state>\n<trade_state_desc><![CDATA[订单未支付]]></trade_state_desc>\n</xml>');INSERT INTO `pms_order_pay_http_log` VALUES ('2017-04-14 13:20:12', '1492145-6559-000-002-836', 'QUERY_PAY', '1', 'https://api.mch.weixin.qq.com/pay/orderquery', '<xml><appid>wxfec1f26a067221ae</appid><mch_id>1236388002</mch_id><nonce_str>21OFHEVLSZDQW7NSJ2ZJR6X43P41YQ48</nonce_str><out_trade_no>1492145-6559-000-002-836</out_trade_no><sign>3681D8431977948B8FA09AD006722E96</sign></xml>');INSERT INTO `pms_order_pay_http_log` VALUES ('2017-04-14 13:20:16', '1492145-6559-000-002-836', 'QUERY_PAY', '0', 'https://api.mch.weixin.qq.com/pay/orderquery', '<xml><return_code><![CDATA[SUCCESS]]></return_code>\n<return_msg><![CDATA[OK]]></return_msg>\n<appid><![CDATA[wxfec1f26a067221ae]]></appid>\n<mch_id><![CDATA[1236388002]]></mch_id>\n<nonce_str><![CDATA[9Wpw5nArhCmYQ80Z]]></nonce_str>\n<sign><![CDATA[D08CD85E1D4B8A2E577B5E6932D85F77]]></sign>\n<result_code><![CDATA[SUCCESS]]></result_code>\n<out_trade_no><![CDATA[1492145-6559-000-002-836]]></out_trade_no>\n<trade_state><![CDATA[CLOSED]]></trade_state>\n<trade_state_desc><![CDATA[订单已关闭]]></trade_state_desc>\n</xml>');INSERT INTO `pms_order_pay_http_log` VALUES ('2017-04-14 13:29:07', '1492147-7462-000-001-808', 'NEW_ORDER', '1', '/pay/wx/order', '{\r\n  \"id\": \"1490854436923-ROBOabcdefg-jl3HDd\",\r\n  \"orderPseudoNo\": \"201704141251-05\",\r\n  \"orderTime\": \"2017-04-14T12:54:41+08:00\",\r\n  \"orderDesc\": \"周黑鸭张浦店-食品\",\r\n  \"orderList\": [\r\n    {\r\n      \"itemId\": \"RVNGW55KECUS3ITIEDFN6R00RP3Y4X19\",\r\n      \"itemQty\": 1\r\n    }\r\n  ],\r\n  \"payMethod\": \"NATIVE\",\r\n  \"robotUid\": \"testROBOabcdefg\",\r\n  \"robotModel\": \"yingbin\",\r\n  \"venderCode\": \"ZHY\",\r\n  \"venderUser\": \"12345678901\"\r\n}');INSERT INTO `pms_order_pay_http_log` VALUES ('2017-04-14 13:29:07', '1492147-7462-000-001-808', 'NEW_PAY', '1', 'https://api.mch.weixin.qq.com/pay/unifiedorder', '<xml><appid>wxfec1f26a067221ae</appid><attach>201704141251-05</attach><body>周黑鸭张浦店-食品</body><mch_id>1236388002</mch_id><nonce_str>HACWTHD48PUL5M6SYTIW5SRG47XF6VLO</nonce_str><notify_url>http://120.27.233.57:9090/api/pay/wx/callback</notify_url><out_trade_no>1492147-7462-000-001-808</out_trade_no><product_id>92147746200000180820170414125105</product_id><sign>F1B30F95252F38611C215FAA2F3B8E3B</sign><spbill_create_ip>120.27.233.57</spbill_create_ip><time_expire>20170414135906</time_expire><time_start>20170414132906</time_start><total_fee>1</total_fee><trade_type>NATIVE</trade_type></xml>');INSERT INTO `pms_order_pay_http_log` VALUES ('2017-04-14 13:31:11', '1492147-7462-000-001-808', 'CLOSE_ORDER', '1', '/pay/wx/close', '{\n  \"id\": \"1490854731362-ROBOabcdefg-jSklih\",\n  \"orderId\": \"1492147-7462-000-001-808\",\n  \"robotUid\": \"testROBOabcdefg\",\n  \"robotModel\":\"yingbin\"\n}');INSERT INTO `pms_order_pay_http_log` VALUES ('2017-04-14 13:31:11', '1492147-7462-000-001-808', 'CLOSE_PAY', '1', 'https://api.mch.weixin.qq.com/pay/closeorder', '<xml><appid>wxfec1f26a067221ae</appid><mch_id>1236388002</mch_id><nonce_str>VYPZHGESY4PZP8Q4NO0R5TSZ3PIZUDYZ</nonce_str><out_trade_no>1492147-7462-000-001-808</out_trade_no><sign>D0E8C52BE5D1D17ACC08C06DD2183280</sign></xml>');INSERT INTO `pms_order_pay_http_log` VALUES ('2017-04-14 13:32:56', '1492147-9757-000-001-706', 'NEW_ORDER', '1', '/pay/wx/order', '{\r\n  \"id\": \"1490854436923-ROBOabcdefg-jl3HDd\",\r\n  \"orderPseudoNo\": \"201704141251-06\",\r\n  \"orderTime\": \"2017-04-14T12:54:41+08:00\",\r\n  \"orderDesc\": \"周黑鸭张浦店-食品\",\r\n  \"orderList\": [\r\n    {\r\n      \"itemId\": \"RVNGW55KECUS3ITIEDFN6R00RP3Y4X19\",\r\n      \"itemQty\": 1\r\n    }\r\n  ],\r\n  \"payMethod\": \"NATIVE\",\r\n  \"robotUid\": \"testROBOabcdefg\",\r\n  \"robotModel\": \"yingbin\",\r\n  \"venderCode\": \"ZHY\",\r\n  \"venderUser\": \"12345678901\"\r\n}');INSERT INTO `pms_order_pay_http_log` VALUES ('2017-04-14 13:32:56', '1492147-9757-000-001-706', 'NEW_PAY', '1', 'https://api.mch.weixin.qq.com/pay/unifiedorder', '<xml><appid>wxfec1f26a067221ae</appid><attach>201704141251-06</attach><body>周黑鸭张浦店-食品</body><mch_id>1236388002</mch_id><nonce_str>7L251FPZ78GHAFEBHADPLCVUFX7XW9JF</nonce_str><notify_url>http://120.27.233.57:9090/api/pay/wx/callback</notify_url><out_trade_no>1492147-9757-000-001-706</out_trade_no><product_id>92147975700000170620170414125106</product_id><sign>545200CC494F05DCF0B877AF13FCC65C</sign><spbill_create_ip>120.27.233.57</spbill_create_ip><time_expire>20170414140255</time_expire><time_start>20170414133255</time_start><total_fee>1</total_fee><trade_type>NATIVE</trade_type></xml>');INSERT INTO `pms_order_pay_http_log` VALUES ('2017-04-14 13:40:32', '1492147-9757-000-001-706', 'QUERY_PAY', '1', 'https://api.mch.weixin.qq.com/pay/orderquery', '<xml><appid>wxfec1f26a067221ae</appid><mch_id>1236388002</mch_id><nonce_str>WYA7Z67EZ08B5YGWNK9B7MCHSHY3XY76</nonce_str><out_trade_no>1492147-9757-000-001-706</out_trade_no><sign>71E51681CA4DAB5136B4DC5CFF143FD8</sign></xml>');INSERT INTO `pms_order_pay_http_log` VALUES ('2017-04-14 13:40:35', '1492147-9757-000-001-706', 'QUERY_PAY', '0', 'https://api.mch.weixin.qq.com/pay/orderquery', '<xml><return_code><![CDATA[SUCCESS]]></return_code>\n<return_msg><![CDATA[OK]]></return_msg>\n<appid><![CDATA[wxfec1f26a067221ae]]></appid>\n<mch_id><![CDATA[1236388002]]></mch_id>\n<nonce_str><![CDATA[JOF1DWlGUNuKEv0u]]></nonce_str>\n<sign><![CDATA[CC49DB6020E96EFF2AC0E80437700796]]></sign>\n<result_code><![CDATA[SUCCESS]]></result_code>\n<openid><![CDATA[o-WsVt5A1Mfr-wcIa9Hv-I_bTD1A]]></openid>\n<is_subscribe><![CDATA[N]]></is_subscribe>\n<trade_type><![CDATA[NATIVE]]></trade_type>\n<bank_type><![CDATA[CFT]]></bank_type>\n<total_fee>1</total_fee>\n<fee_type><![CDATA[CNY]]></fee_type>\n<transaction_id><![CDATA[4000702001201704146954198168]]></transaction_id>\n<out_trade_no><![CDATA[1492147-9757-000-001-706]]></out_trade_no>\n<attach><![CDATA[201704141251-06]]></attach>\n<time_end><![CDATA[20170414133943]]></time_end>\n<trade_state><![CDATA[SUCCESS]]></trade_state>\n<cash_fee>1</cash_fee>\n</xml>');INSERT INTO `pms_order_pay_http_log` VALUES ('2017-04-14 13:44:19', '1492148-6583-000-001-549', 'NEW_ORDER', '1', '/pay/wx/order', '{\r\n  \"id\": \"1490854436923-ROBOabcdefg-jl3HDd\",\r\n  \"orderPseudoNo\": \"201704141251-07\",\r\n  \"orderTime\": \"2017-04-14T12:54:41+08:00\",\r\n  \"orderDesc\": \"周黑鸭张浦店-食品\",\r\n  \"orderList\": [\r\n    {\r\n      \"itemId\": \"RVNGW55KECUS3ITIEDFN6R00RP3Y4X19\",\r\n      \"itemQty\": 1\r\n    }\r\n  ],\r\n  \"payMethod\": \"NATIVE\",\r\n  \"robotUid\": \"testROBOabcdefg\",\r\n  \"robotModel\": \"yingbin\",\r\n  \"venderCode\": \"ZHY\",\r\n  \"venderUser\": \"12345678901\"\r\n}');INSERT INTO `pms_order_pay_http_log` VALUES ('2017-04-14 13:44:19', '1492148-6583-000-001-549', 'NEW_PAY', '1', 'https://api.mch.weixin.qq.com/pay/unifiedorder', '<xml><appid>wxfec1f26a067221ae</appid><attach>201704141251-07</attach><body>周黑鸭张浦店-食品</body><mch_id>1236388002</mch_id><nonce_str>63G32CPB4D7SXPP7L7645MGM7DMYFRW6</nonce_str><notify_url>http://120.27.233.57:9090/api/pay/wx/callback</notify_url><out_trade_no>1492148-6583-000-001-549</out_trade_no><product_id>92148658300000154920170414125107</product_id><sign>668BBEA54D944A96D1D58880699B1442</sign><spbill_create_ip>120.27.233.57</spbill_create_ip><time_expire>20170414141418</time_expire><time_start>20170414134418</time_start><total_fee>1</total_fee><trade_type>NATIVE</trade_type></xml>');INSERT INTO `pms_order_pay_http_log` VALUES ('2017-04-14 13:44:51', '1492148-6904-000-002-844', 'NEW_ORDER', '1', '/pay/wx/order', '{\r\n  \"id\": \"1490854436923-ROBOabcdefg-jl3HDd\",\r\n  \"orderPseudoNo\": \"201704141251-08\",\r\n  \"orderTime\": \"2017-04-14T12:54:41+08:00\",\r\n  \"orderDesc\": \"周黑鸭张浦店-食品\",\r\n  \"orderList\": [\r\n    {\r\n      \"itemId\": \"RVNGW55KECUS3ITIEDFN6R00RP3Y4X19\",\r\n      \"itemQty\": 1\r\n    }\r\n  ],\r\n  \"payMethod\": \"NATIVE\",\r\n  \"robotUid\": \"testROBOabcdefg\",\r\n  \"robotModel\": \"yingbin\",\r\n  \"venderCode\": \"ZHY\",\r\n  \"venderUser\": \"12345678901\"\r\n}');INSERT INTO `pms_order_pay_http_log` VALUES ('2017-04-14 13:44:51', '1492148-6904-000-002-844', 'NEW_PAY', '1', 'https://api.mch.weixin.qq.com/pay/unifiedorder', '<xml><appid>wxfec1f26a067221ae</appid><attach>201704141251-08</attach><body>周黑鸭张浦店-食品</body><mch_id>1236388002</mch_id><nonce_str>NUNX54F833MQW64ZP9M2TU3PBGG7FOSX</nonce_str><notify_url>http://120.27.233.57:9090/api/pay/wx/callback</notify_url><out_trade_no>1492148-6904-000-002-844</out_trade_no><product_id>92148690400000284420170414125108</product_id><sign>8AD2629BD5F4FE38182FE204D4D3816A</sign><spbill_create_ip>120.27.233.57</spbill_create_ip><time_expire>20170414141450</time_expire><time_start>20170414134450</time_start><total_fee>1</total_fee><trade_type>NATIVE</trade_type></xml>');INSERT INTO `pms_order_pay_http_log` VALUES ('2017-04-14 13:47:04', '1492148-6904-000-002-844', 'NOTIFY_PAY_RESULT', '1', '/wx/pay/callback', '<xml><appid><![CDATA[wxfec1f26a067221ae]]></appid>\n<attach><![CDATA[201704141251-08]]></attach>\n<bank_type><![CDATA[CFT]]></bank_type>\n<cash_fee><![CDATA[1]]></cash_fee>\n<fee_type><![CDATA[CNY]]></fee_type>\n<is_subscribe><![CDATA[N]]></is_subscribe>\n<mch_id><![CDATA[1236388002]]></mch_id>\n<nonce_str><![CDATA[NUNX54F833MQW64ZP9M2TU3PBGG7FOSX]]></nonce_str>\n<openid><![CDATA[o-WsVt5A1Mfr-wcIa9Hv-I_bTD1A]]></openid>\n<out_trade_no><![CDATA[1492148-6904-000-002-844]]></out_trade_no>\n<result_code><![CDATA[SUCCESS]]></result_code>\n<return_code><![CDATA[SUCCESS]]></return_code>\n<sign><![CDATA[54B30CB2FE5BCF4E9B8265A3A7D7417D]]></sign>\n<time_end><![CDATA[20170414134514]]></time_end>\n<total_fee>1</total_fee>\n<trade_type><![CDATA[NATIVE]]></trade_type>\n<transaction_id><![CDATA[4000702001201704146957755333]]></transaction_id>\n</xml>');INSERT INTO `pms_order_pay_http_log` VALUES ('2017-04-14 13:53:23', '1492148-6583-000-001-549', 'QUERY_PAY', '1', 'https://api.mch.weixin.qq.com/pay/orderquery', '<xml><appid>wxfec1f26a067221ae</appid><mch_id>1236388002</mch_id><nonce_str>9I8F0JB076H15RULOR8J8IMCPQ9HXRYY</nonce_str><out_trade_no>1492148-6583-000-001-549</out_trade_no><sign>1F9B6529B69CFC5DA18003FEE3E79959</sign></xml>');INSERT INTO `pms_order_pay_http_log` VALUES ('2017-04-14 13:53:27', '1492148-6583-000-001-549', 'QUERY_PAY', '0', 'https://api.mch.weixin.qq.com/pay/orderquery', '<xml><return_code><![CDATA[SUCCESS]]></return_code>\n<return_msg><![CDATA[OK]]></return_msg>\n<appid><![CDATA[wxfec1f26a067221ae]]></appid>\n<mch_id><![CDATA[1236388002]]></mch_id>\n<nonce_str><![CDATA[M7GAmJGs8vGAz6LW]]></nonce_str>\n<sign><![CDATA[87E31570702149B2E3EC1FEC747747F3]]></sign>\n<result_code><![CDATA[SUCCESS]]></result_code>\n<out_trade_no><![CDATA[1492148-6583-000-001-549]]></out_trade_no>\n<trade_state><![CDATA[NOTPAY]]></trade_state>\n<trade_state_desc><![CDATA[订单未支付]]></trade_state_desc>\n</xml>');INSERT INTO `pms_order_pay_http_log` VALUES ('2017-04-14 14:08:56', '1492150-1365-000-001-906', 'NEW_ORDER', '1', '/pay/wx/order', '{\r\n  \"id\": \"1490854436923-ROBOabcdefg-jl3HDd\",\r\n  \"orderPseudoNo\": \"201704141251-09\",\r\n  \"orderTime\": \"2017-04-14T12:54:41+08:00\",\r\n  \"orderDesc\": \"周黑鸭张浦店-食品\",\r\n  \"orderList\": [\r\n    {\r\n      \"itemId\": \"RVNGW55KECUS3ITIEDFN6R00RP3Y4X19\",\r\n      \"itemQty\": 1\r\n    }\r\n  ],\r\n  \"payMethod\": \"NATIVE\",\r\n  \"robotUid\": \"testROBOabcdefg\",\r\n  \"robotModel\": \"yingbin\",\r\n  \"venderCode\": \"ZHY\",\r\n  \"venderUser\": \"12345678901\"\r\n}');INSERT INTO `pms_order_pay_http_log` VALUES ('2017-04-14 14:08:56', '1492150-1365-000-001-906', 'NEW_PAY', '1', 'https://api.mch.weixin.qq.com/pay/unifiedorder', '<xml><appid>wxfec1f26a067221ae</appid><attach>201704141251-09</attach><body>周黑鸭张浦店-食品</body><mch_id>1236388002</mch_id><nonce_str>FHM1AX8YRVPCELNWXU1803UNDP4NRDHX</nonce_str><notify_url>http://120.27.233.57:8080/api/pay/wx/callback</notify_url><out_trade_no>1492150-1365-000-001-906</out_trade_no><product_id>92150136500000190620170414125109</product_id><sign>785B40880B30DCF63249697AF4C09E67</sign><spbill_create_ip>120.27.233.57</spbill_create_ip><time_expire>20170414142356</time_expire><time_start>20170414140856</time_start><total_fee>1</total_fee><trade_type>NATIVE</trade_type></xml>');INSERT INTO `pms_order_pay_http_log` VALUES ('2017-04-14 14:12:55', '1492150-3755-000-002-069', 'NEW_ORDER', '1', '/pay/wx/order', '{\r\n  \"id\": \"1490854436923-ROBOabcdefg-jl3HDd\",\r\n  \"orderPseudoNo\": \"201704141251-10\",\r\n  \"orderTime\": \"2017-04-14T12:54:41+08:00\",\r\n  \"orderDesc\": \"周黑鸭张浦店-食品\",\r\n  \"orderList\": [\r\n    {\r\n      \"itemId\": \"RVNGW55KECUS3ITIEDFN6R00RP3Y4X19\",\r\n      \"itemQty\": 1\r\n    }\r\n  ],\r\n  \"payMethod\": \"NATIVE\",\r\n  \"robotUid\": \"testROBOabcdefg\",\r\n  \"robotModel\": \"yingbin\",\r\n  \"venderCode\": \"ZHY\",\r\n  \"venderUser\": \"12345678901\"\r\n}');INSERT INTO `pms_order_pay_http_log` VALUES ('2017-04-14 14:12:55', '1492150-3755-000-002-069', 'NEW_PAY', '1', 'https://api.mch.weixin.qq.com/pay/unifiedorder', '<xml><appid>wxfec1f26a067221ae</appid><attach>201704141251-10</attach><body>周黑鸭张浦店-食品</body><mch_id>1236388002</mch_id><nonce_str>UFMVAHMVSO9W76FIED4FDTHWHZOP30O4</nonce_str><notify_url>http://120.27.233.57:8080/api/pay/wx/callback</notify_url><out_trade_no>1492150-3755-000-002-069</out_trade_no><product_id>92150375500000206920170414125110</product_id><sign>DE510676DBDB2B80164689420233594F</sign><spbill_create_ip>120.27.233.57</spbill_create_ip><time_expire>20170414142755</time_expire><time_start>20170414141255</time_start><total_fee>1</total_fee><trade_type>NATIVE</trade_type></xml>');INSERT INTO `pms_order_pay_http_log` VALUES ('2017-04-14 14:13:23', '1492150-3755-000-002-069', 'NOTIFY_PAY_RESULT', '1', '/wx/pay/callback', '<xml><appid><![CDATA[wxfec1f26a067221ae]]></appid>\n<attach><![CDATA[201704141251-10]]></attach>\n<bank_type><![CDATA[CFT]]></bank_type>\n<cash_fee><![CDATA[1]]></cash_fee>\n<fee_type><![CDATA[CNY]]></fee_type>\n<is_subscribe><![CDATA[N]]></is_subscribe>\n<mch_id><![CDATA[1236388002]]></mch_id>\n<nonce_str><![CDATA[UFMVAHMVSO9W76FIED4FDTHWHZOP30O4]]></nonce_str>\n<openid><![CDATA[o-WsVt5A1Mfr-wcIa9Hv-I_bTD1A]]></openid>\n<out_trade_no><![CDATA[1492150-3755-000-002-069]]></out_trade_no>\n<result_code><![CDATA[SUCCESS]]></result_code>\n<return_code><![CDATA[SUCCESS]]></return_code>\n<sign><![CDATA[D5B8934B1E3475DFBCD1E7E4E26EF343]]></sign>\n<time_end><![CDATA[20170414141323]]></time_end>\n<total_fee>1</total_fee>\n<trade_type><![CDATA[NATIVE]]></trade_type>\n<transaction_id><![CDATA[4000702001201704146964482179]]></transaction_id>\n</xml>');INSERT INTO `pms_order_pay_http_log` VALUES ('2017-04-14 14:16:09', '1492150-1365-000-001-906', 'QUERY_PAY', '1', 'https://api.mch.weixin.qq.com/pay/orderquery', '<xml><appid>wxfec1f26a067221ae</appid><mch_id>1236388002</mch_id><nonce_str>X85HR0PFAJH5BYY7DSECEB9KFIVNV25Q</nonce_str><out_trade_no>1492150-1365-000-001-906</out_trade_no><sign>B7604C60A0E12E1029ED763EBC87A7D0</sign></xml>');INSERT INTO `pms_order_pay_http_log` VALUES ('2017-04-14 14:16:09', '1492150-1365-000-001-906', 'QUERY_PAY', '0', 'https://api.mch.weixin.qq.com/pay/orderquery', '<xml><return_code><![CDATA[SUCCESS]]></return_code>\n<return_msg><![CDATA[OK]]></return_msg>\n<appid><![CDATA[wxfec1f26a067221ae]]></appid>\n<mch_id><![CDATA[1236388002]]></mch_id>\n<nonce_str><![CDATA[JZKzUhJyZIlkLoUy]]></nonce_str>\n<sign><![CDATA[D1E5E1AD446E5D68EA03F5CDDA5D76AC]]></sign>\n<result_code><![CDATA[SUCCESS]]></result_code>\n<out_trade_no><![CDATA[1492150-1365-000-001-906]]></out_trade_no>\n<trade_state><![CDATA[NOTPAY]]></trade_state>\n<trade_state_desc><![CDATA[订单未支付]]></trade_state_desc>\n</xml>');INSERT INTO `pms_order_pay_http_log` VALUES ('2017-04-14 14:22:46', '1492150-1365-000-001-906', 'CLOSE_ORDER', '1', '/pay/wx/close', '{\n  \"id\": \"1490854731362-ROBOabcdefg-jSklih\",\n  \"orderId\": \"1492150-1365-000-001-906\",\n  \"robotUid\": \"testROBOabcdefg\",\n  \"robotModel\":\"yingbin\"\n}');INSERT INTO `pms_order_pay_http_log` VALUES ('2017-04-14 14:22:46', '1492150-1365-000-001-906', 'CLOSE_PAY', '1', 'https://api.mch.weixin.qq.com/pay/closeorder', '<xml><appid>wxfec1f26a067221ae</appid><mch_id>1236388002</mch_id><nonce_str>OWQMU2PPLVU5YUFD8CSIOD3N0CTIKBJT</nonce_str><out_trade_no>1492150-1365-000-001-906</out_trade_no><sign>B69E56DE09A88BCEE13CB99494A24E65</sign></xml>');INSERT INTO `pms_order_pay_http_log` VALUES ('2017-04-14 14:28:22', '1492151-3023-000-001-437', 'NEW_ORDER', '1', '/pay/wx/order', '{\r\n  \"id\": \"1490854436923-ROBOabcdefg-jl3HDd\",\r\n  \"orderPseudoNo\": \"201704141251-11\",\r\n  \"orderTime\": \"2017-04-14T12:54:41+08:00\",\r\n  \"orderDesc\": \"周黑鸭张浦店-食品\",\r\n  \"orderList\": [\r\n    {\r\n      \"itemId\": \"RVNGW55KECUS3ITIEDFN6R00RP3Y4X19\",\r\n      \"itemQty\": 1\r\n    }\r\n  ],\r\n  \"payMethod\": \"NATIVE\",\r\n  \"robotUid\": \"testROBOabcdefg\",\r\n  \"robotModel\": \"yingbin\",\r\n  \"venderCode\": \"ZHY\",\r\n  \"venderUser\": \"12345678901\"\r\n}');INSERT INTO `pms_order_pay_http_log` VALUES ('2017-04-14 14:28:22', '1492151-3023-000-001-437', 'NEW_PAY', '1', 'https://api.mch.weixin.qq.com/pay/unifiedorder', '<xml><appid>wxfec1f26a067221ae</appid><attach>201704141251-11</attach><body>周黑鸭张浦店-食品</body><mch_id>1236388002</mch_id><nonce_str>3TR7H4I0VZSDL0VAZSDN34MCGHEVFU4Z</nonce_str><notify_url>http://120.27.233.57:8080/api/pay/wx/callback</notify_url><out_trade_no>1492151-3023-000-001-437</out_trade_no><product_id>92151302300000143720170414125111</product_id><sign>760508B6256B82388AE0A89E7E7F85AE</sign><spbill_create_ip>120.27.233.57</spbill_create_ip><time_expire>20170414144322</time_expire><time_start>20170414142822</time_start><total_fee>1</total_fee><trade_type>NATIVE</trade_type></xml>');INSERT INTO `pms_order_pay_http_log` VALUES ('2017-04-14 16:34:59', '1492148-6583-000-001-549', 'QUERY_PAY', '1', 'https://api.mch.weixin.qq.com/pay/orderquery', '<xml><appid>wxfec1f26a067221ae</appid><mch_id>1236388002</mch_id><nonce_str>0WPM2AP8EANRRAI93JNP3RQ5T66RUW8Q</nonce_str><out_trade_no>1492148-6583-000-001-549</out_trade_no><sign>E6D0BA12737F1565D5705DD898A85F41</sign></xml>');INSERT INTO `pms_order_pay_http_log` VALUES ('2017-04-14 16:34:59', '1492148-6583-000-001-549', 'QUERY_PAY', '0', 'https://api.mch.weixin.qq.com/pay/orderquery', '<xml><return_code><![CDATA[SUCCESS]]></return_code>\n<return_msg><![CDATA[OK]]></return_msg>\n<appid><![CDATA[wxfec1f26a067221ae]]></appid>\n<mch_id><![CDATA[1236388002]]></mch_id>\n<nonce_str><![CDATA[u8DsHlqNUoio1tsb]]></nonce_str>\n<sign><![CDATA[39A921F4A5B9B1B69C9B2846A749D563]]></sign>\n<result_code><![CDATA[SUCCESS]]></result_code>\n<out_trade_no><![CDATA[1492148-6583-000-001-549]]></out_trade_no>\n<trade_state><![CDATA[NOTPAY]]></trade_state>\n<trade_state_desc><![CDATA[订单未支付]]></trade_state_desc>\n</xml>');INSERT INTO `pms_order_pay_http_log` VALUES ('2017-04-14 17:41:17', '1492151-3023-000-001-437', 'CLOSE_ORDER', '1', '/pay/wx/close', '{\n  \"id\": \"1490854731362-ROBOabcdefg-jSklih\",\n  \"orderId\": \"1492151-3023-000-001-437\",\n  \"robotUid\": \"testROBOabcdefg\",\n  \"robotModel\":\"yingbin\"\n}');INSERT INTO `pms_order_pay_http_log` VALUES ('2017-04-14 17:41:17', '1492151-3023-000-001-437', 'CLOSE_PAY', '1', 'https://api.mch.weixin.qq.com/pay/closeorder', '<xml><appid>wxfec1f26a067221ae</appid><mch_id>1236388002</mch_id><nonce_str>YRSSMPYMVR3K5RLLRMCQ2VFIS4UN3GVO</nonce_str><out_trade_no>1492151-3023-000-001-437</out_trade_no><sign>50FDEC96EE8E0A16855BE3D999DA6A94</sign></xml>');INSERT INTO `pms_order_pay_http_log` VALUES ('2017-04-17 09:45:15', '1492393-5144-000-001-077', 'NEW_ORDER', '1', '/pay/wx/order', '{\r\n  \"id\": \"1490854436923-ROBOabcdefg-jl3HDd\",\r\n  \"orderPseudoNo\": \"201704051745-01\",\r\n  \"orderTime\": \"2017-04-05T17:51:41+08:00\",\r\n  \"orderDesc\": \"周黑鸭张浦店-食品\",\r\n  \"orderList\": [\r\n    {\r\n      \"itemId\": \"RVNGW55KECUS3ITIEDFN6R00RP3Y4X19\",\r\n      \"itemQty\": 1\r\n    }\r\n  ],\r\n  \"payMethod\": \"NATIVE\",\r\n  \"robotUid\": \"testROBOabcdefg\",\r\n  \"robotModel\": \"yingbin\",\r\n  \"venderCode\": \"ZHY\",\r\n  \"venderUser\": \"12345678901\"\r\n}');INSERT INTO `pms_order_pay_http_log` VALUES ('2017-04-17 09:45:15', '1492393-5144-000-001-077', 'NEW_PAY', '1', 'https://api.mch.weixin.qq.com/pay/unifiedorder', '<xml><appid>wxfec1f26a067221ae</appid><attach>201704051745-01</attach><body>周黑鸭张浦店-食品</body><mch_id>1236388002</mch_id><nonce_str>INOAWW8WPB36KGP5HEEAHW330OKJFX4Q</nonce_str><notify_url>http://120.27.233.57:9090/api/pay/wx/callback</notify_url><out_trade_no>1492393-5144-000-001-077</out_trade_no><product_id>92393514400000107720170405174501</product_id><sign>818CD9F0BAE9AF63DF8EC110C78190D5</sign><spbill_create_ip>120.27.233.57</spbill_create_ip><time_expire>20170417100014</time_expire><time_start>20170417094514</time_start><total_fee>1</total_fee><trade_type>NATIVE</trade_type></xml>');INSERT INTO `pms_order_pay_http_log` VALUES ('2017-04-18 00:18:17', '1492445-8970-000-001-006', 'NEW_ORDER', '1', '/pay/wx/order', '{\r\n  \"id\": \"1490854436923-ROBOabcdefg-jl3HDd\",\r\n  \"orderPseudoNo\": \"201704051745-10\",\r\n  \"orderTime\": \"2017-04-05T17:51:41+08:00\",\r\n  \"orderDesc\": \"周黑鸭张浦店-食品\",\r\n  \"orderList\": [\r\n    {\r\n      \"itemId\": \"PDZTW1RC1UF82MDQQQ1HK0SSMCCAQRTC\",\r\n      \"itemQty\": 1\r\n    },\r\n    {\r\n      \"itemId\": \"RVNGW55KECUS3ITIEDFN6R00RP3Y4X19\",\r\n      \"itemQty\": 1\r\n    }\r\n  ],\r\n  \"payMethod\": \"NATIVE\",\r\n  \"robotUid\": \"testROBOabcdefg\",\r\n  \"robotModel\": \"yingbin\",\r\n  \"venderCode\": \"ZHY\",\r\n  \"venderUser\": \"12345678901\"\r\n}');INSERT INTO `pms_order_pay_http_log` VALUES ('2017-04-18 00:18:17', '1492445-8970-000-001-006', 'NEW_PAY', '1', 'https://api.mch.weixin.qq.com/pay/unifiedorder', '<xml><appid>wxfec1f26a067221ae</appid><attach>201704051745-10</attach><body>周黑鸭张浦店-食品</body><mch_id>1236388002</mch_id><nonce_str>QANMNJ37IG2ITC7IVPEF5BIWL3G5BPTS</nonce_str><notify_url>http://120.27.233.57:9090/api/pay/wx/callback</notify_url><out_trade_no>1492445-8970-000-001-006</out_trade_no><product_id>92445897000000100620170405174510</product_id><sign>AC6DDB30F9AC2E3D7BD9C9D48E20E163</sign><spbill_create_ip>120.27.233.57</spbill_create_ip><time_expire>20170418003317</time_expire><time_start>20170418001817</time_start><total_fee>2</total_fee><trade_type>NATIVE</trade_type></xml>');INSERT INTO `pms_order_pay_http_log` VALUES ('2017-04-18 09:14:46', '1492478-0860-000-001-241', 'NEW_ORDER', '1', '/pay/wx/order', '{\r\n  \"id\": \"1490854436923-ROBOabcdefg-jl3HDd\",\r\n  \"orderPseudoNo\": \"201704051745-21\",\r\n  \"orderTime\": \"2017-04-05T17:51:41+08:00\",\r\n  \"orderDesc\": \"周黑鸭张浦店-食品\",\r\n  \"orderList\": [\r\n    {\r\n      \"itemId\": \"RVNGW55KECUS3ITIEDFN6R00RP3Y4X19\",\r\n      \"itemQty\": 1\r\n    }\r\n  ],\r\n  \"payMethod\": \"NATIVE\",\r\n  \"robotUid\": \"testROBOabcdefg\",\r\n  \"robotModel\": \"yingbin\",\r\n  \"venderCode\": \"ZHY\",\r\n  \"venderUser\": \"12345678901\"\r\n}');INSERT INTO `pms_order_pay_http_log` VALUES ('2017-04-18 09:14:46', '1492478-0860-000-001-241', 'NEW_PAY', '1', 'https://api.mch.weixin.qq.com/pay/unifiedorder', '<xml><appid>wxfec1f26a067221ae</appid><attach>201704051745-21</attach><body>周黑鸭张浦店-食品</body><mch_id>1236388002</mch_id><nonce_str>Q12Q8KT7C3GC8RVG7MO1KT3L2XY7LZ5O</nonce_str><notify_url>http://120.27.233.57:8080/api/pay/wx/callback</notify_url><out_trade_no>1492478-0860-000-001-241</out_trade_no><product_id>92478086000000124120170405174521</product_id><sign>CCCEB3F943BAB7FA8354CE5F5C4AAE74</sign><spbill_create_ip>120.27.233.57</spbill_create_ip><time_expire>20170418092946</time_expire><time_start>20170418091446</time_start><total_fee>1</total_fee><trade_type>NATIVE</trade_type></xml>');INSERT INTO `pms_order_pay_http_log` VALUES ('2017-04-18 09:55:19', '1492480-5198-000-002-609', 'NEW_ORDER', '1', '/pay/wx/order', '{\r\n  \"id\": \"1490854436923-ROBOabcdefg-jl3HDd\",\r\n  \"orderPseudoNo\": \"201704051745-22\",\r\n  \"orderTime\": \"2017-04-05T17:51:41+08:00\",\r\n  \"orderDesc\": \"周黑鸭张浦店-食品\",\r\n  \"orderList\": [\r\n    {\r\n      \"itemId\": \"RVNGW55KECUS3ITIEDFN6R00RP3Y4X19\",\r\n      \"itemQty\": 1\r\n    }\r\n  ],\r\n  \"payMethod\": \"NATIVE\",\r\n  \"robotUid\": \"testROBOabcdefg\",\r\n  \"robotModel\": \"yingbin\",\r\n  \"venderCode\": \"ZHY\",\r\n  \"venderUser\": \"12345678901\"\r\n}');INSERT INTO `pms_order_pay_http_log` VALUES ('2017-04-18 09:55:19', '1492480-5198-000-002-609', 'NEW_PAY', '1', 'https://api.mch.weixin.qq.com/pay/unifiedorder', '<xml><appid>wxfec1f26a067221ae</appid><attach>201704051745-22</attach><body>周黑鸭张浦店-食品</body><mch_id>1236388002</mch_id><nonce_str>0Z0KNL8KMWMCY9HRMSG12H4NN9L8QN2W</nonce_str><notify_url>http://120.27.233.57:8080/api/pay/wx/callback</notify_url><out_trade_no>1492480-5198-000-002-609</out_trade_no><product_id>92480519800000260920170405174522</product_id><sign>DF56755D1978E4E5C412B0F7FC45031D</sign><spbill_create_ip>120.27.233.57</spbill_create_ip><time_expire>20170418101019</time_expire><time_start>20170418095519</time_start><total_fee>1</total_fee><trade_type>NATIVE</trade_type></xml>');INSERT INTO `pms_order_pay_http_log` VALUES ('2017-04-14 12:40:39', '1492135-4392-000-001-131', 'QUERY_PAY', '1', 'https://api.mch.weixin.qq.com/pay/orderquery', '<xml><appid>wxfec1f26a067221ae</appid><mch_id>1236388002</mch_id><nonce_str>HDXC2MNTLP2NH5N8FH0ZXFDTQH385069</nonce_str><out_trade_no>1492135-4392-000-001-131</out_trade_no><sign>29946855A85414F3E2A9E6F10B45191D</sign></xml>');INSERT INTO `pms_order_pay_http_log` VALUES ('2017-04-14 12:40:45', '1492135-4392-000-001-131', 'QUERY_PAY', '0', 'https://api.mch.weixin.qq.com/pay/orderquery', '<xml><return_code><![CDATA[SUCCESS]]></return_code>\n<return_msg><![CDATA[OK]]></return_msg>\n<appid><![CDATA[wxfec1f26a067221ae]]></appid>\n<mch_id><![CDATA[1236388002]]></mch_id>\n<nonce_str><![CDATA[u65XbDl7nsvMMq56]]></nonce_str>\n<sign><![CDATA[F55F7742E8E3DFD3F6A15F9EA4CB3BB0]]></sign>\n<result_code><![CDATA[SUCCESS]]></result_code>\n<out_trade_no><![CDATA[1492135-4392-000-001-131]]></out_trade_no>\n<trade_state><![CDATA[NOTPAY]]></trade_state>\n<trade_state_desc><![CDATA[订单未支付]]></trade_state_desc>\n</xml>');INSERT INTO `pms_order_pay_http_log` VALUES ('2017-04-14 12:42:39', '1492144-9404-000-001-476', 'NEW_ORDER', '1', '/pay/wx/order', '{\r\n  \"id\": \"1490854436923-ROBOabcdefg-jl3HDd\",\r\n  \"orderPseudoNo\": \"201704141251-03\",\r\n  \"orderTime\": \"2017-04-14T12:51:41+08:00\",\r\n  \"orderDesc\": \"周黑鸭张浦店-食品\",\r\n  \"orderList\": [\r\n    {\r\n      \"itemId\": \"RVNGW55KECUS3ITIEDFN6R00RP3Y4X19\",\r\n      \"itemQty\": 1\r\n    }\r\n  ],\r\n  \"payMethod\": \"NATIVE\",\r\n  \"robotUid\": \"testROBOabcdefg\",\r\n  \"robotModel\": \"yingbin\",\r\n  \"venderCode\": \"ZHY\",\r\n  \"venderUser\": \"12345678901\"\r\n}');INSERT INTO `pms_order_pay_http_log` VALUES ('2017-04-14 12:42:40', '1492144-9404-000-001-476', 'NEW_PAY', '1', 'https://api.mch.weixin.qq.com/pay/unifiedorder', '<xml><appid>wxfec1f26a067221ae</appid><attach>201704141251-03</attach><body>周黑鸭张浦店-食品</body><mch_id>1236388002</mch_id><nonce_str>MEEP9IJV7JO0JCH0NC0ZVZ6ZA704QIX0</nonce_str><notify_url>http://120.27.233.57:9090/api/pay/wx/callback</notify_url><out_trade_no>1492144-9404-000-001-476</out_trade_no><product_id>92144940400000147620170414125103</product_id><sign>F58A79FF47F4ED4515DC7CDA8A1E7B7B</sign><spbill_create_ip>120.27.233.57</spbill_create_ip><time_expire>20170414131220</time_expire><time_start>20170414124220</time_start><total_fee>1</total_fee><trade_type>NATIVE</trade_type></xml>');INSERT INTO `pms_order_pay_http_log` VALUES ('2017-04-14 12:51:00', '1492144-9404-000-001-476', 'QUERY_PAY', '1', 'https://api.mch.weixin.qq.com/pay/orderquery', '<xml><appid>wxfec1f26a067221ae</appid><mch_id>1236388002</mch_id><nonce_str>TTJ1QB2C80Z6S43GIBU5UGIFMHF3RJC2</nonce_str><out_trade_no>1492144-9404-000-001-476</out_trade_no><sign>7675D93D83D2E89E42BCC1FBD49E7ECA</sign></xml>');INSERT INTO `pms_order_pay_http_log` VALUES ('2017-04-14 12:51:26', '1492144-9404-000-001-476', 'QUERY_PAY', '1', 'https://api.mch.weixin.qq.com/pay/orderquery', '<xml><appid>wxfec1f26a067221ae</appid><mch_id>1236388002</mch_id><nonce_str>WPT5JEQAAYOVIE461AJDJT2OA2GHYHEX</nonce_str><out_trade_no>1492144-9404-000-001-476</out_trade_no><sign>E9C90E8EED41E4DA13D99EF9146EE164</sign></xml>');INSERT INTO `pms_order_pay_http_log` VALUES ('2017-04-14 12:51:28', '1492144-9404-000-001-476', 'QUERY_PAY', '0', 'https://api.mch.weixin.qq.com/pay/orderquery', '<xml><return_code><![CDATA[SUCCESS]]></return_code>\n<return_msg><![CDATA[OK]]></return_msg>\n<appid><![CDATA[wxfec1f26a067221ae]]></appid>\n<mch_id><![CDATA[1236388002]]></mch_id>\n<nonce_str><![CDATA[LNLHx2dEi9matdqk]]></nonce_str>\n<sign><![CDATA[FAAA716AF89992764AFC09CDA838D24B]]></sign>\n<result_code><![CDATA[SUCCESS]]></result_code>\n<out_trade_no><![CDATA[1492144-9404-000-001-476]]></out_trade_no>\n<trade_state><![CDATA[NOTPAY]]></trade_state>\n<trade_state_desc><![CDATA[订单未支付]]></trade_state_desc>\n</xml>');INSERT INTO `pms_order_pay_http_log` VALUES ('2017-04-14 12:51:35', '1492144-9404-000-001-476', 'QUERY_PAY', '0', 'https://api.mch.weixin.qq.com/pay/orderquery', '<xml><return_code><![CDATA[SUCCESS]]></return_code>\n<return_msg><![CDATA[OK]]></return_msg>\n<appid><![CDATA[wxfec1f26a067221ae]]></appid>\n<mch_id><![CDATA[1236388002]]></mch_id>\n<nonce_str><![CDATA[QYxnTpbuWq7tdoCM]]></nonce_str>\n<sign><![CDATA[188B59AFC8316431F4643B5D46F3FF86]]></sign>\n<result_code><![CDATA[SUCCESS]]></result_code>\n<out_trade_no><![CDATA[1492144-9404-000-001-476]]></out_trade_no>\n<trade_state><![CDATA[NOTPAY]]></trade_state>\n<trade_state_desc><![CDATA[订单未支付]]></trade_state_desc>\n</xml>');INSERT INTO `pms_order_pay_http_log` VALUES ('2017-04-14 12:54:17', '1492145-6559-000-002-836', 'NEW_ORDER', '1', '/pay/wx/order', '{\r\n  \"id\": \"1490854436923-ROBOabcdefg-jl3HDd\",\r\n  \"orderPseudoNo\": \"201704141251-04\",\r\n  \"orderTime\": \"2017-04-14T12:54:41+08:00\",\r\n  \"orderDesc\": \"周黑鸭张浦店-食品\",\r\n  \"orderList\": [\r\n    {\r\n      \"itemId\": \"RVNGW55KECUS3ITIEDFN6R00RP3Y4X19\",\r\n      \"itemQty\": 1\r\n    }\r\n  ],\r\n  \"payMethod\": \"NATIVE\",\r\n  \"robotUid\": \"testROBOabcdefg\",\r\n  \"robotModel\": \"yingbin\",\r\n  \"venderCode\": \"ZHY\",\r\n  \"venderUser\": \"12345678901\"\r\n}');INSERT INTO `pms_order_pay_http_log` VALUES ('2017-04-14 12:54:17', '1492145-6559-000-002-836', 'NEW_PAY', '1', 'https://api.mch.weixin.qq.com/pay/unifiedorder', '<xml><appid>wxfec1f26a067221ae</appid><attach>201704141251-04</attach><body>周黑鸭张浦店-食品</body><mch_id>1236388002</mch_id><nonce_str>7HN17WQBV92U2DUV5QCM57PM5DHQYC5Q</nonce_str><notify_url>http://120.27.233.57:9090/api/pay/wx/callback</notify_url><out_trade_no>1492145-6559-000-002-836</out_trade_no><product_id>92145655900000283620170414125104</product_id><sign>DD1AFA2E82F181F688C4CA2057E80F1D</sign><spbill_create_ip>120.27.233.57</spbill_create_ip><time_expire>20170414132415</time_expire><time_start>20170414125415</time_start><total_fee>1</total_fee><trade_type>NATIVE</trade_type></xml>');INSERT INTO `pms_order_pay_http_log` VALUES ('2017-04-14 12:57:53', '1492145-6559-000-002-836', 'CLOSE_ORDER', '1', '/pay/wx/close', '{\n  \"id\": \"1490854731362-ROBOabcdefg-jSklih\",\n  \"orderId\": \"1492145-6559-000-002-836\",\n  \"robotUid\": \"testROBOabcdefg\",\n  \"robotModel\":\"yingbin\"\n}');INSERT INTO `pms_order_pay_http_log` VALUES ('2017-04-14 12:57:54', '1492145-6559-000-002-836', 'CLOSE_PAY', '1', 'https://api.mch.weixin.qq.com/pay/closeorder', '<xml><appid>wxfec1f26a067221ae</appid><mch_id>1236388002</mch_id><nonce_str>20RDOB1XEB4D560MB3M56U4DVDRQF4NH</nonce_str><out_trade_no>1492145-6559-000-002-836</out_trade_no><sign>141FF1AAACC5FB05DA9013ED59533179</sign></xml>');INSERT INTO `pms_order_pay_http_log` VALUES ('2017-04-14 12:58:56', '1492145-6559-000-002-836', 'CLOSE_ORDER', '1', '/pay/wx/close', '{\n  \"id\": \"1490854731362-ROBOabcdefg-jSklih\",\n  \"orderId\": \"1492145-6559-000-002-836\",\n  \"robotUid\": \"testROBOabcdefg\",\n  \"robotModel\":\"yingbin\"\n}');INSERT INTO `pms_order_pay_http_log` VALUES ('2017-04-14 12:58:57', '1492145-6559-000-002-836', 'CLOSE_PAY', '1', 'https://api.mch.weixin.qq.com/pay/closeorder', '<xml><appid>wxfec1f26a067221ae</appid><mch_id>1236388002</mch_id><nonce_str>TQYYV2UTRVLUXCGTXOMPXAA1NHMCI4O6</nonce_str><out_trade_no>1492145-6559-000-002-836</out_trade_no><sign>CD8560452CAC394C63669B9F69CDB7EB</sign></xml>');INSERT INTO `pms_order_pay_http_log` VALUES ('2017-04-14 13:17:03', '1492144-9404-000-001-476', 'QUERY_PAY', '1', 'https://api.mch.weixin.qq.com/pay/orderquery', '<xml><appid>wxfec1f26a067221ae</appid><mch_id>1236388002</mch_id><nonce_str>0KNDRRG77T1L1N87K6U0MDXO2ZWV8UDS</nonce_str><out_trade_no>1492144-9404-000-001-476</out_trade_no><sign>59BEED3A9E1BA866F0A1BCE19788CA42</sign></xml>');INSERT INTO `pms_order_pay_http_log` VALUES ('2017-04-14 13:17:04', '1492144-9404-000-001-476', 'QUERY_PAY', '0', 'https://api.mch.weixin.qq.com/pay/orderquery', '<xml><return_code><![CDATA[SUCCESS]]></return_code>\n<return_msg><![CDATA[OK]]></return_msg>\n<appid><![CDATA[wxfec1f26a067221ae]]></appid>\n<mch_id><![CDATA[1236388002]]></mch_id>\n<nonce_str><![CDATA[lHIfKCSKVJLJQeJA]]></nonce_str>\n<sign><![CDATA[5467C15F3BAE5CEB14CCAE4269D91133]]></sign>\n<result_code><![CDATA[SUCCESS]]></result_code>\n<out_trade_no><![CDATA[1492144-9404-000-001-476]]></out_trade_no>\n<trade_state><![CDATA[NOTPAY]]></trade_state>\n<trade_state_desc><![CDATA[订单未支付]]></trade_state_desc>\n</xml>');INSERT INTO `pms_order_pay_http_log` VALUES ('2017-04-14 13:20:12', '1492145-6559-000-002-836', 'QUERY_PAY', '1', 'https://api.mch.weixin.qq.com/pay/orderquery', '<xml><appid>wxfec1f26a067221ae</appid><mch_id>1236388002</mch_id><nonce_str>21OFHEVLSZDQW7NSJ2ZJR6X43P41YQ48</nonce_str><out_trade_no>1492145-6559-000-002-836</out_trade_no><sign>3681D8431977948B8FA09AD006722E96</sign></xml>');INSERT INTO `pms_order_pay_http_log` VALUES ('2017-04-14 13:20:16', '1492145-6559-000-002-836', 'QUERY_PAY', '0', 'https://api.mch.weixin.qq.com/pay/orderquery', '<xml><return_code><![CDATA[SUCCESS]]></return_code>\n<return_msg><![CDATA[OK]]></return_msg>\n<appid><![CDATA[wxfec1f26a067221ae]]></appid>\n<mch_id><![CDATA[1236388002]]></mch_id>\n<nonce_str><![CDATA[9Wpw5nArhCmYQ80Z]]></nonce_str>\n<sign><![CDATA[D08CD85E1D4B8A2E577B5E6932D85F77]]></sign>\n<result_code><![CDATA[SUCCESS]]></result_code>\n<out_trade_no><![CDATA[1492145-6559-000-002-836]]></out_trade_no>\n<trade_state><![CDATA[CLOSED]]></trade_state>\n<trade_state_desc><![CDATA[订单已关闭]]></trade_state_desc>\n</xml>');INSERT INTO `pms_order_pay_http_log` VALUES ('2017-04-14 13:29:07', '1492147-7462-000-001-808', 'NEW_ORDER', '1', '/pay/wx/order', '{\r\n  \"id\": \"1490854436923-ROBOabcdefg-jl3HDd\",\r\n  \"orderPseudoNo\": \"201704141251-05\",\r\n  \"orderTime\": \"2017-04-14T12:54:41+08:00\",\r\n  \"orderDesc\": \"周黑鸭张浦店-食品\",\r\n  \"orderList\": [\r\n    {\r\n      \"itemId\": \"RVNGW55KECUS3ITIEDFN6R00RP3Y4X19\",\r\n      \"itemQty\": 1\r\n    }\r\n  ],\r\n  \"payMethod\": \"NATIVE\",\r\n  \"robotUid\": \"testROBOabcdefg\",\r\n  \"robotModel\": \"yingbin\",\r\n  \"venderCode\": \"ZHY\",\r\n  \"venderUser\": \"12345678901\"\r\n}');INSERT INTO `pms_order_pay_http_log` VALUES ('2017-04-14 13:29:07', '1492147-7462-000-001-808', 'NEW_PAY', '1', 'https://api.mch.weixin.qq.com/pay/unifiedorder', '<xml><appid>wxfec1f26a067221ae</appid><attach>201704141251-05</attach><body>周黑鸭张浦店-食品</body><mch_id>1236388002</mch_id><nonce_str>HACWTHD48PUL5M6SYTIW5SRG47XF6VLO</nonce_str><notify_url>http://120.27.233.57:9090/api/pay/wx/callback</notify_url><out_trade_no>1492147-7462-000-001-808</out_trade_no><product_id>92147746200000180820170414125105</product_id><sign>F1B30F95252F38611C215FAA2F3B8E3B</sign><spbill_create_ip>120.27.233.57</spbill_create_ip><time_expire>20170414135906</time_expire><time_start>20170414132906</time_start><total_fee>1</total_fee><trade_type>NATIVE</trade_type></xml>');INSERT INTO `pms_order_pay_http_log` VALUES ('2017-04-14 13:31:11', '1492147-7462-000-001-808', 'CLOSE_ORDER', '1', '/pay/wx/close', '{\n  \"id\": \"1490854731362-ROBOabcdefg-jSklih\",\n  \"orderId\": \"1492147-7462-000-001-808\",\n  \"robotUid\": \"testROBOabcdefg\",\n  \"robotModel\":\"yingbin\"\n}');INSERT INTO `pms_order_pay_http_log` VALUES ('2017-04-14 13:31:11', '1492147-7462-000-001-808', 'CLOSE_PAY', '1', 'https://api.mch.weixin.qq.com/pay/closeorder', '<xml><appid>wxfec1f26a067221ae</appid><mch_id>1236388002</mch_id><nonce_str>VYPZHGESY4PZP8Q4NO0R5TSZ3PIZUDYZ</nonce_str><out_trade_no>1492147-7462-000-001-808</out_trade_no><sign>D0E8C52BE5D1D17ACC08C06DD2183280</sign></xml>');INSERT INTO `pms_order_pay_http_log` VALUES ('2017-04-14 13:32:56', '1492147-9757-000-001-706', 'NEW_ORDER', '1', '/pay/wx/order', '{\r\n  \"id\": \"1490854436923-ROBOabcdefg-jl3HDd\",\r\n  \"orderPseudoNo\": \"201704141251-06\",\r\n  \"orderTime\": \"2017-04-14T12:54:41+08:00\",\r\n  \"orderDesc\": \"周黑鸭张浦店-食品\",\r\n  \"orderList\": [\r\n    {\r\n      \"itemId\": \"RVNGW55KECUS3ITIEDFN6R00RP3Y4X19\",\r\n      \"itemQty\": 1\r\n    }\r\n  ],\r\n  \"payMethod\": \"NATIVE\",\r\n  \"robotUid\": \"testROBOabcdefg\",\r\n  \"robotModel\": \"yingbin\",\r\n  \"venderCode\": \"ZHY\",\r\n  \"venderUser\": \"12345678901\"\r\n}');INSERT INTO `pms_order_pay_http_log` VALUES ('2017-04-14 13:32:56', '1492147-9757-000-001-706', 'NEW_PAY', '1', 'https://api.mch.weixin.qq.com/pay/unifiedorder', '<xml><appid>wxfec1f26a067221ae</appid><attach>201704141251-06</attach><body>周黑鸭张浦店-食品</body><mch_id>1236388002</mch_id><nonce_str>7L251FPZ78GHAFEBHADPLCVUFX7XW9JF</nonce_str><notify_url>http://120.27.233.57:9090/api/pay/wx/callback</notify_url><out_trade_no>1492147-9757-000-001-706</out_trade_no><product_id>92147975700000170620170414125106</product_id><sign>545200CC494F05DCF0B877AF13FCC65C</sign><spbill_create_ip>120.27.233.57</spbill_create_ip><time_expire>20170414140255</time_expire><time_start>20170414133255</time_start><total_fee>1</total_fee><trade_type>NATIVE</trade_type></xml>');INSERT INTO `pms_order_pay_http_log` VALUES ('2017-04-14 13:40:32', '1492147-9757-000-001-706', 'QUERY_PAY', '1', 'https://api.mch.weixin.qq.com/pay/orderquery', '<xml><appid>wxfec1f26a067221ae</appid><mch_id>1236388002</mch_id><nonce_str>WYA7Z67EZ08B5YGWNK9B7MCHSHY3XY76</nonce_str><out_trade_no>1492147-9757-000-001-706</out_trade_no><sign>71E51681CA4DAB5136B4DC5CFF143FD8</sign></xml>');INSERT INTO `pms_order_pay_http_log` VALUES ('2017-04-14 13:40:35', '1492147-9757-000-001-706', 'QUERY_PAY', '0', 'https://api.mch.weixin.qq.com/pay/orderquery', '<xml><return_code><![CDATA[SUCCESS]]></return_code>\n<return_msg><![CDATA[OK]]></return_msg>\n<appid><![CDATA[wxfec1f26a067221ae]]></appid>\n<mch_id><![CDATA[1236388002]]></mch_id>\n<nonce_str><![CDATA[JOF1DWlGUNuKEv0u]]></nonce_str>\n<sign><![CDATA[CC49DB6020E96EFF2AC0E80437700796]]></sign>\n<result_code><![CDATA[SUCCESS]]></result_code>\n<openid><![CDATA[o-WsVt5A1Mfr-wcIa9Hv-I_bTD1A]]></openid>\n<is_subscribe><![CDATA[N]]></is_subscribe>\n<trade_type><![CDATA[NATIVE]]></trade_type>\n<bank_type><![CDATA[CFT]]></bank_type>\n<total_fee>1</total_fee>\n<fee_type><![CDATA[CNY]]></fee_type>\n<transaction_id><![CDATA[4000702001201704146954198168]]></transaction_id>\n<out_trade_no><![CDATA[1492147-9757-000-001-706]]></out_trade_no>\n<attach><![CDATA[201704141251-06]]></attach>\n<time_end><![CDATA[20170414133943]]></time_end>\n<trade_state><![CDATA[SUCCESS]]></trade_state>\n<cash_fee>1</cash_fee>\n</xml>');INSERT INTO `pms_order_pay_http_log` VALUES ('2017-04-14 13:44:19', '1492148-6583-000-001-549', 'NEW_ORDER', '1', '/pay/wx/order', '{\r\n  \"id\": \"1490854436923-ROBOabcdefg-jl3HDd\",\r\n  \"orderPseudoNo\": \"201704141251-07\",\r\n  \"orderTime\": \"2017-04-14T12:54:41+08:00\",\r\n  \"orderDesc\": \"周黑鸭张浦店-食品\",\r\n  \"orderList\": [\r\n    {\r\n      \"itemId\": \"RVNGW55KECUS3ITIEDFN6R00RP3Y4X19\",\r\n      \"itemQty\": 1\r\n    }\r\n  ],\r\n  \"payMethod\": \"NATIVE\",\r\n  \"robotUid\": \"testROBOabcdefg\",\r\n  \"robotModel\": \"yingbin\",\r\n  \"venderCode\": \"ZHY\",\r\n  \"venderUser\": \"12345678901\"\r\n}');INSERT INTO `pms_order_pay_http_log` VALUES ('2017-04-14 13:44:19', '1492148-6583-000-001-549', 'NEW_PAY', '1', 'https://api.mch.weixin.qq.com/pay/unifiedorder', '<xml><appid>wxfec1f26a067221ae</appid><attach>201704141251-07</attach><body>周黑鸭张浦店-食品</body><mch_id>1236388002</mch_id><nonce_str>63G32CPB4D7SXPP7L7645MGM7DMYFRW6</nonce_str><notify_url>http://120.27.233.57:9090/api/pay/wx/callback</notify_url><out_trade_no>1492148-6583-000-001-549</out_trade_no><product_id>92148658300000154920170414125107</product_id><sign>668BBEA54D944A96D1D58880699B1442</sign><spbill_create_ip>120.27.233.57</spbill_create_ip><time_expire>20170414141418</time_expire><time_start>20170414134418</time_start><total_fee>1</total_fee><trade_type>NATIVE</trade_type></xml>');INSERT INTO `pms_order_pay_http_log` VALUES ('2017-04-14 13:44:51', '1492148-6904-000-002-844', 'NEW_ORDER', '1', '/pay/wx/order', '{\r\n  \"id\": \"1490854436923-ROBOabcdefg-jl3HDd\",\r\n  \"orderPseudoNo\": \"201704141251-08\",\r\n  \"orderTime\": \"2017-04-14T12:54:41+08:00\",\r\n  \"orderDesc\": \"周黑鸭张浦店-食品\",\r\n  \"orderList\": [\r\n    {\r\n      \"itemId\": \"RVNGW55KECUS3ITIEDFN6R00RP3Y4X19\",\r\n      \"itemQty\": 1\r\n    }\r\n  ],\r\n  \"payMethod\": \"NATIVE\",\r\n  \"robotUid\": \"testROBOabcdefg\",\r\n  \"robotModel\": \"yingbin\",\r\n  \"venderCode\": \"ZHY\",\r\n  \"venderUser\": \"12345678901\"\r\n}');INSERT INTO `pms_order_pay_http_log` VALUES ('2017-04-14 13:44:51', '1492148-6904-000-002-844', 'NEW_PAY', '1', 'https://api.mch.weixin.qq.com/pay/unifiedorder', '<xml><appid>wxfec1f26a067221ae</appid><attach>201704141251-08</attach><body>周黑鸭张浦店-食品</body><mch_id>1236388002</mch_id><nonce_str>NUNX54F833MQW64ZP9M2TU3PBGG7FOSX</nonce_str><notify_url>http://120.27.233.57:9090/api/pay/wx/callback</notify_url><out_trade_no>1492148-6904-000-002-844</out_trade_no><product_id>92148690400000284420170414125108</product_id><sign>8AD2629BD5F4FE38182FE204D4D3816A</sign><spbill_create_ip>120.27.233.57</spbill_create_ip><time_expire>20170414141450</time_expire><time_start>20170414134450</time_start><total_fee>1</total_fee><trade_type>NATIVE</trade_type></xml>');INSERT INTO `pms_order_pay_http_log` VALUES ('2017-04-14 13:47:04', '1492148-6904-000-002-844', 'NOTIFY_PAY_RESULT', '1', '/wx/pay/callback', '<xml><appid><![CDATA[wxfec1f26a067221ae]]></appid>\n<attach><![CDATA[201704141251-08]]></attach>\n<bank_type><![CDATA[CFT]]></bank_type>\n<cash_fee><![CDATA[1]]></cash_fee>\n<fee_type><![CDATA[CNY]]></fee_type>\n<is_subscribe><![CDATA[N]]></is_subscribe>\n<mch_id><![CDATA[1236388002]]></mch_id>\n<nonce_str><![CDATA[NUNX54F833MQW64ZP9M2TU3PBGG7FOSX]]></nonce_str>\n<openid><![CDATA[o-WsVt5A1Mfr-wcIa9Hv-I_bTD1A]]></openid>\n<out_trade_no><![CDATA[1492148-6904-000-002-844]]></out_trade_no>\n<result_code><![CDATA[SUCCESS]]></result_code>\n<return_code><![CDATA[SUCCESS]]></return_code>\n<sign><![CDATA[54B30CB2FE5BCF4E9B8265A3A7D7417D]]></sign>\n<time_end><![CDATA[20170414134514]]></time_end>\n<total_fee>1</total_fee>\n<trade_type><![CDATA[NATIVE]]></trade_type>\n<transaction_id><![CDATA[4000702001201704146957755333]]></transaction_id>\n</xml>');INSERT INTO `pms_order_pay_http_log` VALUES ('2017-04-14 13:53:23', '1492148-6583-000-001-549', 'QUERY_PAY', '1', 'https://api.mch.weixin.qq.com/pay/orderquery', '<xml><appid>wxfec1f26a067221ae</appid><mch_id>1236388002</mch_id><nonce_str>9I8F0JB076H15RULOR8J8IMCPQ9HXRYY</nonce_str><out_trade_no>1492148-6583-000-001-549</out_trade_no><sign>1F9B6529B69CFC5DA18003FEE3E79959</sign></xml>');INSERT INTO `pms_order_pay_http_log` VALUES ('2017-04-14 13:53:27', '1492148-6583-000-001-549', 'QUERY_PAY', '0', 'https://api.mch.weixin.qq.com/pay/orderquery', '<xml><return_code><![CDATA[SUCCESS]]></return_code>\n<return_msg><![CDATA[OK]]></return_msg>\n<appid><![CDATA[wxfec1f26a067221ae]]></appid>\n<mch_id><![CDATA[1236388002]]></mch_id>\n<nonce_str><![CDATA[M7GAmJGs8vGAz6LW]]></nonce_str>\n<sign><![CDATA[87E31570702149B2E3EC1FEC747747F3]]></sign>\n<result_code><![CDATA[SUCCESS]]></result_code>\n<out_trade_no><![CDATA[1492148-6583-000-001-549]]></out_trade_no>\n<trade_state><![CDATA[NOTPAY]]></trade_state>\n<trade_state_desc><![CDATA[订单未支付]]></trade_state_desc>\n</xml>');INSERT INTO `pms_order_pay_http_log` VALUES ('2017-04-14 14:08:56', '1492150-1365-000-001-906', 'NEW_ORDER', '1', '/pay/wx/order', '{\r\n  \"id\": \"1490854436923-ROBOabcdefg-jl3HDd\",\r\n  \"orderPseudoNo\": \"201704141251-09\",\r\n  \"orderTime\": \"2017-04-14T12:54:41+08:00\",\r\n  \"orderDesc\": \"周黑鸭张浦店-食品\",\r\n  \"orderList\": [\r\n    {\r\n      \"itemId\": \"RVNGW55KECUS3ITIEDFN6R00RP3Y4X19\",\r\n      \"itemQty\": 1\r\n    }\r\n  ],\r\n  \"payMethod\": \"NATIVE\",\r\n  \"robotUid\": \"testROBOabcdefg\",\r\n  \"robotModel\": \"yingbin\",\r\n  \"venderCode\": \"ZHY\",\r\n  \"venderUser\": \"12345678901\"\r\n}');INSERT INTO `pms_order_pay_http_log` VALUES ('2017-04-14 14:08:56', '1492150-1365-000-001-906', 'NEW_PAY', '1', 'https://api.mch.weixin.qq.com/pay/unifiedorder', '<xml><appid>wxfec1f26a067221ae</appid><attach>201704141251-09</attach><body>周黑鸭张浦店-食品</body><mch_id>1236388002</mch_id><nonce_str>FHM1AX8YRVPCELNWXU1803UNDP4NRDHX</nonce_str><notify_url>http://120.27.233.57:8080/api/pay/wx/callback</notify_url><out_trade_no>1492150-1365-000-001-906</out_trade_no><product_id>92150136500000190620170414125109</product_id><sign>785B40880B30DCF63249697AF4C09E67</sign><spbill_create_ip>120.27.233.57</spbill_create_ip><time_expire>20170414142356</time_expire><time_start>20170414140856</time_start><total_fee>1</total_fee><trade_type>NATIVE</trade_type></xml>');INSERT INTO `pms_order_pay_http_log` VALUES ('2017-04-14 14:12:55', '1492150-3755-000-002-069', 'NEW_ORDER', '1', '/pay/wx/order', '{\r\n  \"id\": \"1490854436923-ROBOabcdefg-jl3HDd\",\r\n  \"orderPseudoNo\": \"201704141251-10\",\r\n  \"orderTime\": \"2017-04-14T12:54:41+08:00\",\r\n  \"orderDesc\": \"周黑鸭张浦店-食品\",\r\n  \"orderList\": [\r\n    {\r\n      \"itemId\": \"RVNGW55KECUS3ITIEDFN6R00RP3Y4X19\",\r\n      \"itemQty\": 1\r\n    }\r\n  ],\r\n  \"payMethod\": \"NATIVE\",\r\n  \"robotUid\": \"testROBOabcdefg\",\r\n  \"robotModel\": \"yingbin\",\r\n  \"venderCode\": \"ZHY\",\r\n  \"venderUser\": \"12345678901\"\r\n}');INSERT INTO `pms_order_pay_http_log` VALUES ('2017-04-14 14:12:55', '1492150-3755-000-002-069', 'NEW_PAY', '1', 'https://api.mch.weixin.qq.com/pay/unifiedorder', '<xml><appid>wxfec1f26a067221ae</appid><attach>201704141251-10</attach><body>周黑鸭张浦店-食品</body><mch_id>1236388002</mch_id><nonce_str>UFMVAHMVSO9W76FIED4FDTHWHZOP30O4</nonce_str><notify_url>http://120.27.233.57:8080/api/pay/wx/callback</notify_url><out_trade_no>1492150-3755-000-002-069</out_trade_no><product_id>92150375500000206920170414125110</product_id><sign>DE510676DBDB2B80164689420233594F</sign><spbill_create_ip>120.27.233.57</spbill_create_ip><time_expire>20170414142755</time_expire><time_start>20170414141255</time_start><total_fee>1</total_fee><trade_type>NATIVE</trade_type></xml>');INSERT INTO `pms_order_pay_http_log` VALUES ('2017-04-14 14:13:23', '1492150-3755-000-002-069', 'NOTIFY_PAY_RESULT', '1', '/wx/pay/callback', '<xml><appid><![CDATA[wxfec1f26a067221ae]]></appid>\n<attach><![CDATA[201704141251-10]]></attach>\n<bank_type><![CDATA[CFT]]></bank_type>\n<cash_fee><![CDATA[1]]></cash_fee>\n<fee_type><![CDATA[CNY]]></fee_type>\n<is_subscribe><![CDATA[N]]></is_subscribe>\n<mch_id><![CDATA[1236388002]]></mch_id>\n<nonce_str><![CDATA[UFMVAHMVSO9W76FIED4FDTHWHZOP30O4]]></nonce_str>\n<openid><![CDATA[o-WsVt5A1Mfr-wcIa9Hv-I_bTD1A]]></openid>\n<out_trade_no><![CDATA[1492150-3755-000-002-069]]></out_trade_no>\n<result_code><![CDATA[SUCCESS]]></result_code>\n<return_code><![CDATA[SUCCESS]]></return_code>\n<sign><![CDATA[D5B8934B1E3475DFBCD1E7E4E26EF343]]></sign>\n<time_end><![CDATA[20170414141323]]></time_end>\n<total_fee>1</total_fee>\n<trade_type><![CDATA[NATIVE]]></trade_type>\n<transaction_id><![CDATA[4000702001201704146964482179]]></transaction_id>\n</xml>');INSERT INTO `pms_order_pay_http_log` VALUES ('2017-04-14 14:16:09', '1492150-1365-000-001-906', 'QUERY_PAY', '1', 'https://api.mch.weixin.qq.com/pay/orderquery', '<xml><appid>wxfec1f26a067221ae</appid><mch_id>1236388002</mch_id><nonce_str>X85HR0PFAJH5BYY7DSECEB9KFIVNV25Q</nonce_str><out_trade_no>1492150-1365-000-001-906</out_trade_no><sign>B7604C60A0E12E1029ED763EBC87A7D0</sign></xml>');INSERT INTO `pms_order_pay_http_log` VALUES ('2017-04-14 14:16:09', '1492150-1365-000-001-906', 'QUERY_PAY', '0', 'https://api.mch.weixin.qq.com/pay/orderquery', '<xml><return_code><![CDATA[SUCCESS]]></return_code>\n<return_msg><![CDATA[OK]]></return_msg>\n<appid><![CDATA[wxfec1f26a067221ae]]></appid>\n<mch_id><![CDATA[1236388002]]></mch_id>\n<nonce_str><![CDATA[JZKzUhJyZIlkLoUy]]></nonce_str>\n<sign><![CDATA[D1E5E1AD446E5D68EA03F5CDDA5D76AC]]></sign>\n<result_code><![CDATA[SUCCESS]]></result_code>\n<out_trade_no><![CDATA[1492150-1365-000-001-906]]></out_trade_no>\n<trade_state><![CDATA[NOTPAY]]></trade_state>\n<trade_state_desc><![CDATA[订单未支付]]></trade_state_desc>\n</xml>');INSERT INTO `pms_order_pay_http_log` VALUES ('2017-04-14 14:22:46', '1492150-1365-000-001-906', 'CLOSE_ORDER', '1', '/pay/wx/close', '{\n  \"id\": \"1490854731362-ROBOabcdefg-jSklih\",\n  \"orderId\": \"1492150-1365-000-001-906\",\n  \"robotUid\": \"testROBOabcdefg\",\n  \"robotModel\":\"yingbin\"\n}');INSERT INTO `pms_order_pay_http_log` VALUES ('2017-04-14 14:22:46', '1492150-1365-000-001-906', 'CLOSE_PAY', '1', 'https://api.mch.weixin.qq.com/pay/closeorder', '<xml><appid>wxfec1f26a067221ae</appid><mch_id>1236388002</mch_id><nonce_str>OWQMU2PPLVU5YUFD8CSIOD3N0CTIKBJT</nonce_str><out_trade_no>1492150-1365-000-001-906</out_trade_no><sign>B69E56DE09A88BCEE13CB99494A24E65</sign></xml>');INSERT INTO `pms_order_pay_http_log` VALUES ('2017-04-14 14:28:22', '1492151-3023-000-001-437', 'NEW_ORDER', '1', '/pay/wx/order', '{\r\n  \"id\": \"1490854436923-ROBOabcdefg-jl3HDd\",\r\n  \"orderPseudoNo\": \"201704141251-11\",\r\n  \"orderTime\": \"2017-04-14T12:54:41+08:00\",\r\n  \"orderDesc\": \"周黑鸭张浦店-食品\",\r\n  \"orderList\": [\r\n    {\r\n      \"itemId\": \"RVNGW55KECUS3ITIEDFN6R00RP3Y4X19\",\r\n      \"itemQty\": 1\r\n    }\r\n  ],\r\n  \"payMethod\": \"NATIVE\",\r\n  \"robotUid\": \"testROBOabcdefg\",\r\n  \"robotModel\": \"yingbin\",\r\n  \"venderCode\": \"ZHY\",\r\n  \"venderUser\": \"12345678901\"\r\n}');INSERT INTO `pms_order_pay_http_log` VALUES ('2017-04-14 14:28:22', '1492151-3023-000-001-437', 'NEW_PAY', '1', 'https://api.mch.weixin.qq.com/pay/unifiedorder', '<xml><appid>wxfec1f26a067221ae</appid><attach>201704141251-11</attach><body>周黑鸭张浦店-食品</body><mch_id>1236388002</mch_id><nonce_str>3TR7H4I0VZSDL0VAZSDN34MCGHEVFU4Z</nonce_str><notify_url>http://120.27.233.57:8080/api/pay/wx/callback</notify_url><out_trade_no>1492151-3023-000-001-437</out_trade_no><product_id>92151302300000143720170414125111</product_id><sign>760508B6256B82388AE0A89E7E7F85AE</sign><spbill_create_ip>120.27.233.57</spbill_create_ip><time_expire>20170414144322</time_expire><time_start>20170414142822</time_start><total_fee>1</total_fee><trade_type>NATIVE</trade_type></xml>');INSERT INTO `pms_order_pay_http_log` VALUES ('2017-04-14 16:34:59', '1492148-6583-000-001-549', 'QUERY_PAY', '1', 'https://api.mch.weixin.qq.com/pay/orderquery', '<xml><appid>wxfec1f26a067221ae</appid><mch_id>1236388002</mch_id><nonce_str>0WPM2AP8EANRRAI93JNP3RQ5T66RUW8Q</nonce_str><out_trade_no>1492148-6583-000-001-549</out_trade_no><sign>E6D0BA12737F1565D5705DD898A85F41</sign></xml>');INSERT INTO `pms_order_pay_http_log` VALUES ('2017-04-14 16:34:59', '1492148-6583-000-001-549', 'QUERY_PAY', '0', 'https://api.mch.weixin.qq.com/pay/orderquery', '<xml><return_code><![CDATA[SUCCESS]]></return_code>\n<return_msg><![CDATA[OK]]></return_msg>\n<appid><![CDATA[wxfec1f26a067221ae]]></appid>\n<mch_id><![CDATA[1236388002]]></mch_id>\n<nonce_str><![CDATA[u8DsHlqNUoio1tsb]]></nonce_str>\n<sign><![CDATA[39A921F4A5B9B1B69C9B2846A749D563]]></sign>\n<result_code><![CDATA[SUCCESS]]></result_code>\n<out_trade_no><![CDATA[1492148-6583-000-001-549]]></out_trade_no>\n<trade_state><![CDATA[NOTPAY]]></trade_state>\n<trade_state_desc><![CDATA[订单未支付]]></trade_state_desc>\n</xml>');INSERT INTO `pms_order_pay_http_log` VALUES ('2017-04-14 17:41:17', '1492151-3023-000-001-437', 'CLOSE_ORDER', '1', '/pay/wx/close', '{\n  \"id\": \"1490854731362-ROBOabcdefg-jSklih\",\n  \"orderId\": \"1492151-3023-000-001-437\",\n  \"robotUid\": \"testROBOabcdefg\",\n  \"robotModel\":\"yingbin\"\n}');INSERT INTO `pms_order_pay_http_log` VALUES ('2017-04-14 17:41:17', '1492151-3023-000-001-437', 'CLOSE_PAY', '1', 'https://api.mch.weixin.qq.com/pay/closeorder', '<xml><appid>wxfec1f26a067221ae</appid><mch_id>1236388002</mch_id><nonce_str>YRSSMPYMVR3K5RLLRMCQ2VFIS4UN3GVO</nonce_str><out_trade_no>1492151-3023-000-001-437</out_trade_no><sign>50FDEC96EE8E0A16855BE3D999DA6A94</sign></xml>');INSERT INTO `pms_order_pay_http_log` VALUES ('2017-04-17 09:45:15', '1492393-5144-000-001-077', 'NEW_ORDER', '1', '/pay/wx/order', '{\r\n  \"id\": \"1490854436923-ROBOabcdefg-jl3HDd\",\r\n  \"orderPseudoNo\": \"201704051745-01\",\r\n  \"orderTime\": \"2017-04-05T17:51:41+08:00\",\r\n  \"orderDesc\": \"周黑鸭张浦店-食品\",\r\n  \"orderList\": [\r\n    {\r\n      \"itemId\": \"RVNGW55KECUS3ITIEDFN6R00RP3Y4X19\",\r\n      \"itemQty\": 1\r\n    }\r\n  ],\r\n  \"payMethod\": \"NATIVE\",\r\n  \"robotUid\": \"testROBOabcdefg\",\r\n  \"robotModel\": \"yingbin\",\r\n  \"venderCode\": \"ZHY\",\r\n  \"venderUser\": \"12345678901\"\r\n}');INSERT INTO `pms_order_pay_http_log` VALUES ('2017-04-17 09:45:15', '1492393-5144-000-001-077', 'NEW_PAY', '1', 'https://api.mch.weixin.qq.com/pay/unifiedorder', '<xml><appid>wxfec1f26a067221ae</appid><attach>201704051745-01</attach><body>周黑鸭张浦店-食品</body><mch_id>1236388002</mch_id><nonce_str>INOAWW8WPB36KGP5HEEAHW330OKJFX4Q</nonce_str><notify_url>http://120.27.233.57:9090/api/pay/wx/callback</notify_url><out_trade_no>1492393-5144-000-001-077</out_trade_no><product_id>92393514400000107720170405174501</product_id><sign>818CD9F0BAE9AF63DF8EC110C78190D5</sign><spbill_create_ip>120.27.233.57</spbill_create_ip><time_expire>20170417100014</time_expire><time_start>20170417094514</time_start><total_fee>1</total_fee><trade_type>NATIVE</trade_type></xml>');INSERT INTO `pms_order_pay_http_log` VALUES ('2017-04-18 00:18:17', '1492445-8970-000-001-006', 'NEW_ORDER', '1', '/pay/wx/order', '{\r\n  \"id\": \"1490854436923-ROBOabcdefg-jl3HDd\",\r\n  \"orderPseudoNo\": \"201704051745-10\",\r\n  \"orderTime\": \"2017-04-05T17:51:41+08:00\",\r\n  \"orderDesc\": \"周黑鸭张浦店-食品\",\r\n  \"orderList\": [\r\n    {\r\n      \"itemId\": \"PDZTW1RC1UF82MDQQQ1HK0SSMCCAQRTC\",\r\n      \"itemQty\": 1\r\n    },\r\n    {\r\n      \"itemId\": \"RVNGW55KECUS3ITIEDFN6R00RP3Y4X19\",\r\n      \"itemQty\": 1\r\n    }\r\n  ],\r\n  \"payMethod\": \"NATIVE\",\r\n  \"robotUid\": \"testROBOabcdefg\",\r\n  \"robotModel\": \"yingbin\",\r\n  \"venderCode\": \"ZHY\",\r\n  \"venderUser\": \"12345678901\"\r\n}');INSERT INTO `pms_order_pay_http_log` VALUES ('2017-04-18 00:18:17', '1492445-8970-000-001-006', 'NEW_PAY', '1', 'https://api.mch.weixin.qq.com/pay/unifiedorder', '<xml><appid>wxfec1f26a067221ae</appid><attach>201704051745-10</attach><body>周黑鸭张浦店-食品</body><mch_id>1236388002</mch_id><nonce_str>QANMNJ37IG2ITC7IVPEF5BIWL3G5BPTS</nonce_str><notify_url>http://120.27.233.57:9090/api/pay/wx/callback</notify_url><out_trade_no>1492445-8970-000-001-006</out_trade_no><product_id>92445897000000100620170405174510</product_id><sign>AC6DDB30F9AC2E3D7BD9C9D48E20E163</sign><spbill_create_ip>120.27.233.57</spbill_create_ip><time_expire>20170418003317</time_expire><time_start>20170418001817</time_start><total_fee>2</total_fee><trade_type>NATIVE</trade_type></xml>');INSERT INTO `pms_order_pay_http_log` VALUES ('2017-04-18 09:14:46', '1492478-0860-000-001-241', 'NEW_ORDER', '1', '/pay/wx/order', '{\r\n  \"id\": \"1490854436923-ROBOabcdefg-jl3HDd\",\r\n  \"orderPseudoNo\": \"201704051745-21\",\r\n  \"orderTime\": \"2017-04-05T17:51:41+08:00\",\r\n  \"orderDesc\": \"周黑鸭张浦店-食品\",\r\n  \"orderList\": [\r\n    {\r\n      \"itemId\": \"RVNGW55KECUS3ITIEDFN6R00RP3Y4X19\",\r\n      \"itemQty\": 1\r\n    }\r\n  ],\r\n  \"payMethod\": \"NATIVE\",\r\n  \"robotUid\": \"testROBOabcdefg\",\r\n  \"robotModel\": \"yingbin\",\r\n  \"venderCode\": \"ZHY\",\r\n  \"venderUser\": \"12345678901\"\r\n}');INSERT INTO `pms_order_pay_http_log` VALUES ('2017-04-18 09:14:46', '1492478-0860-000-001-241', 'NEW_PAY', '1', 'https://api.mch.weixin.qq.com/pay/unifiedorder', '<xml><appid>wxfec1f26a067221ae</appid><attach>201704051745-21</attach><body>周黑鸭张浦店-食品</body><mch_id>1236388002</mch_id><nonce_str>Q12Q8KT7C3GC8RVG7MO1KT3L2XY7LZ5O</nonce_str><notify_url>http://120.27.233.57:8080/api/pay/wx/callback</notify_url><out_trade_no>1492478-0860-000-001-241</out_trade_no><product_id>92478086000000124120170405174521</product_id><sign>CCCEB3F943BAB7FA8354CE5F5C4AAE74</sign><spbill_create_ip>120.27.233.57</spbill_create_ip><time_expire>20170418092946</time_expire><time_start>20170418091446</time_start><total_fee>1</total_fee><trade_type>NATIVE</trade_type></xml>');INSERT INTO `pms_order_pay_http_log` VALUES ('2017-04-18 09:55:19', '1492480-5198-000-002-609', 'NEW_ORDER', '1', '/pay/wx/order', '{\r\n  \"id\": \"1490854436923-ROBOabcdefg-jl3HDd\",\r\n  \"orderPseudoNo\": \"201704051745-22\",\r\n  \"orderTime\": \"2017-04-05T17:51:41+08:00\",\r\n  \"orderDesc\": \"周黑鸭张浦店-食品\",\r\n  \"orderList\": [\r\n    {\r\n      \"itemId\": \"RVNGW55KECUS3ITIEDFN6R00RP3Y4X19\",\r\n      \"itemQty\": 1\r\n    }\r\n  ],\r\n  \"payMethod\": \"NATIVE\",\r\n  \"robotUid\": \"testROBOabcdefg\",\r\n  \"robotModel\": \"yingbin\",\r\n  \"venderCode\": \"ZHY\",\r\n  \"venderUser\": \"12345678901\"\r\n}');INSERT INTO `pms_order_pay_http_log` VALUES ('2017-04-18 09:55:19', '1492480-5198-000-002-609', 'NEW_PAY', '1', 'https://api.mch.weixin.qq.com/pay/unifiedorder', '<xml><appid>wxfec1f26a067221ae</appid><attach>201704051745-22</attach><body>周黑鸭张浦店-食品</body><mch_id>1236388002</mch_id><nonce_str>0Z0KNL8KMWMCY9HRMSG12H4NN9L8QN2W</nonce_str><notify_url>http://120.27.233.57:8080/api/pay/wx/callback</notify_url><out_trade_no>1492480-5198-000-002-609</out_trade_no><product_id>92480519800000260920170405174522</product_id><sign>DF56755D1978E4E5C412B0F7FC45031D</sign><spbill_create_ip>120.27.233.57</spbill_create_ip><time_expire>20170418101019</time_expire><time_start>20170418095519</time_start><total_fee>1</total_fee><trade_type>NATIVE</trade_type></xml>');INSERT INTO `pms_order_pay_http_log` VALUES ('2017-04-19 13:19:21', '1492579-1541-000-001-280', 'NEW_ORDER', '1', '/pay/wx/order', '{\r\n  \"id\": \"1490854436923-ROBOabcdefg-jl3HDd\",\r\n  \"orderPseudoNo\": \"201704051745-31\",\r\n  \"orderTime\": \"2017-04-05T17:51:41+08:00\",\r\n  \"orderDesc\": \"周黑鸭张浦店-食品\",\r\n  \"orderList\": [\r\n    {\r\n      \"itemId\": \"RVNGW55KECUS3ITIEDFN6R00RP3Y4X19\",\r\n      \"itemQty\": 1\r\n    }\r\n  ],\r\n  \"payMethod\": \"NATIVE\",\r\n  \"robotUid\": \"testROBOabcdefg\",\r\n  \"robotModel\": \"yingbin\",\r\n  \"venderCode\": \"ZHY\",\r\n  \"venderUser\": \"12345678901\"\r\n}');INSERT INTO `pms_order_pay_http_log` VALUES ('2017-04-19 13:19:21', '1492579-1541-000-001-280', 'NEW_PAY', '1', 'https://api.mch.weixin.qq.com/pay/unifiedorder', '<xml><appid>wxfec1f26a067221ae</appid><attach>201704051745-31</attach><body>周黑鸭张浦店-食品</body><mch_id>1236388002</mch_id><nonce_str>WDNO8EIWNU3X7MGJPFVI8WQPAEOBG9UP</nonce_str><notify_url>http://118.178.188.27:8080/api/pay/wx/callback</notify_url><out_trade_no>1492579-1541-000-001-280</out_trade_no><product_id>92579154100000128020170405174531</product_id><sign>3B76652091D1EE8B61B9886226803957</sign><spbill_create_ip>118.178.188.27</spbill_create_ip><time_expire>20170419133414</time_expire><time_start>20170419131914</time_start><total_fee>1</total_fee><trade_type>NATIVE</trade_type></xml>');INSERT INTO `pms_order_pay_http_log` VALUES ('2017-04-19 13:21:27', '1492579-1541-000-001-280', 'QUERY_PAY', '1', 'https://api.mch.weixin.qq.com/pay/orderquery', '<xml><appid>wxfec1f26a067221ae</appid><mch_id>1236388002</mch_id><nonce_str>DQIPF5SJA6N3U8DF178EE1KMU8HZP488</nonce_str><out_trade_no>1492579-1541-000-001-280</out_trade_no><sign>4F0941631AC0995F711E0FBAA2C56227</sign></xml>');INSERT INTO `pms_order_pay_http_log` VALUES ('2017-04-19 13:21:28', '1492579-1541-000-001-280', 'QUERY_PAY', '0', 'https://api.mch.weixin.qq.com/pay/orderquery', '<xml><return_code><![CDATA[SUCCESS]]></return_code>\n<return_msg><![CDATA[OK]]></return_msg>\n<appid><![CDATA[wxfec1f26a067221ae]]></appid>\n<mch_id><![CDATA[1236388002]]></mch_id>\n<nonce_str><![CDATA[hxJF1Dpl4GHkRahU]]></nonce_str>\n<sign><![CDATA[244FF609D7BD4A0F87B52F77B5FB95E5]]></sign>\n<result_code><![CDATA[SUCCESS]]></result_code>\n<out_trade_no><![CDATA[1492579-1541-000-001-280]]></out_trade_no>\n<trade_state><![CDATA[NOTPAY]]></trade_state>\n<trade_state_desc><![CDATA[订单未支付]]></trade_state_desc>\n</xml>');INSERT INTO `pms_order_pay_http_log` VALUES ('2017-04-19 13:24:12', '1492579-1541-000-001-280', 'QUERY_PAY', '1', 'https://api.mch.weixin.qq.com/pay/orderquery', '<xml><appid>wxfec1f26a067221ae</appid><mch_id>1236388002</mch_id><nonce_str>0O6PLJOBE0CUP2UON46CGB3HJF92J0CK</nonce_str><out_trade_no>1492579-1541-000-001-280</out_trade_no><sign>A2375E4094AE83AD932DEDCBBE9A0CC4</sign></xml>');INSERT INTO `pms_order_pay_http_log` VALUES ('2017-04-19 13:24:17', '1492579-1541-000-001-280', 'QUERY_PAY', '0', 'https://api.mch.weixin.qq.com/pay/orderquery', '<xml><return_code><![CDATA[SUCCESS]]></return_code>\n<return_msg><![CDATA[OK]]></return_msg>\n<appid><![CDATA[wxfec1f26a067221ae]]></appid>\n<mch_id><![CDATA[1236388002]]></mch_id>\n<nonce_str><![CDATA[DdDNyUSZcAxjbFt6]]></nonce_str>\n<sign><![CDATA[AE573FDCC1550C7B4E50D645055C6F11]]></sign>\n<result_code><![CDATA[SUCCESS]]></result_code>\n<out_trade_no><![CDATA[1492579-1541-000-001-280]]></out_trade_no>\n<trade_state><![CDATA[NOTPAY]]></trade_state>\n<trade_state_desc><![CDATA[订单未支付]]></trade_state_desc>\n</xml>');INSERT INTO `pms_order_pay_http_log` VALUES ('2017-04-19 13:25:56', '1492579-1541-000-001-280', 'QUERY_PAY', '1', 'https://api.mch.weixin.qq.com/pay/orderquery', '<xml><appid>wxfec1f26a067221ae</appid><mch_id>1236388002</mch_id><nonce_str>S0AHDFPANYUZ3GXM8I1MIOKYJZ232MUF</nonce_str><out_trade_no>1492579-1541-000-001-280</out_trade_no><sign>AAD4A28FB1721D5A0B05AE62B05BD241</sign></xml>');INSERT INTO `pms_order_pay_http_log` VALUES ('2017-04-19 13:25:58', '1492579-1541-000-001-280', 'QUERY_PAY', '0', 'https://api.mch.weixin.qq.com/pay/orderquery', '<xml><return_code><![CDATA[SUCCESS]]></return_code>\n<return_msg><![CDATA[OK]]></return_msg>\n<appid><![CDATA[wxfec1f26a067221ae]]></appid>\n<mch_id><![CDATA[1236388002]]></mch_id>\n<nonce_str><![CDATA[0C4uH72Xc8uC73Ro]]></nonce_str>\n<sign><![CDATA[1AB181F632649D29D8557906D2931D5F]]></sign>\n<result_code><![CDATA[SUCCESS]]></result_code>\n<out_trade_no><![CDATA[1492579-1541-000-001-280]]></out_trade_no>\n<trade_state><![CDATA[NOTPAY]]></trade_state>\n<trade_state_desc><![CDATA[订单未支付]]></trade_state_desc>\n</xml>');INSERT INTO `pms_order_pay_http_log` VALUES ('2017-04-19 13:27:47', '1492579-6623-000-002-145', 'NEW_ORDER', '1', '/pay/wx/order', '{\r\n  \"id\": \"1490854436923-ROBOabcdefg-jl3HDd\",\r\n  \"orderPseudoNo\": \"201704051745-32\",\r\n  \"orderTime\": \"2017-04-05T17:51:41+08:00\",\r\n  \"orderDesc\": \"周黑鸭张浦店-食品\",\r\n  \"orderList\": [\r\n    {\r\n      \"itemId\": \"RVNGW55KECUS3ITIEDFN6R00RP3Y4X19\",\r\n      \"itemQty\": 1\r\n    }\r\n  ],\r\n  \"payMethod\": \"NATIVE\",\r\n  \"robotUid\": \"testROBOabcdefg\",\r\n  \"robotModel\": \"yingbin\",\r\n  \"venderCode\": \"ZHY\",\r\n  \"venderUser\": \"12345678901\"\r\n}');INSERT INTO `pms_order_pay_http_log` VALUES ('2017-04-19 13:27:48', '1492579-6623-000-002-145', 'NEW_PAY', '1', 'https://api.mch.weixin.qq.com/pay/unifiedorder', '<xml><appid>wxfec1f26a067221ae</appid><attach>201704051745-32</attach><body>周黑鸭张浦店-食品</body><mch_id>1236388002</mch_id><nonce_str>1RBTT8HCXI0B2XVW7KKA6HD6L1KXI1T9</nonce_str><notify_url>http://118.178.188.27:8080/api/pay/wx/callback</notify_url><out_trade_no>1492579-6623-000-002-145</out_trade_no><product_id>92579662300000214520170405174532</product_id><sign>EFCD23C98EB79D8D8F7419CFDC9A9615</sign><spbill_create_ip>118.178.188.27</spbill_create_ip><time_expire>20170419134242</time_expire><time_start>20170419132742</time_start><total_fee>1</total_fee><trade_type>NATIVE</trade_type></xml>');INSERT INTO `pms_order_pay_http_log` VALUES ('2017-04-19 13:28:45', '1492579-1541-000-001-280', 'QUERY_PAY', '1', 'https://api.mch.weixin.qq.com/pay/orderquery', '<xml><appid>wxfec1f26a067221ae</appid><mch_id>1236388002</mch_id><nonce_str>YQ1YCVCJIP85O8VA57R1XTQCMRSTB2Y9</nonce_str><out_trade_no>1492579-1541-000-001-280</out_trade_no><sign>B890FF25A304561DB5446FA1218C9AE3</sign></xml>');INSERT INTO `pms_order_pay_http_log` VALUES ('2017-04-19 13:28:46', '1492579-6623-000-002-145', 'QUERY_PAY', '1', 'https://api.mch.weixin.qq.com/pay/orderquery', '<xml><appid>wxfec1f26a067221ae</appid><mch_id>1236388002</mch_id><nonce_str>OYH0RKGA5MJGWR12QJK7FF8C3J6MJ09R</nonce_str><out_trade_no>1492579-6623-000-002-145</out_trade_no><sign>B2890E770C1883DF03545E1A377FEE08</sign></xml>');INSERT INTO `pms_order_pay_http_log` VALUES ('2017-04-19 13:28:46', '1492579-6623-000-002-145', 'QUERY_PAY', '0', 'https://api.mch.weixin.qq.com/pay/orderquery', '<xml><return_code><![CDATA[SUCCESS]]></return_code>\n<return_msg><![CDATA[OK]]></return_msg>\n<appid><![CDATA[wxfec1f26a067221ae]]></appid>\n<mch_id><![CDATA[1236388002]]></mch_id>\n<nonce_str><![CDATA[J3elJeFg3jQbLx1r]]></nonce_str>\n<sign><![CDATA[13EA5C5CE0E8E1ACA583A0A8B724922C]]></sign>\n<result_code><![CDATA[SUCCESS]]></result_code>\n<out_trade_no><![CDATA[1492579-6623-000-002-145]]></out_trade_no>\n<trade_state><![CDATA[NOTPAY]]></trade_state>\n<trade_state_desc><![CDATA[订单未支付]]></trade_state_desc>\n</xml>');INSERT INTO `pms_order_pay_http_log` VALUES ('2017-04-19 13:28:47', '1492579-1541-000-001-280', 'QUERY_PAY', '0', 'https://api.mch.weixin.qq.com/pay/orderquery', '<xml><return_code><![CDATA[SUCCESS]]></return_code>\n<return_msg><![CDATA[OK]]></return_msg>\n<appid><![CDATA[wxfec1f26a067221ae]]></appid>\n<mch_id><![CDATA[1236388002]]></mch_id>\n<nonce_str><![CDATA[tObMxtJGT4InTUiK]]></nonce_str>\n<sign><![CDATA[50C7A86E5DF8B933A88D5288C24BE497]]></sign>\n<result_code><![CDATA[SUCCESS]]></result_code>\n<out_trade_no><![CDATA[1492579-1541-000-001-280]]></out_trade_no>\n<trade_state><![CDATA[NOTPAY]]></trade_state>\n<trade_state_desc><![CDATA[订单未支付]]></trade_state_desc>\n</xml>');INSERT INTO `pms_order_pay_http_log` VALUES ('2017-04-19 13:32:50', '1492579-9689-000-003-580', 'NEW_ORDER', '1', '/pay/wx/order', '{\r\n  \"id\": \"1490854436923-ROBOabcdefg-jl3HDd\",\r\n  \"orderPseudoNo\": \"201704051745-33\",\r\n  \"orderTime\": \"2017-04-05T17:51:41+08:00\",\r\n  \"orderDesc\": \"周黑鸭张浦店-食品\",\r\n  \"orderList\": [\r\n    {\r\n      \"itemId\": \"RVNGW55KECUS3ITIEDFN6R00RP3Y4X19\",\r\n      \"itemQty\": 1\r\n    }\r\n  ],\r\n  \"payMethod\": \"NATIVE\",\r\n  \"robotUid\": \"testROBOabcdefg\",\r\n  \"robotModel\": \"yingbin\",\r\n  \"venderCode\": \"ZHY\",\r\n  \"venderUser\": \"12345678901\"\r\n}');INSERT INTO `pms_order_pay_http_log` VALUES ('2017-04-19 13:32:50', '1492579-9689-000-003-580', 'NEW_PAY', '1', 'https://api.mch.weixin.qq.com/pay/unifiedorder', '<xml><appid>wxfec1f26a067221ae</appid><attach>201704051745-33</attach><body>周黑鸭张浦店-食品</body><mch_id>1236388002</mch_id><nonce_str>VX6IT3MHV2KRIA1ZN8SY8BSS131AMSHT</nonce_str><notify_url>http://118.178.188.27:8080/api/pay/wx/callback</notify_url><out_trade_no>1492579-9689-000-003-580</out_trade_no><product_id>92579968900000358020170405174533</product_id><sign>92E4DACE9212C3E034C31E293328FBF4</sign><spbill_create_ip>118.178.188.27</spbill_create_ip><time_expire>20170419134748</time_expire><time_start>20170419133248</time_start><total_fee>1</total_fee><trade_type>NATIVE</trade_type></xml>');INSERT INTO `pms_order_pay_http_log` VALUES ('2017-04-19 13:33:40', '1492579-1541-000-001-280', 'QUERY_PAY', '1', 'https://api.mch.weixin.qq.com/pay/orderquery', '<xml><appid>wxfec1f26a067221ae</appid><mch_id>1236388002</mch_id><nonce_str>AJY5TXPCGRQ9O4SDTKY9H5YK3W3NW1J9</nonce_str><out_trade_no>1492579-1541-000-001-280</out_trade_no><sign>8C44A6FD078C61FE7797DEA0500E13EA</sign></xml>');INSERT INTO `pms_order_pay_http_log` VALUES ('2017-04-19 13:33:46', '1492579-1541-000-001-280', 'QUERY_PAY', '0', 'https://api.mch.weixin.qq.com/pay/orderquery', '<xml><return_code><![CDATA[SUCCESS]]></return_code>\n<return_msg><![CDATA[OK]]></return_msg>\n<appid><![CDATA[wxfec1f26a067221ae]]></appid>\n<mch_id><![CDATA[1236388002]]></mch_id>\n<nonce_str><![CDATA[giZ9h2cHN6d2b9XQ]]></nonce_str>\n<sign><![CDATA[6B052011FC15866BE2AABDB87ED0C5EB]]></sign>\n<result_code><![CDATA[SUCCESS]]></result_code>\n<out_trade_no><![CDATA[1492579-1541-000-001-280]]></out_trade_no>\n<trade_state><![CDATA[NOTPAY]]></trade_state>\n<trade_state_desc><![CDATA[订单未支付]]></trade_state_desc>\n</xml>');INSERT INTO `pms_order_pay_http_log` VALUES ('2017-04-19 13:34:09', '1492579-6623-000-002-145', 'QUERY_PAY', '1', 'https://api.mch.weixin.qq.com/pay/orderquery', '<xml><appid>wxfec1f26a067221ae</appid><mch_id>1236388002</mch_id><nonce_str>80JNPWES672OJ7W7UKBM679F7WZ0EEUB</nonce_str><out_trade_no>1492579-6623-000-002-145</out_trade_no><sign>285E72B20AAA564FD3E66F06F4CA9ED8</sign></xml>');INSERT INTO `pms_order_pay_http_log` VALUES ('2017-04-19 13:34:11', '1492579-6623-000-002-145', 'QUERY_PAY', '0', 'https://api.mch.weixin.qq.com/pay/orderquery', '<xml><return_code><![CDATA[SUCCESS]]></return_code>\n<return_msg><![CDATA[OK]]></return_msg>\n<appid><![CDATA[wxfec1f26a067221ae]]></appid>\n<mch_id><![CDATA[1236388002]]></mch_id>\n<nonce_str><![CDATA[PsMBSfvmjJAEcDM2]]></nonce_str>\n<sign><![CDATA[3E336CB4A498A2677835C320A971205B]]></sign>\n<result_code><![CDATA[SUCCESS]]></result_code>\n<out_trade_no><![CDATA[1492579-6623-000-002-145]]></out_trade_no>\n<trade_state><![CDATA[NOTPAY]]></trade_state>\n<trade_state_desc><![CDATA[订单未支付]]></trade_state_desc>\n</xml>');INSERT INTO `pms_order_pay_http_log` VALUES ('2017-04-19 13:34:20', '1492579-9689-000-003-580', 'QUERY_PAY', '1', 'https://api.mch.weixin.qq.com/pay/orderquery', '<xml><appid>wxfec1f26a067221ae</appid><mch_id>1236388002</mch_id><nonce_str>EBOOA4E4CH3290C2G6A7FRFT8994F1ZZ</nonce_str><out_trade_no>1492579-9689-000-003-580</out_trade_no><sign>1A136784FC1F7DA24D558408161A0147</sign></xml>');INSERT INTO `pms_order_pay_http_log` VALUES ('2017-04-19 13:34:20', '1492579-9689-000-003-580', 'QUERY_PAY', '0', 'https://api.mch.weixin.qq.com/pay/orderquery', '<xml><return_code><![CDATA[SUCCESS]]></return_code>\n<return_msg><![CDATA[OK]]></return_msg>\n<appid><![CDATA[wxfec1f26a067221ae]]></appid>\n<mch_id><![CDATA[1236388002]]></mch_id>\n<nonce_str><![CDATA[gCayPQZWcojTu8iq]]></nonce_str>\n<sign><![CDATA[30E0A88CAD8811D9F0A859CF5041500F]]></sign>\n<result_code><![CDATA[SUCCESS]]></result_code>\n<out_trade_no><![CDATA[1492579-9689-000-003-580]]></out_trade_no>\n<trade_state><![CDATA[NOTPAY]]></trade_state>\n<trade_state_desc><![CDATA[订单未支付]]></trade_state_desc>\n</xml>');INSERT INTO `pms_order_pay_http_log` VALUES ('2017-04-19 13:36:33', '1492579-6623-000-002-145', 'QUERY_PAY', '1', 'https://api.mch.weixin.qq.com/pay/orderquery', '<xml><appid>wxfec1f26a067221ae</appid><mch_id>1236388002</mch_id><nonce_str>4DYTRETQBXJSEMRFTG4MOEYJGANHRPIG</nonce_str><out_trade_no>1492579-6623-000-002-145</out_trade_no><sign>F2164C97DC3F8A99E6CB9481F70FF4AD</sign></xml>');INSERT INTO `pms_order_pay_http_log` VALUES ('2017-04-19 13:36:35', '1492579-6623-000-002-145', 'QUERY_PAY', '0', 'https://api.mch.weixin.qq.com/pay/orderquery', '<xml><return_code><![CDATA[SUCCESS]]></return_code>\n<return_msg><![CDATA[OK]]></return_msg>\n<appid><![CDATA[wxfec1f26a067221ae]]></appid>\n<mch_id><![CDATA[1236388002]]></mch_id>\n<nonce_str><![CDATA[sADzrq2gq3Yc63oZ]]></nonce_str>\n<sign><![CDATA[AD1E28168C0814F7CA21E9BCCC8B88F6]]></sign>\n<result_code><![CDATA[SUCCESS]]></result_code>\n<out_trade_no><![CDATA[1492579-6623-000-002-145]]></out_trade_no>\n<trade_state><![CDATA[NOTPAY]]></trade_state>\n<trade_state_desc><![CDATA[订单未支付]]></trade_state_desc>\n</xml>');INSERT INTO `pms_order_pay_http_log` VALUES ('2017-04-19 13:37:33', '1492579-6623-000-002-145', 'CLOSE_ORDER', '1', '/pay/wx/close', '{\n  \"id\": \"1490854731362-ROBOabcdefg-jSklih\",\n  \"orderId\": \"1492579-6623-000-002-145\",\n  \"robotUid\": \"testROBOabcdefg\",\n  \"robotModel\":\"yingbin\"\n}');INSERT INTO `pms_order_pay_http_log` VALUES ('2017-04-19 13:37:34', '1492579-6623-000-002-145', 'CLOSE_PAY', '1', 'https://api.mch.weixin.qq.com/pay/closeorder', '<xml><appid>wxfec1f26a067221ae</appid><mch_id>1236388002</mch_id><nonce_str>DIBWOU7NWIMA7TEN357CZJ7SAU34VUYH</nonce_str><out_trade_no>1492579-6623-000-002-145</out_trade_no><sign>C50D01DB7917CF2A9E2B535A939982BA</sign></xml>');INSERT INTO `pms_order_pay_http_log` VALUES ('2017-04-19 13:38:20', '1492580-2989-000-004-960', 'NEW_ORDER', '1', '/pay/wx/order', '{\r\n  \"id\": \"1490854436923-ROBOabcdefg-jl3HDd\",\r\n  \"orderPseudoNo\": \"201704051745-34\",\r\n  \"orderTime\": \"2017-04-05T17:51:41+08:00\",\r\n  \"orderDesc\": \"周黑鸭张浦店-食品\",\r\n  \"orderList\": [\r\n    {\r\n      \"itemId\": \"RVNGW55KECUS3ITIEDFN6R00RP3Y4X19\",\r\n      \"itemQty\": 1\r\n    }\r\n  ],\r\n  \"payMethod\": \"NATIVE\",\r\n  \"robotUid\": \"testROBOabcdefg\",\r\n  \"robotModel\": \"yingbin\",\r\n  \"venderCode\": \"ZHY\",\r\n  \"venderUser\": \"12345678901\"\r\n}');INSERT INTO `pms_order_pay_http_log` VALUES ('2017-04-19 13:38:20', '1492580-2989-000-004-960', 'NEW_PAY', '1', 'https://api.mch.weixin.qq.com/pay/unifiedorder', '<xml><appid>wxfec1f26a067221ae</appid><attach>201704051745-34</attach><body>周黑鸭张浦店-食品</body><mch_id>1236388002</mch_id><nonce_str>8M0E7H5IPVKXLN4RQ1URLPMSX4TGQXKV</nonce_str><notify_url>http://118.178.188.27:8080/api/pay/wx/callback</notify_url><out_trade_no>1492580-2989-000-004-960</out_trade_no><product_id>92580298900000496020170405174534</product_id><sign>569A13B97F2DDF41F9462EFB11A4D880</sign><spbill_create_ip>118.178.188.27</spbill_create_ip><time_expire>20170419135318</time_expire><time_start>20170419133818</time_start><total_fee>1</total_fee><trade_type>NATIVE</trade_type></xml>');INSERT INTO `pms_order_pay_http_log` VALUES ('2017-04-19 13:38:52', '1492580-2989-000-004-960', 'QUERY_PAY', '1', 'https://api.mch.weixin.qq.com/pay/orderquery', '<xml><appid>wxfec1f26a067221ae</appid><mch_id>1236388002</mch_id><nonce_str>CURL48DX9AZVTI6S0VQH6LTHV296UO2Y</nonce_str><out_trade_no>1492580-2989-000-004-960</out_trade_no><sign>2C3EC93B71917DA3B57AD91CA897FFDD</sign></xml>');INSERT INTO `pms_order_pay_http_log` VALUES ('2017-04-19 13:38:52', '1492579-9689-000-003-580', 'QUERY_PAY', '1', 'https://api.mch.weixin.qq.com/pay/orderquery', '<xml><appid>wxfec1f26a067221ae</appid><mch_id>1236388002</mch_id><nonce_str>MN3UWUHHI2B07XDG3QGU74QEPN8XRZ2B</nonce_str><out_trade_no>1492579-9689-000-003-580</out_trade_no><sign>B5DDACAF10EE5F4F557D7A98575DEA50</sign></xml>');INSERT INTO `pms_order_pay_http_log` VALUES ('2017-04-19 13:38:52', '1492580-2989-000-004-960', 'QUERY_PAY', '0', 'https://api.mch.weixin.qq.com/pay/orderquery', '<xml><return_code><![CDATA[SUCCESS]]></return_code>\n<return_msg><![CDATA[OK]]></return_msg>\n<appid><![CDATA[wxfec1f26a067221ae]]></appid>\n<mch_id><![CDATA[1236388002]]></mch_id>\n<nonce_str><![CDATA[D6ndTVAEfci8stYu]]></nonce_str>\n<sign><![CDATA[BE9A1449EBDF00CC06EA495474E85305]]></sign>\n<result_code><![CDATA[SUCCESS]]></result_code>\n<out_trade_no><![CDATA[1492580-2989-000-004-960]]></out_trade_no>\n<trade_state><![CDATA[NOTPAY]]></trade_state>\n<trade_state_desc><![CDATA[订单未支付]]></trade_state_desc>\n</xml>');INSERT INTO `pms_order_pay_http_log` VALUES ('2017-04-19 13:38:52', '1492579-9689-000-003-580', 'QUERY_PAY', '0', 'https://api.mch.weixin.qq.com/pay/orderquery', '<xml><return_code><![CDATA[SUCCESS]]></return_code>\n<return_msg><![CDATA[OK]]></return_msg>\n<appid><![CDATA[wxfec1f26a067221ae]]></appid>\n<mch_id><![CDATA[1236388002]]></mch_id>\n<nonce_str><![CDATA[YGJ62ewzfDc0D36n]]></nonce_str>\n<sign><![CDATA[1FC5C0574FEA1D81A9623DBAA371CE2C]]></sign>\n<result_code><![CDATA[SUCCESS]]></result_code>\n<out_trade_no><![CDATA[1492579-9689-000-003-580]]></out_trade_no>\n<trade_state><![CDATA[NOTPAY]]></trade_state>\n<trade_state_desc><![CDATA[订单未支付]]></trade_state_desc>\n</xml>');INSERT INTO `pms_order_pay_http_log` VALUES ('2017-04-19 13:39:13', '1492579-1541-000-001-280', 'QUERY_PAY', '1', 'https://api.mch.weixin.qq.com/pay/orderquery', '<xml><appid>wxfec1f26a067221ae</appid><mch_id>1236388002</mch_id><nonce_str>GGYKUSEBNTH8ZKRVI119EEGHV0G1WX02</nonce_str><out_trade_no>1492579-1541-000-001-280</out_trade_no><sign>408D8AC1C56087BA16775B42004E08F3</sign></xml>');INSERT INTO `pms_order_pay_http_log` VALUES ('2017-04-19 13:39:21', '1492579-1541-000-001-280', 'QUERY_PAY', '0', 'https://api.mch.weixin.qq.com/pay/orderquery', '<xml><return_code><![CDATA[SUCCESS]]></return_code>\n<return_msg><![CDATA[OK]]></return_msg>\n<appid><![CDATA[wxfec1f26a067221ae]]></appid>\n<mch_id><![CDATA[1236388002]]></mch_id>\n<nonce_str><![CDATA[SsMQ6Pc4Yn5mMRbH]]></nonce_str>\n<sign><![CDATA[9E930479D09608673B8B17ECE796270A]]></sign>\n<result_code><![CDATA[SUCCESS]]></result_code>\n<out_trade_no><![CDATA[1492579-1541-000-001-280]]></out_trade_no>\n<trade_state><![CDATA[NOTPAY]]></trade_state>\n<trade_state_desc><![CDATA[订单未支付]]></trade_state_desc>\n</xml>');INSERT INTO `pms_order_pay_http_log` VALUES ('2017-04-19 13:41:35', '1492580-4939-000-005-341', 'NEW_ORDER', '1', '/pay/wx/order', '{\r\n  \"id\": \"1490854436923-ROBOabcdefg-jl3HDd\",\r\n  \"orderPseudoNo\": \"201704051745-35\",\r\n  \"orderTime\": \"2017-04-05T17:51:41+08:00\",\r\n  \"orderDesc\": \"周黑鸭张浦店-食品\",\r\n  \"orderList\": [\r\n    {\r\n      \"itemId\": \"RVNGW55KECUS3ITIEDFN6R00RP3Y4X19\",\r\n      \"itemQty\": 1\r\n    }\r\n  ],\r\n  \"payMethod\": \"NATIVE\",\r\n  \"robotUid\": \"testROBOabcdefg\",\r\n  \"robotModel\": \"yingbin\",\r\n  \"venderCode\": \"ZHY\",\r\n  \"venderUser\": \"12345678901\"\r\n}');INSERT INTO `pms_order_pay_http_log` VALUES ('2017-04-19 13:41:35', '1492580-4939-000-005-341', 'NEW_PAY', '1', 'https://api.mch.weixin.qq.com/pay/unifiedorder', '<xml><appid>wxfec1f26a067221ae</appid><attach>201704051745-35</attach><body>周黑鸭张浦店-食品</body><mch_id>1236388002</mch_id><nonce_str>OS470NLZOMB8QQEZ0OVG5TMPT0E3CDH0</nonce_str><notify_url>http://118.178.188.27:8080/api/pay/wx/callback</notify_url><out_trade_no>1492580-4939-000-005-341</out_trade_no><product_id>92580493900000534120170405174535</product_id><sign>6631416F82BF94811A9081CE6AB369B2</sign><spbill_create_ip>118.178.188.27</spbill_create_ip><time_expire>20170419135633</time_expire><time_start>20170419134133</time_start><total_fee>1</total_fee><trade_type>NATIVE</trade_type></xml>');INSERT INTO `pms_order_pay_http_log` VALUES ('2017-04-19 13:44:08', '1492579-9689-000-003-580', 'QUERY_PAY', '1', 'https://api.mch.weixin.qq.com/pay/orderquery', '<xml><appid>wxfec1f26a067221ae</appid><mch_id>1236388002</mch_id><nonce_str>XVP5VP6D0PFMIFKELFFIYF7PBPI0BML8</nonce_str><out_trade_no>1492579-9689-000-003-580</out_trade_no><sign>7C1B33760E9117DDADD9477A6DC19E44</sign></xml>');INSERT INTO `pms_order_pay_http_log` VALUES ('2017-04-19 13:44:29', '1492579-9689-000-003-580', 'QUERY_PAY', '0', 'https://api.mch.weixin.qq.com/pay/orderquery', '<xml><return_code><![CDATA[SUCCESS]]></return_code>\n<return_msg><![CDATA[OK]]></return_msg>\n<appid><![CDATA[wxfec1f26a067221ae]]></appid>\n<mch_id><![CDATA[1236388002]]></mch_id>\n<nonce_str><![CDATA[etTCIPHD594H8W8b]]></nonce_str>\n<sign><![CDATA[843BCA22291D9587B59B81873EB313F2]]></sign>\n<result_code><![CDATA[SUCCESS]]></result_code>\n<out_trade_no><![CDATA[1492579-9689-000-003-580]]></out_trade_no>\n<trade_state><![CDATA[NOTPAY]]></trade_state>\n<trade_state_desc><![CDATA[订单未支付]]></trade_state_desc>\n</xml>');INSERT INTO `pms_order_pay_http_log` VALUES ('2017-04-19 13:44:37', '1492580-2989-000-004-960', 'QUERY_PAY', '1', 'https://api.mch.weixin.qq.com/pay/orderquery', '<xml><appid>wxfec1f26a067221ae</appid><mch_id>1236388002</mch_id><nonce_str>TQV7ISE0AB1J0RCN0XOER6LCB3S2ATAK</nonce_str><out_trade_no>1492580-2989-000-004-960</out_trade_no><sign>470BE495A570318824DFBBDD01934813</sign></xml>');INSERT INTO `pms_order_pay_http_log` VALUES ('2017-04-19 13:44:38', '1492580-2989-000-004-960', 'QUERY_PAY', '0', 'https://api.mch.weixin.qq.com/pay/orderquery', '<xml><return_code><![CDATA[SUCCESS]]></return_code>\n<return_msg><![CDATA[OK]]></return_msg>\n<appid><![CDATA[wxfec1f26a067221ae]]></appid>\n<mch_id><![CDATA[1236388002]]></mch_id>\n<nonce_str><![CDATA[dqIATOGxOpVgESnh]]></nonce_str>\n<sign><![CDATA[6C786ABC06EFEABAD2AC02B7C618B8D6]]></sign>\n<result_code><![CDATA[SUCCESS]]></result_code>\n<out_trade_no><![CDATA[1492580-2989-000-004-960]]></out_trade_no>\n<trade_state><![CDATA[NOTPAY]]></trade_state>\n<trade_state_desc><![CDATA[订单未支付]]></trade_state_desc>\n</xml>');INSERT INTO `pms_order_pay_http_log` VALUES ('2017-04-19 13:45:10', '1492580-4939-000-005-341', 'QUERY_PAY', '1', 'https://api.mch.weixin.qq.com/pay/orderquery', '<xml><appid>wxfec1f26a067221ae</appid><mch_id>1236388002</mch_id><nonce_str>CC5D73H6MBKQ03IBBV6XZNPV0RO160RN</nonce_str><out_trade_no>1492580-4939-000-005-341</out_trade_no><sign>A4AFE71902B6220819CDE0DCF06DBD14</sign></xml>');INSERT INTO `pms_order_pay_http_log` VALUES ('2017-04-19 13:45:10', '1492580-4939-000-005-341', 'QUERY_PAY', '0', 'https://api.mch.weixin.qq.com/pay/orderquery', '<xml><return_code><![CDATA[SUCCESS]]></return_code>\n<return_msg><![CDATA[OK]]></return_msg>\n<appid><![CDATA[wxfec1f26a067221ae]]></appid>\n<mch_id><![CDATA[1236388002]]></mch_id>\n<nonce_str><![CDATA[t6HuOf2PJngi1xy1]]></nonce_str>\n<sign><![CDATA[C01ABBE02CB7B768C713DA7C8D14F2D8]]></sign>\n<result_code><![CDATA[SUCCESS]]></result_code>\n<out_trade_no><![CDATA[1492580-4939-000-005-341]]></out_trade_no>\n<trade_state><![CDATA[NOTPAY]]></trade_state>\n<trade_state_desc><![CDATA[订单未支付]]></trade_state_desc>\n</xml>');INSERT INTO `pms_order_pay_http_log` VALUES ('2017-04-19 13:47:17', '1492580-8355-000-006-886', 'NEW_ORDER', '1', '/pay/wx/order', '{\r\n  \"id\": \"1490854436923-ROBOabcdefg-jl3HDd\",\r\n  \"orderPseudoNo\": \"201704051745-36\",\r\n  \"orderTime\": \"2017-04-05T17:51:41+08:00\",\r\n  \"orderDesc\": \"周黑鸭张浦店-食品\",\r\n  \"orderList\": [\r\n    {\r\n      \"itemId\": \"RVNGW55KECUS3ITIEDFN6R00RP3Y4X19\",\r\n      \"itemQty\": 1\r\n    }\r\n  ],\r\n  \"payMethod\": \"NATIVE\",\r\n  \"robotUid\": \"testROBOabcdefg\",\r\n  \"robotModel\": \"yingbin\",\r\n  \"venderCode\": \"ZHY\",\r\n  \"venderUser\": \"12345678901\"\r\n}');INSERT INTO `pms_order_pay_http_log` VALUES ('2017-04-19 13:47:17', '1492580-8355-000-006-886', 'NEW_PAY', '1', 'https://api.mch.weixin.qq.com/pay/unifiedorder', '<xml><appid>wxfec1f26a067221ae</appid><attach>201704051745-36</attach><body>周黑鸭张浦店-食品</body><mch_id>1236388002</mch_id><nonce_str>XRMIJ7764S8V1HCWJ3AND5XQB9ECP0B3</nonce_str><notify_url>http://118.178.188.27:8080/api/pay/wx/callback</notify_url><out_trade_no>1492580-8355-000-006-886</out_trade_no><product_id>92580835500000688620170405174536</product_id><sign>3CC1D95D3D65D29B49547694F0D7E25F</sign><spbill_create_ip>118.178.188.27</spbill_create_ip><time_expire>20170419140215</time_expire><time_start>20170419134715</time_start><total_fee>1</total_fee><trade_type>NATIVE</trade_type></xml>');INSERT INTO `pms_order_pay_http_log` VALUES ('2017-04-19 13:48:54', '1492579-9689-000-003-580', 'QUERY_PAY', '1', 'https://api.mch.weixin.qq.com/pay/orderquery', '<xml><appid>wxfec1f26a067221ae</appid><mch_id>1236388002</mch_id><nonce_str>UTNV37OPI9O7CRTR4KK0UTR63V53G82F</nonce_str><out_trade_no>1492579-9689-000-003-580</out_trade_no><sign>ACBD77F93353EB7752EDCFB9A0CB05AF</sign></xml>');INSERT INTO `pms_order_pay_http_log` VALUES ('2017-04-19 13:48:54', '1492579-9689-000-003-580', 'QUERY_PAY', '0', 'https://api.mch.weixin.qq.com/pay/orderquery', '<xml><return_code><![CDATA[SUCCESS]]></return_code>\n<return_msg><![CDATA[OK]]></return_msg>\n<appid><![CDATA[wxfec1f26a067221ae]]></appid>\n<mch_id><![CDATA[1236388002]]></mch_id>\n<nonce_str><![CDATA[p45o3gJYd7QoImao]]></nonce_str>\n<sign><![CDATA[403548B8A764A3E6B24FA3E945C06323]]></sign>\n<result_code><![CDATA[SUCCESS]]></result_code>\n<out_trade_no><![CDATA[1492579-9689-000-003-580]]></out_trade_no>\n<trade_state><![CDATA[NOTPAY]]></trade_state>\n<trade_state_desc><![CDATA[订单未支付]]></trade_state_desc>\n</xml>');INSERT INTO `pms_order_pay_http_log` VALUES ('2017-04-19 13:49:37', '1492580-2989-000-004-960', 'QUERY_PAY', '1', 'https://api.mch.weixin.qq.com/pay/orderquery', '<xml><appid>wxfec1f26a067221ae</appid><mch_id>1236388002</mch_id><nonce_str>ZH4MUT9DM4OCBR0VF3U7RK7ZLFEWZOD8</nonce_str><out_trade_no>1492580-2989-000-004-960</out_trade_no><sign>B68DC097C271D64E1B93F1116A972E92</sign></xml>');INSERT INTO `pms_order_pay_http_log` VALUES ('2017-04-19 13:49:39', '1492580-2989-000-004-960', 'QUERY_PAY', '0', 'https://api.mch.weixin.qq.com/pay/orderquery', '<xml><return_code><![CDATA[SUCCESS]]></return_code>\n<return_msg><![CDATA[OK]]></return_msg>\n<appid><![CDATA[wxfec1f26a067221ae]]></appid>\n<mch_id><![CDATA[1236388002]]></mch_id>\n<nonce_str><![CDATA[nbdpMEauV7qFSpsN]]></nonce_str>\n<sign><![CDATA[625299F8F7849C440C026C7721E1A7D4]]></sign>\n<result_code><![CDATA[SUCCESS]]></result_code>\n<out_trade_no><![CDATA[1492580-2989-000-004-960]]></out_trade_no>\n<trade_state><![CDATA[NOTPAY]]></trade_state>\n<trade_state_desc><![CDATA[订单未支付]]></trade_state_desc>\n</xml>');INSERT INTO `pms_order_pay_http_log` VALUES ('2017-04-19 13:49:41', '1492580-4939-000-005-341', 'QUERY_PAY', '1', 'https://api.mch.weixin.qq.com/pay/orderquery', '<xml><appid>wxfec1f26a067221ae</appid><mch_id>1236388002</mch_id><nonce_str>MIXBK1Q6G9R5NZL62ZO4VGL7O3INIOYE</nonce_str><out_trade_no>1492580-4939-000-005-341</out_trade_no><sign>5107475D678728112D882E88604256CD</sign></xml>');INSERT INTO `pms_order_pay_http_log` VALUES ('2017-04-19 13:49:42', '1492580-4939-000-005-341', 'QUERY_PAY', '0', 'https://api.mch.weixin.qq.com/pay/orderquery', '<xml><return_code><![CDATA[SUCCESS]]></return_code>\n<return_msg><![CDATA[OK]]></return_msg>\n<appid><![CDATA[wxfec1f26a067221ae]]></appid>\n<mch_id><![CDATA[1236388002]]></mch_id>\n<nonce_str><![CDATA[5473MV4NJ7IXMsDl]]></nonce_str>\n<sign><![CDATA[CFF789F59DE30C4535E486CDB59F2153]]></sign>\n<result_code><![CDATA[SUCCESS]]></result_code>\n<out_trade_no><![CDATA[1492580-4939-000-005-341]]></out_trade_no>\n<trade_state><![CDATA[NOTPAY]]></trade_state>\n<trade_state_desc><![CDATA[订单未支付]]></trade_state_desc>\n</xml>');INSERT INTO `pms_order_pay_http_log` VALUES ('2017-04-19 13:49:47', '1492580-8355-000-006-886', 'QUERY_PAY', '1', 'https://api.mch.weixin.qq.com/pay/orderquery', '<xml><appid>wxfec1f26a067221ae</appid><mch_id>1236388002</mch_id><nonce_str>DVLT8BZ2CF6YIF9R73BZY3D1M7N76I0K</nonce_str><out_trade_no>1492580-8355-000-006-886</out_trade_no><sign>5B1E0E3543F37717CD214020BFE603B9</sign></xml>');INSERT INTO `pms_order_pay_http_log` VALUES ('2017-04-19 13:50:06', '1492580-8355-000-006-886', 'QUERY_PAY', '0', 'https://api.mch.weixin.qq.com/pay/orderquery', '<xml><return_code><![CDATA[SUCCESS]]></return_code>\n<return_msg><![CDATA[OK]]></return_msg>\n<appid><![CDATA[wxfec1f26a067221ae]]></appid>\n<mch_id><![CDATA[1236388002]]></mch_id>\n<nonce_str><![CDATA[9YTeDuzT8t5MJwFn]]></nonce_str>\n<sign><![CDATA[0BF931DB556E3388C7972024A48B19C1]]></sign>\n<result_code><![CDATA[SUCCESS]]></result_code>\n<out_trade_no><![CDATA[1492580-8355-000-006-886]]></out_trade_no>\n<trade_state><![CDATA[NOTPAY]]></trade_state>\n<trade_state_desc><![CDATA[订单未支付]]></trade_state_desc>\n</xml>');INSERT INTO `pms_order_pay_http_log` VALUES ('2017-04-19 13:53:07', '1492580-2989-000-004-960', 'QUERY_PAY', '1', 'https://api.mch.weixin.qq.com/pay/orderquery', '<xml><appid>wxfec1f26a067221ae</appid><mch_id>1236388002</mch_id><nonce_str>HMFO86R6IDMVJO8MUH07CQUN132Y0KTL</nonce_str><out_trade_no>1492580-2989-000-004-960</out_trade_no><sign>5E1EB0F972B8BAD7CB0EE49895AC9934</sign></xml>');INSERT INTO `pms_order_pay_http_log` VALUES ('2017-04-19 13:53:09', '1492580-2989-000-004-960', 'QUERY_PAY', '0', 'https://api.mch.weixin.qq.com/pay/orderquery', '<xml><return_code><![CDATA[SUCCESS]]></return_code>\n<return_msg><![CDATA[OK]]></return_msg>\n<appid><![CDATA[wxfec1f26a067221ae]]></appid>\n<mch_id><![CDATA[1236388002]]></mch_id>\n<nonce_str><![CDATA[FjWuazGUvcsjumdC]]></nonce_str>\n<sign><![CDATA[9893ED7B36B153C8A923CEF02A805C04]]></sign>\n<result_code><![CDATA[SUCCESS]]></result_code>\n<openid><![CDATA[o-WsVt5A1Mfr-wcIa9Hv-I_bTD1A]]></openid>\n<is_subscribe><![CDATA[N]]></is_subscribe>\n<trade_type><![CDATA[NATIVE]]></trade_type>\n<bank_type><![CDATA[CFT]]></bank_type>\n<total_fee>1</total_fee>\n<fee_type><![CDATA[CNY]]></fee_type>\n<transaction_id><![CDATA[4000702001201704197560018358]]></transaction_id>\n<out_trade_no><![CDATA[1492580-2989-000-004-960]]></out_trade_no>\n<attach><![CDATA[201704051745-34]]></attach>\n<time_end><![CDATA[20170419135242]]></time_end>\n<trade_state><![CDATA[SUCCESS]]></trade_state>\n<cash_fee>1</cash_fee>\n</xml>');INSERT INTO `pms_order_pay_http_log` VALUES ('2017-04-19 13:54:29', '1492580-4939-000-005-341', 'QUERY_PAY', '1', 'https://api.mch.weixin.qq.com/pay/orderquery', '<xml><appid>wxfec1f26a067221ae</appid><mch_id>1236388002</mch_id><nonce_str>P3E6LZTPHGQANUQYWOR0Q8MPAIWATFQ0</nonce_str><out_trade_no>1492580-4939-000-005-341</out_trade_no><sign>0F58FA3811370C796251A5FFF9035695</sign></xml>');INSERT INTO `pms_order_pay_http_log` VALUES ('2017-04-19 13:54:31', '1492580-4939-000-005-341', 'QUERY_PAY', '0', 'https://api.mch.weixin.qq.com/pay/orderquery', '<xml><return_code><![CDATA[SUCCESS]]></return_code>\n<return_msg><![CDATA[OK]]></return_msg>\n<appid><![CDATA[wxfec1f26a067221ae]]></appid>\n<mch_id><![CDATA[1236388002]]></mch_id>\n<nonce_str><![CDATA[HZZbAB8r4PNWNgJG]]></nonce_str>\n<sign><![CDATA[16070083FC007F4F513E97C3132C2D63]]></sign>\n<result_code><![CDATA[SUCCESS]]></result_code>\n<openid><![CDATA[o-WsVt5A1Mfr-wcIa9Hv-I_bTD1A]]></openid>\n<is_subscribe><![CDATA[N]]></is_subscribe>\n<trade_type><![CDATA[NATIVE]]></trade_type>\n<bank_type><![CDATA[CFT]]></bank_type>\n<total_fee>1</total_fee>\n<fee_type><![CDATA[CNY]]></fee_type>\n<transaction_id><![CDATA[4000702001201704197564940751]]></transaction_id>\n<out_trade_no><![CDATA[1492580-4939-000-005-341]]></out_trade_no>\n<attach><![CDATA[201704051745-35]]></attach>\n<time_end><![CDATA[20170419135109]]></time_end>\n<trade_state><![CDATA[SUCCESS]]></trade_state>\n<cash_fee>1</cash_fee>\n</xml>');INSERT INTO `pms_order_pay_http_log` VALUES ('2017-04-19 13:54:43', '1492580-8355-000-006-886', 'QUERY_PAY', '1', 'https://api.mch.weixin.qq.com/pay/orderquery', '<xml><appid>wxfec1f26a067221ae</appid><mch_id>1236388002</mch_id><nonce_str>FWC495QTEAP4LDOMXHIONUKGZYCAMQA5</nonce_str><out_trade_no>1492580-8355-000-006-886</out_trade_no><sign>309ECC6301D6116F5174DD013B15EC5B</sign></xml>');INSERT INTO `pms_order_pay_http_log` VALUES ('2017-04-19 13:54:43', '1492580-8355-000-006-886', 'QUERY_PAY', '0', 'https://api.mch.weixin.qq.com/pay/orderquery', '<xml><return_code><![CDATA[SUCCESS]]></return_code>\n<return_msg><![CDATA[OK]]></return_msg>\n<appid><![CDATA[wxfec1f26a067221ae]]></appid>\n<mch_id><![CDATA[1236388002]]></mch_id>\n<nonce_str><![CDATA[ne6IBirRf7ecHS4d]]></nonce_str>\n<sign><![CDATA[2178466C41299CBC51BAC0FF62D02A3B]]></sign>\n<result_code><![CDATA[SUCCESS]]></result_code>\n<openid><![CDATA[o-WsVt5A1Mfr-wcIa9Hv-I_bTD1A]]></openid>\n<is_subscribe><![CDATA[N]]></is_subscribe>\n<trade_type><![CDATA[NATIVE]]></trade_type>\n<bank_type><![CDATA[CFT]]></bank_type>\n<total_fee>1</total_fee>\n<fee_type><![CDATA[CNY]]></fee_type>\n<transaction_id><![CDATA[4000702001201704197561278210]]></transaction_id>\n<out_trade_no><![CDATA[1492580-8355-000-006-886]]></out_trade_no>\n<attach><![CDATA[201704051745-36]]></attach>\n<time_end><![CDATA[20170419135042]]></time_end>\n<trade_state><![CDATA[SUCCESS]]></trade_state>\n<cash_fee>1</cash_fee>\n</xml>');INSERT INTO `pms_order_pay_http_log` VALUES ('2017-04-26 12:59:27', '1493182-7668-000-001-891', 'NEW_ORDER', '1', '/pay/wx/order', '{\r\n  \"id\": \"1490854436923-ROBOabcdefg-jl3HDd\",\r\n  \"orderPseudoNo\": \"201704141255-11\",\r\n  \"orderTime\": \"2017-04-14T12:54:41+08:00\",\r\n  \"orderDesc\": \"周黑鸭张浦店-食品\",\r\n  \"orderList\": [\r\n    {\r\n      \"itemId\": \"RVNGW55KECUS3ITIEDFN6R00RP3Y4X19\",\r\n      \"itemQty\": 1\r\n    }\r\n  ],\r\n  \"payMethod\": \"NATIVE\",\r\n  \"robotUid\": \"testROBOabcdefg\",\r\n  \"robotModel\": \"yingbin\",\r\n  \"venderCode\": \"ZHY\",\r\n  \"venderUser\": \"12345678901\"\r\n}');INSERT INTO `pms_order_pay_http_log` VALUES ('2017-04-26 12:59:27', '1493182-7668-000-001-891', 'NEW_PAY', '1', 'https://api.mch.weixin.qq.com/pay/unifiedorder', '<xml><appid>wxfec1f26a067221ae</appid><attach>201704141255-11</attach><body>周黑鸭张浦店-食品</body><mch_id>1236388002</mch_id><nonce_str>JN1L69CFZ9995TTWAT7EWHTI52IBOVRI</nonce_str><notify_url>http://120.27.233.57:8080/api/pay/wx/callback</notify_url><out_trade_no>1493182-7668-000-001-891</out_trade_no><product_id>93182766800000189120170414125511</product_id><sign>DCF490C90EC26C38309AEC17D3FB958E</sign><spbill_create_ip>120.27.233.57</spbill_create_ip><time_expire>20170426131426</time_expire><time_start>20170426125926</time_start><total_fee>1</total_fee><trade_type>NATIVE</trade_type></xml>');INSERT INTO `pms_order_pay_http_log` VALUES ('2017-04-26 13:03:35', '1493182-7668-000-001-891', 'QUERY_PAY', '1', 'https://api.mch.weixin.qq.com/pay/orderquery', '<xml><appid>wxfec1f26a067221ae</appid><mch_id>1236388002</mch_id><nonce_str>YER0MZPEHAKTRV6X25P1ESQIPZPVOYI9</nonce_str><out_trade_no>1493182-7668-000-001-891</out_trade_no><sign>7413E5177450EF658C10AB9306801DA2</sign></xml>');INSERT INTO `pms_order_pay_http_log` VALUES ('2017-04-26 13:03:35', '1493182-7668-000-001-891', 'QUERY_PAY', '0', 'https://api.mch.weixin.qq.com/pay/orderquery', '<xml><return_code><![CDATA[SUCCESS]]></return_code>\n<return_msg><![CDATA[OK]]></return_msg>\n<appid><![CDATA[wxfec1f26a067221ae]]></appid>\n<mch_id><![CDATA[1236388002]]></mch_id>\n<nonce_str><![CDATA[nncCaE8YTTaRBb9X]]></nonce_str>\n<sign><![CDATA[A871F9057117263B271518D4295A1CD1]]></sign>\n<result_code><![CDATA[SUCCESS]]></result_code>\n<out_trade_no><![CDATA[1493182-7668-000-001-891]]></out_trade_no>\n<trade_state><![CDATA[NOTPAY]]></trade_state>\n<trade_state_desc><![CDATA[订单未支付]]></trade_state_desc>\n</xml>');INSERT INTO `pms_order_pay_http_log` VALUES ('2017-04-26 13:08:35', '1493182-7668-000-001-891', 'QUERY_PAY', '1', 'https://api.mch.weixin.qq.com/pay/orderquery', '<xml><appid>wxfec1f26a067221ae</appid><mch_id>1236388002</mch_id><nonce_str>EYZZY5UOPNVG9GBQ11OIXG1024O43Y4F</nonce_str><out_trade_no>1493182-7668-000-001-891</out_trade_no><sign>1AD3C96AC6EEB01BE43B35BC055CA00B</sign></xml>');INSERT INTO `pms_order_pay_http_log` VALUES ('2017-04-26 13:08:35', '1493182-7668-000-001-891', 'QUERY_PAY', '0', 'https://api.mch.weixin.qq.com/pay/orderquery', '<xml><return_code><![CDATA[SUCCESS]]></return_code>\n<return_msg><![CDATA[OK]]></return_msg>\n<appid><![CDATA[wxfec1f26a067221ae]]></appid>\n<mch_id><![CDATA[1236388002]]></mch_id>\n<nonce_str><![CDATA[zJzDKrbZpYbggh5j]]></nonce_str>\n<sign><![CDATA[D88D7F7DE55844466C2F8F6542D42891]]></sign>\n<result_code><![CDATA[SUCCESS]]></result_code>\n<out_trade_no><![CDATA[1493182-7668-000-001-891]]></out_trade_no>\n<trade_state><![CDATA[NOTPAY]]></trade_state>\n<trade_state_desc><![CDATA[订单未支付]]></trade_state_desc>\n</xml>');INSERT INTO `pms_order_pay_http_log` VALUES ('2017-04-26 13:13:35', '1493182-7668-000-001-891', 'QUERY_PAY', '1', 'https://api.mch.weixin.qq.com/pay/orderquery', '<xml><appid>wxfec1f26a067221ae</appid><mch_id>1236388002</mch_id><nonce_str>CXXLENN48AOA5L0TYJLYI0D2MKGVAGFR</nonce_str><out_trade_no>1493182-7668-000-001-891</out_trade_no><sign>2723CA3732ED2ECA9EA26DB62CD0A98B</sign></xml>');INSERT INTO `pms_order_pay_http_log` VALUES ('2017-04-26 13:13:35', '1493182-7668-000-001-891', 'QUERY_PAY', '0', 'https://api.mch.weixin.qq.com/pay/orderquery', '<xml><return_code><![CDATA[SUCCESS]]></return_code>\n<return_msg><![CDATA[OK]]></return_msg>\n<appid><![CDATA[wxfec1f26a067221ae]]></appid>\n<mch_id><![CDATA[1236388002]]></mch_id>\n<nonce_str><![CDATA[kin3967yognxyRcM]]></nonce_str>\n<sign><![CDATA[428625F2A1DF316D235BFE27D5F28535]]></sign>\n<result_code><![CDATA[SUCCESS]]></result_code>\n<out_trade_no><![CDATA[1493182-7668-000-001-891]]></out_trade_no>\n<trade_state><![CDATA[NOTPAY]]></trade_state>\n<trade_state_desc><![CDATA[订单未支付]]></trade_state_desc>\n</xml>');INSERT INTO `pms_order_pay_http_log` VALUES ('2017-04-26 13:18:35', '1493182-7668-000-001-891', 'QUERY_PAY', '1', 'https://api.mch.weixin.qq.com/pay/orderquery', '<xml><appid>wxfec1f26a067221ae</appid><mch_id>1236388002</mch_id><nonce_str>83K22HKONL473H18UU7U0DN5QU9NAWM9</nonce_str><out_trade_no>1493182-7668-000-001-891</out_trade_no><sign>A7D07910DF09BE777BF0439A07DC1BCB</sign></xml>');INSERT INTO `pms_order_pay_http_log` VALUES ('2017-04-26 13:18:35', '1493182-7668-000-001-891', 'QUERY_PAY', '0', 'https://api.mch.weixin.qq.com/pay/orderquery', '<xml><return_code><![CDATA[SUCCESS]]></return_code>\n<return_msg><![CDATA[OK]]></return_msg>\n<appid><![CDATA[wxfec1f26a067221ae]]></appid>\n<mch_id><![CDATA[1236388002]]></mch_id>\n<nonce_str><![CDATA[qp4gFN3lv3nrCmyP]]></nonce_str>\n<sign><![CDATA[5472AA3547CB4EDD12BCB38B7A2F16F2]]></sign>\n<result_code><![CDATA[SUCCESS]]></result_code>\n<out_trade_no><![CDATA[1493182-7668-000-001-891]]></out_trade_no>\n<trade_state><![CDATA[NOTPAY]]></trade_state>\n<trade_state_desc><![CDATA[订单未支付]]></trade_state_desc>\n</xml>');INSERT INTO `pms_order_pay_http_log` VALUES ('2017-04-28 10:14:48', '1493345-6885-000-002-967', 'NEW_ORDER', '1', '/pay/wx/order', '{\n   \"id\" : \"2017042810144200020BB4AAA4B1F487d87F575422C345C1C\",\n   \"orderDesc\" : \"ZHY-001\",\n   \"orderList\" : [\n      {\n         \"itemId\" : \"K703LQ725I9UR001DPOT1S8OSDQLG99J\",\n         \"itemQty\" : 4\n      }\n   ],\n   \"orderPseudoNo\" : \"20170428101120-2\",\n   \"orderTime\" : \"2017-04-28T10:14:42+08:00\",\n   \"payMethod\" : \"NATIVE\",\n   \"robotModel\" : \"yingbin\",\n   \"robotUid\" : \"92EE77DD0BB04ecaA2C9420533405E24\",\n   \"venderCode\" : \"ZHY\",\n   \"venderUser\" : \"gxy\"\n}\n');INSERT INTO `pms_order_pay_http_log` VALUES ('2017-04-28 10:14:48', '1493345-6885-000-002-967', 'NEW_PAY', '1', 'https://api.mch.weixin.qq.com/pay/unifiedorder', '<xml><appid>wxfec1f26a067221ae</appid><attach>20170428101120-2</attach><body>ZHY-001</body><mch_id>1236388002</mch_id><nonce_str>HF949S0LRHV371P0NC8GEL3DZ6V5VO3R</nonce_str><notify_url>http://120.27.233.57:8080/api/pay/wx/callback</notify_url><out_trade_no>1493345-6885-000-002-967</out_trade_no><product_id>33456885000002967201704281011202</product_id><sign>5580EEE5AB7A0ABC61F4A4D9A88F0D41</sign><spbill_create_ip>120.27.233.57</spbill_create_ip><time_expire>20170428102948</time_expire><time_start>20170428101448</time_start><total_fee>16</total_fee><trade_type>NATIVE</trade_type></xml>');INSERT INTO `pms_order_pay_http_log` VALUES ('2017-04-28 10:14:51', '1493345-6885-000-002-967', 'QUERY_PAY', '1', 'https://api.mch.weixin.qq.com/pay/orderquery', '<xml><appid>wxfec1f26a067221ae</appid><mch_id>1236388002</mch_id><nonce_str>J1F1QJ45JI06YSHRNZFKW4X4H6I6RUN4</nonce_str><out_trade_no>1493345-6885-000-002-967</out_trade_no><sign>1B08B7C826039CDB7300FADCADEAA021</sign></xml>');INSERT INTO `pms_order_pay_http_log` VALUES ('2017-04-28 10:14:51', '1493345-6885-000-002-967', 'QUERY_PAY', '0', 'https://api.mch.weixin.qq.com/pay/orderquery', '<xml><return_code><![CDATA[SUCCESS]]></return_code>\n<return_msg><![CDATA[OK]]></return_msg>\n<appid><![CDATA[wxfec1f26a067221ae]]></appid>\n<mch_id><![CDATA[1236388002]]></mch_id>\n<nonce_str><![CDATA[9JGy3JR0hdR9LmLo]]></nonce_str>\n<sign><![CDATA[567243AD47A27249E6E8C4CA7565370F]]></sign>\n<result_code><![CDATA[SUCCESS]]></result_code>\n<out_trade_no><![CDATA[1493345-6885-000-002-967]]></out_trade_no>\n<trade_state><![CDATA[NOTPAY]]></trade_state>\n<trade_state_desc><![CDATA[订单未支付]]></trade_state_desc>\n</xml>');INSERT INTO `pms_order_pay_http_log` VALUES ('2017-04-28 10:18:34', '1493345-6885-000-002-967', 'QUERY_PAY', '1', 'https://api.mch.weixin.qq.com/pay/orderquery', '<xml><appid>wxfec1f26a067221ae</appid><mch_id>1236388002</mch_id><nonce_str>VEW5M1GYS1JE5WSX4WZUMT20W087D63S</nonce_str><out_trade_no>1493345-6885-000-002-967</out_trade_no><sign>357E8DAC565688179B8E1527CF3355A7</sign></xml>');INSERT INTO `pms_order_pay_http_log` VALUES ('2017-04-28 10:18:34', '1493345-6885-000-002-967', 'QUERY_PAY', '0', 'https://api.mch.weixin.qq.com/pay/orderquery', '<xml><return_code><![CDATA[SUCCESS]]></return_code>\n<return_msg><![CDATA[OK]]></return_msg>\n<appid><![CDATA[wxfec1f26a067221ae]]></appid>\n<mch_id><![CDATA[1236388002]]></mch_id>\n<nonce_str><![CDATA[IqGqqZNZUtgKxXXH]]></nonce_str>\n<sign><![CDATA[7421A5EC79AC2487E04532D13E43186C]]></sign>\n<result_code><![CDATA[SUCCESS]]></result_code>\n<out_trade_no><![CDATA[1493345-6885-000-002-967]]></out_trade_no>\n<trade_state><![CDATA[NOTPAY]]></trade_state>\n<trade_state_desc><![CDATA[订单未支付]]></trade_state_desc>\n</xml>');INSERT INTO `pms_order_pay_http_log` VALUES ('2017-04-28 10:23:34', '1493345-6885-000-002-967', 'QUERY_PAY', '1', 'https://api.mch.weixin.qq.com/pay/orderquery', '<xml><appid>wxfec1f26a067221ae</appid><mch_id>1236388002</mch_id><nonce_str>5ROT441357OV3RCA7Q93C73W74A6VDNY</nonce_str><out_trade_no>1493345-6885-000-002-967</out_trade_no><sign>0B22CD2B08BCA34DF60C1B5B8C7EE1D6</sign></xml>');INSERT INTO `pms_order_pay_http_log` VALUES ('2017-04-28 10:23:34', '1493345-6885-000-002-967', 'QUERY_PAY', '0', 'https://api.mch.weixin.qq.com/pay/orderquery', '<xml><return_code><![CDATA[SUCCESS]]></return_code>\n<return_msg><![CDATA[OK]]></return_msg>\n<appid><![CDATA[wxfec1f26a067221ae]]></appid>\n<mch_id><![CDATA[1236388002]]></mch_id>\n<nonce_str><![CDATA[FIq2uzIPTWKaUFO0]]></nonce_str>\n<sign><![CDATA[AE1DFEC2692632C4148613D747E631C7]]></sign>\n<result_code><![CDATA[SUCCESS]]></result_code>\n<out_trade_no><![CDATA[1493345-6885-000-002-967]]></out_trade_no>\n<trade_state><![CDATA[NOTPAY]]></trade_state>\n<trade_state_desc><![CDATA[订单未支付]]></trade_state_desc>\n</xml>');INSERT INTO `pms_order_pay_http_log` VALUES ('2017-04-28 10:28:34', '1493345-6885-000-002-967', 'QUERY_PAY', '1', 'https://api.mch.weixin.qq.com/pay/orderquery', '<xml><appid>wxfec1f26a067221ae</appid><mch_id>1236388002</mch_id><nonce_str>QOAHM6FPAL1PM2FUSJHOI2CR280RYQYP</nonce_str><out_trade_no>1493345-6885-000-002-967</out_trade_no><sign>41D0DAE79DB23AE71633501598B60473</sign></xml>');INSERT INTO `pms_order_pay_http_log` VALUES ('2017-04-28 10:28:34', '1493345-6885-000-002-967', 'QUERY_PAY', '0', 'https://api.mch.weixin.qq.com/pay/orderquery', '<xml><return_code><![CDATA[SUCCESS]]></return_code>\n<return_msg><![CDATA[OK]]></return_msg>\n<appid><![CDATA[wxfec1f26a067221ae]]></appid>\n<mch_id><![CDATA[1236388002]]></mch_id>\n<nonce_str><![CDATA[WRoOorTPTAVnf7FP]]></nonce_str>\n<sign><![CDATA[698CE8E825FA4FB05028AFEECF6C51B1]]></sign>\n<result_code><![CDATA[SUCCESS]]></result_code>\n<out_trade_no><![CDATA[1493345-6885-000-002-967]]></out_trade_no>\n<trade_state><![CDATA[NOTPAY]]></trade_state>\n<trade_state_desc><![CDATA[订单未支付]]></trade_state_desc>\n</xml>');INSERT INTO `pms_order_pay_http_log` VALUES ('2017-04-28 10:33:34', '1493345-6885-000-002-967', 'QUERY_PAY', '1', 'https://api.mch.weixin.qq.com/pay/orderquery', '<xml><appid>wxfec1f26a067221ae</appid><mch_id>1236388002</mch_id><nonce_str>ATNLZO6AVPXXXRNYMKURN48R5BRGAXJI</nonce_str><out_trade_no>1493345-6885-000-002-967</out_trade_no><sign>FB419BBBBEB5CA8505123136409392B4</sign></xml>');INSERT INTO `pms_order_pay_http_log` VALUES ('2017-04-28 10:33:34', '1493345-6885-000-002-967', 'QUERY_PAY', '0', 'https://api.mch.weixin.qq.com/pay/orderquery', '<xml><return_code><![CDATA[SUCCESS]]></return_code>\n<return_msg><![CDATA[OK]]></return_msg>\n<appid><![CDATA[wxfec1f26a067221ae]]></appid>\n<mch_id><![CDATA[1236388002]]></mch_id>\n<nonce_str><![CDATA[iaRyNNGG6RL7u473]]></nonce_str>\n<sign><![CDATA[B77A66F8958E4E8B304EF29BA8A61EC6]]></sign>\n<result_code><![CDATA[SUCCESS]]></result_code>\n<out_trade_no><![CDATA[1493345-6885-000-002-967]]></out_trade_no>\n<trade_state><![CDATA[NOTPAY]]></trade_state>\n<trade_state_desc><![CDATA[订单未支付]]></trade_state_desc>\n</xml>');INSERT INTO `pms_order_pay_http_log` VALUES ('2017-04-28 13:14:50', '1493356-4904-000-004-495', 'NEW_ORDER', '1', '/pay/wx/order', '{\n   \"id\" : \"20170428131318000FAA59313CB1649fcB3672EC7905C9569\",\n   \"orderDesc\" : \"ZHY-001\",\n   \"orderList\" : [\n      {\n         \"itemId\" : \"EJGA0KHUYW9CZRXSKI4XJ634YPSWW9A3\",\n         \"itemQty\" : 6\n      }\n   ],\n   \"orderPseudoNo\" : \"20170428131246-2\",\n   \"orderTime\" : \"2017-04-28T13:13:18+08:00\",\n   \"payMethod\" : \"NATIVE\",\n   \"robotModel\" : \"yingbin\",\n   \"robotUid\" : \"91444071B1B2417e910BC71DB9FDCFB2\",\n   \"venderCode\" : \"ZHY\",\n   \"venderUser\" : \"gxy\"\n}\n');INSERT INTO `pms_order_pay_http_log` VALUES ('2017-04-28 13:14:50', '1493356-4904-000-004-495', 'NEW_PAY', '1', 'https://api.mch.weixin.qq.com/pay/unifiedorder', '<xml><appid>wxfec1f26a067221ae</appid><attach>20170428131246-2</attach><body>ZHY-001</body><mch_id>1236388002</mch_id><nonce_str>J26XW2BJUPBSWTOHOBNL7TNKYP5C1DYU</nonce_str><notify_url>http://120.27.233.57:8080/api/pay/wx/callback</notify_url><out_trade_no>1493356-4904-000-004-495</out_trade_no><product_id>33564904000004495201704281312462</product_id><sign>F352D29602C40789BBA5A008D607EEAF</sign><spbill_create_ip>120.27.233.57</spbill_create_ip><time_expire>20170428132950</time_expire><time_start>20170428131450</time_start><total_fee>12</total_fee><trade_type>NATIVE</trade_type></xml>');INSERT INTO `pms_order_pay_http_log` VALUES ('2017-04-28 13:18:34', '1493356-4904-000-004-495', 'QUERY_PAY', '1', 'https://api.mch.weixin.qq.com/pay/orderquery', '<xml><appid>wxfec1f26a067221ae</appid><mch_id>1236388002</mch_id><nonce_str>RFEYJ7RJI9FLV96OPGJ2MSWX8SGOHHX9</nonce_str><out_trade_no>1493356-4904-000-004-495</out_trade_no><sign>47509FF2A0FA37819D3447B0A5964AF0</sign></xml>');INSERT INTO `pms_order_pay_http_log` VALUES ('2017-04-28 13:18:34', '1493356-4904-000-004-495', 'QUERY_PAY', '0', 'https://api.mch.weixin.qq.com/pay/orderquery', '<xml><return_code><![CDATA[SUCCESS]]></return_code>\n<return_msg><![CDATA[OK]]></return_msg>\n<appid><![CDATA[wxfec1f26a067221ae]]></appid>\n<mch_id><![CDATA[1236388002]]></mch_id>\n<nonce_str><![CDATA[wzYXjscgitUr9LPM]]></nonce_str>\n<sign><![CDATA[49B429275B544B03E5C0AE9FF4E7FD5F]]></sign>\n<result_code><![CDATA[SUCCESS]]></result_code>\n<out_trade_no><![CDATA[1493356-4904-000-004-495]]></out_trade_no>\n<trade_state><![CDATA[NOTPAY]]></trade_state>\n<trade_state_desc><![CDATA[订单未支付]]></trade_state_desc>\n</xml>');INSERT INTO `pms_order_pay_http_log` VALUES ('2017-04-28 13:23:34', '1493356-4904-000-004-495', 'QUERY_PAY', '1', 'https://api.mch.weixin.qq.com/pay/orderquery', '<xml><appid>wxfec1f26a067221ae</appid><mch_id>1236388002</mch_id><nonce_str>QNQNM9RX778G33UUR0RLG6ZJM314WLHS</nonce_str><out_trade_no>1493356-4904-000-004-495</out_trade_no><sign>B0D2917A5623BBD11E4EE1677E9B39B5</sign></xml>');INSERT INTO `pms_order_pay_http_log` VALUES ('2017-04-28 13:23:34', '1493356-4904-000-004-495', 'QUERY_PAY', '0', 'https://api.mch.weixin.qq.com/pay/orderquery', '<xml><return_code><![CDATA[SUCCESS]]></return_code>\n<return_msg><![CDATA[OK]]></return_msg>\n<appid><![CDATA[wxfec1f26a067221ae]]></appid>\n<mch_id><![CDATA[1236388002]]></mch_id>\n<nonce_str><![CDATA[XiIH57XarE8onggU]]></nonce_str>\n<sign><![CDATA[8F814ACEFAB6E5B14F1D7C04954EDF12]]></sign>\n<result_code><![CDATA[SUCCESS]]></result_code>\n<out_trade_no><![CDATA[1493356-4904-000-004-495]]></out_trade_no>\n<trade_state><![CDATA[NOTPAY]]></trade_state>\n<trade_state_desc><![CDATA[订单未支付]]></trade_state_desc>\n</xml>');INSERT INTO `pms_order_pay_http_log` VALUES ('2017-04-28 13:28:34', '1493356-4904-000-004-495', 'QUERY_PAY', '1', 'https://api.mch.weixin.qq.com/pay/orderquery', '<xml><appid>wxfec1f26a067221ae</appid><mch_id>1236388002</mch_id><nonce_str>674HGJ2NQRPWELMDJQJROEMAOCAEPKM4</nonce_str><out_trade_no>1493356-4904-000-004-495</out_trade_no><sign>6F326115C33D3040B1AB826392B83E7B</sign></xml>');INSERT INTO `pms_order_pay_http_log` VALUES ('2017-04-28 13:28:34', '1493356-4904-000-004-495', 'QUERY_PAY', '0', 'https://api.mch.weixin.qq.com/pay/orderquery', '<xml><return_code><![CDATA[SUCCESS]]></return_code>\n<return_msg><![CDATA[OK]]></return_msg>\n<appid><![CDATA[wxfec1f26a067221ae]]></appid>\n<mch_id><![CDATA[1236388002]]></mch_id>\n<nonce_str><![CDATA[kecSb047SsRLPmF1]]></nonce_str>\n<sign><![CDATA[A7DF6C9767606786D42100DAEF763CA3]]></sign>\n<result_code><![CDATA[SUCCESS]]></result_code>\n<out_trade_no><![CDATA[1493356-4904-000-004-495]]></out_trade_no>\n<trade_state><![CDATA[NOTPAY]]></trade_state>\n<trade_state_desc><![CDATA[订单未支付]]></trade_state_desc>\n</xml>');INSERT INTO `pms_order_pay_http_log` VALUES ('2017-04-28 13:33:34', '1493356-4904-000-004-495', 'QUERY_PAY', '1', 'https://api.mch.weixin.qq.com/pay/orderquery', '<xml><appid>wxfec1f26a067221ae</appid><mch_id>1236388002</mch_id><nonce_str>YJV53IYC0OZMQQ3SJOBV6MTMNSLOIS3N</nonce_str><out_trade_no>1493356-4904-000-004-495</out_trade_no><sign>C43A42DC571E77CF3A5EE42F183C6EF6</sign></xml>');INSERT INTO `pms_order_pay_http_log` VALUES ('2017-04-28 13:33:34', '1493356-4904-000-004-495', 'QUERY_PAY', '0', 'https://api.mch.weixin.qq.com/pay/orderquery', '<xml><return_code><![CDATA[SUCCESS]]></return_code>\n<return_msg><![CDATA[OK]]></return_msg>\n<appid><![CDATA[wxfec1f26a067221ae]]></appid>\n<mch_id><![CDATA[1236388002]]></mch_id>\n<nonce_str><![CDATA[2mUv8ZuEDKMwh0Ux]]></nonce_str>\n<sign><![CDATA[BAB75C077902D8152AB54FEA0511E079]]></sign>\n<result_code><![CDATA[SUCCESS]]></result_code>\n<out_trade_no><![CDATA[1493356-4904-000-004-495]]></out_trade_no>\n<trade_state><![CDATA[NOTPAY]]></trade_state>\n<trade_state_desc><![CDATA[订单未支付]]></trade_state_desc>\n</xml>');
-- ------------------------------ Table structure for pms_pay_alipay_url-- ----------------------------DROP TABLE IF EXISTS `pms_pay_alipay_url`;CREATE TABLE `pms_pay_alipay_url` (  `id` int(11) NOT NULL AUTO_INCREMENT,  `redirect_key` char(32) NOT NULL,  `url` text NOT NULL,  `creat_time` datetime NOT NULL,  PRIMARY KEY (`id`)) ENGINE=InnoDB AUTO_INCREMENT=4 DEFAULT CHARSET=utf8;
-- ------------------------------ Records of pms_pay_alipay_url-- ----------------------------INSERT INTO `pms_pay_alipay_url` VALUES ('2', 'kYSyB3rZBcK0nX6vjLG3OjsH4VDakLA4', 'https://openapi.alipay.com/gateway.do?alipay_sdk=alipay-sdk-java-dynamicVersionNo&app_id=2017032706428521&biz_content=%7B%22out_trade_no%22%3A%221493345-6872-000-001-008%22%2C%22product_code%22%3A%22QUICK_WAP_PAY%22%2C%22subject%22%3A%222%E5%8F%B7%E4%BA%A7%E5%93%81%22%2C%22timeout_express%22%3A%2250m%22%2C%22total_amount%22%3A%220.04%22%7D&charset=UTF-8&format=json&method=alipay.trade.wap.pay&notify_url=http%3A%2F%2F120.27.233.57%3A8080%2Falipay.trade.wap.pay-java-utf-8%2Fnotify_url.jsp&return_url=http%3A%2F%2F120.27.233.57%3A8080%2Falipay.trade.wap.pay-java-utf-8%2Freturn_url.jsp&sign=S98ZVwCg8rfeKe2RziAUy9XxdmQaNcpBgArLB7pRznsn0%2Bxrp%2Bus%2BKLVbb6Snj4x9KzxdR3%2FXWjVcImUMaMCOF6nJ%2F9Cp9s3v9SVeXvUHO50KR6Z9q%2By79f0PwAkNPTUy0swtL1OAE2BA1i0VU1WrD%2BuOpV6rO069J8E4XYQBOoEdWYa2seHqe%2BudwCc4W4Wl8iEc9SYh1Fp3QdAJKQvBgwwEjuuVvTc4iBpACpxkR5dVfev5cPksKejUXo%2F3B%2FL3Gr8jyRf5TeHh7uhpyAjrjUesFvMui1EPj%2BICjbXvl6QP1telui3iplpAseW5naTUcm%2BP6YQP3Lbe4AYGZqLKw%3D%3D&sign_type=RSA2&timestamp=2017-04-28+10%3A14%3A47&version=1.0&sign=S98ZVwCg8rfeKe2RziAUy9XxdmQaNcpBgArLB7pRznsn0%2Bxrp%2Bus%2BKLVbb6Snj4x9KzxdR3%2FXWjVcImUMaMCOF6nJ%2F9Cp9s3v9SVeXvUHO50KR6Z9q%2By79f0PwAkNPTUy0swtL1OAE2BA1i0VU1WrD%2BuOpV6rO069J8E4XYQBOoEdWYa2seHqe%2BudwCc4W4Wl8iEc9SYh1Fp3QdAJKQvBgwwEjuuVvTc4iBpACpxkR5dVfev5cPksKejUXo%2F3B%2FL3Gr8jyRf5TeHh7uhpyAjrjUesFvMui1EPj%2BICjbXvl6QP1telui3iplpAseW5naTUcm%2BP6YQP3Lbe4AYGZqLKw%3D%3D', '2017-04-28 10:14:47');INSERT INTO `pms_pay_alipay_url` VALUES ('3', 'VvbuvmzXSKS8Y9t8Ae7SAuDd0EZ8vSJv', 'https://openapi.alipay.com/gateway.do?alipay_sdk=alipay-sdk-java-dynamicVersionNo&app_id=2017032706428521&biz_content=%7B%22out_trade_no%22%3A%221493356-3989-000-003-126%22%2C%22product_code%22%3A%22QUICK_WAP_PAY%22%2C%22subject%22%3A%22888%22%2C%22timeout_express%22%3A%2250m%22%2C%22total_amount%22%3A%220.02%22%7D&charset=UTF-8&format=json&method=alipay.trade.wap.pay&notify_url=http%3A%2F%2F120.27.233.57%3A8080%2Falipay.trade.wap.pay-java-utf-8%2Fnotify_url.jsp&return_url=http%3A%2F%2F120.27.233.57%3A8080%2Falipay.trade.wap.pay-java-utf-8%2Freturn_url.jsp&sign=KIsykPm7Q%2FSjK8nobHEUaXayRahDBv3UVAQLseoowU01baAp%2B9OmS%2FoIzHOOjX3klRvQT6fgeJL0MBJcJL5O6ulWDyOy2aUnmuUEmy8WdYj1mVFyammuCgR%2FFaR%2FSFCfgIHQJQAcl3d%2F0cgjH46G81rd05DnQtyttr5NujD%2FBKu7RYL1vGiDh5CmuS7RlQ3GUk7RhPDAs%2FnikvyQNoqFNWGKagxaBZ6HCECfa9j%2FJKgQaZiMHeEzzLoHInd7%2BNYTMeD0rmJekX69yQxPMONlci8AJPf9DwvBfDOovzmwYdxuz0vFpoOL4WjeKaLIOL5QMq3W9evqDZn%2Fkwj%2FKyqMuQ%3D%3D&sign_type=RSA2&timestamp=2017-04-28+13%3A14%3A50&version=1.0&sign=KIsykPm7Q%2FSjK8nobHEUaXayRahDBv3UVAQLseoowU01baAp%2B9OmS%2FoIzHOOjX3klRvQT6fgeJL0MBJcJL5O6ulWDyOy2aUnmuUEmy8WdYj1mVFyammuCgR%2FFaR%2FSFCfgIHQJQAcl3d%2F0cgjH46G81rd05DnQtyttr5NujD%2FBKu7RYL1vGiDh5CmuS7RlQ3GUk7RhPDAs%2FnikvyQNoqFNWGKagxaBZ6HCECfa9j%2FJKgQaZiMHeEzzLoHInd7%2BNYTMeD0rmJekX69yQxPMONlci8AJPf9DwvBfDOovzmwYdxuz0vFpoOL4WjeKaLIOL5QMq3W9evqDZn%2Fkwj%2FKyqMuQ%3D%3D', '2017-04-28 13:14:50');
-- ------------------------------ Table structure for pms_pay_detail_alipay-- ----------------------------DROP TABLE IF EXISTS `pms_pay_detail_alipay`;CREATE TABLE `pms_pay_detail_alipay` (  `id` int(11) NOT NULL AUTO_INCREMENT,  `buyer_logon_id` varchar(50) DEFAULT NULL COMMENT '187***@163.com',  `buyer_pay_amount` varchar(11) DEFAULT NULL COMMENT '0.00',  `buyer_user_id` varchar(25) DEFAULT NULL COMMENT '2088512335998889',  `code` varchar(10) DEFAULT NULL COMMENT '10000',  `invoice_amount` varchar(11) DEFAULT NULL COMMENT '0.00',  `msg` varchar(25) DEFAULT NULL COMMENT 'Success',  `open_id` varchar(50) DEFAULT NULL COMMENT '20881078081264575095102082417488',  `out_trade_no` varchar(25) DEFAULT NULL COMMENT '201746112059185',  `point_amount` varchar(11) DEFAULT NULL COMMENT '0.00',  `receipt_amount` varchar(11) DEFAULT NULL COMMENT '0.00',  `send_pay_date` varchar(50) DEFAULT NULL COMMENT '2017-04-06 11:23:01',  `total_amount` varchar(11) DEFAULT NULL COMMENT '0.01',  `trade_no` varchar(50) DEFAULT NULL COMMENT '2017040621001004880290271390',  `trade_status` varchar(25) DEFAULT NULL COMMENT 'TRADE_SUCCESS',  `sign` text,  PRIMARY KEY (`id`)) ENGINE=InnoDB AUTO_INCREMENT=6 DEFAULT CHARSET=utf8;
-- ------------------------------ Records of pms_pay_detail_alipay-- ----------------------------INSERT INTO `pms_pay_detail_alipay` VALUES ('4', '187***@163.com', '0.00', '2088512335998889', '10000', '0.00', 'Success', '20881078081264575095102082417488', '1491977-3817-000-001-885', '0.00', '0.00', '2017-04-12 14:10:48', '0.02', '2017041221001004880200111099', 'TRADE_SUCCESS', 'B3Z8iS4qnxILL4z4c0Ret40AYCQR4ILpijPM4Msfq4pWSQD8k+aIRCmNDwrVxXqb2QB63F7ZGAWfH5ltcKXmEf1y8AORMepgqCvs3iGbbBIzrVx69gB+Zgapwq3y1p8skDjQVGui8rn72Ubh340ZGXkEI1En0FAhvncf8PExh6SgHcpYMUqKd1xaszPNqPsVske6FI4kR5UQeKhNW8HvLUxSlvrhXDiYIBSPboTx5ljW7IvOO1y2m2UVOoAeMoPKrxWEXzvI0v6WhgVIZr0T/9YVEO23nBZ6hgPe6TrtTiuBj9QISuU6JpoYmZiwGRCRGA7S5e+/pEeDyIwfb6C/oQ==');INSERT INTO `pms_pay_detail_alipay` VALUES ('5', '187***@163.com', '0.00', '2088512335998889', '10000', '0.00', 'Success', '20881078081264575095102082417488', '1491977-7586-000-001-309', '0.00', '0.00', '2017-04-12 14:16:34', '0.02', '2017041221001004880200166483', 'TRADE_SUCCESS', 'O/C7LxpZrBBPuz9MJ7+pixZGZxVRuioPO4V4zZWArO9WTWeTS9ydfJCCjbPVJ1wsAvWZvF2utGjfdNzW9Uv2Sgyvbka/MUNH1PqYwT7ToreZzxFJ1+7svF6V1ILFx2tHqDNHdfVZfK1sg7lgXcbzQsxvSybI1b/xPZqsWqvOKrLIQAEBYelmxDutByXrhKWsvB57bAx3EXmi63W5KBuCAzo0/rCH7LbGXf486jvk2MXLGbDclkpp3WZIH0oG9G6XZVmRkPmQXPlfgOqsQsvh21h+2hdK2CrfVvWwrt1VSKsMNNReTaYmcpwSbSqTVSxnc1+p2UonQgQPH5eBCs04rA==');
-- ------------------------------ Table structure for pms_pay_detail_wx-- ----------------------------DROP TABLE IF EXISTS `pms_pay_detail_wx`;CREATE TABLE `pms_pay_detail_wx` (  `create_time` timestamp NULL DEFAULT NULL COMMENT '数据库记录产生时间',  `update_time` timestamp NULL DEFAULT NULL ON UPDATE CURRENT_TIMESTAMP COMMENT '数据库记录更新时间',  `order_id` varchar(50) NOT NULL COMMENT '后台生成的订单流水号',  `spbill_create_ip` varchar(16) NOT NULL COMMENT '终端IP',  `out_trade_no` varchar(32) DEFAULT NULL COMMENT '商户订单号',  `prepay_id` varchar(64) DEFAULT NULL COMMENT '预支付交易会话标识',  `transaction_id` varchar(32) DEFAULT NULL COMMENT '微信支付订单号',  `body` varchar(128) DEFAULT NULL COMMENT '商品描述',  `trade_type` varchar(16) DEFAULT NULL COMMENT '交易类型',  `limit_pay` varchar(32) DEFAULT NULL COMMENT '指定支付方式',  `product_id` varchar(32) DEFAULT NULL COMMENT '商品ID',  `code_url` varchar(64) DEFAULT NULL COMMENT '二维码链接',  `trade_state` varchar(32) DEFAULT NULL COMMENT '交易状态',  `trade_state_desc` varchar(256) DEFAULT NULL COMMENT '交易状态描述',  `bank_type` varchar(16) DEFAULT NULL COMMENT '付款银行',  `total_fee` int(11) DEFAULT NULL COMMENT '标价金额',  `fee_type` varchar(8) DEFAULT NULL COMMENT '标价货种',  `cash_fee` int(11) DEFAULT NULL COMMENT '现金支付金额',  `cash_fee_type` varchar(16) DEFAULT NULL COMMENT '现金支付币种',  `settlement_total_fee` int(11) DEFAULT NULL COMMENT '应结订单金额',  `coupon_fee` int(11) DEFAULT NULL COMMENT '代金券金额',  `goods_tag` varchar(32) DEFAULT NULL COMMENT '商品标记',  `openid` varchar(128) DEFAULT NULL COMMENT '用户标识',  `is_subscribe` varchar(1) DEFAULT NULL COMMENT '是否关注公众账号',  `time_start` timestamp NULL DEFAULT NULL COMMENT '支付开始时间',  `time_expire` timestamp NULL DEFAULT NULL COMMENT '支付失效时间',  `time_end` timestamp NULL DEFAULT NULL COMMENT '支付完成时间',  PRIMARY KEY (`order_id`),  UNIQUE KEY `order_id` (`order_id`),  CONSTRAINT `pms_pay_detail_wx_ibfk_1` FOREIGN KEY (`order_id`) REFERENCES `pms_order_pay` (`order_id`)) ENGINE=InnoDB DEFAULT CHARSET=utf8 COMMENT='微信支付记录表';
-- ------------------------------ Records of pms_pay_detail_wx-- ----------------------------INSERT INTO `pms_pay_detail_wx` VALUES ('2017-04-12 10:35:19', '2017-04-12 10:35:19', '1491964-4749-000-001-854', '120.27.233.57', null, 'wx201704121034534565def4660025767572', null, null, 'NATIVE', null, '19644749000001854201704071049371', 'weixin://wxpay/bizpayurl?pr=tMwbwMD', null, null, null, '1', null, null, null, null, null, null, null, null, null, null, null);INSERT INTO `pms_pay_detail_wx` VALUES ('2017-04-12 12:04:47', '2017-04-12 12:04:47', '1491969-8410-000-001-355', '120.27.233.57', null, 'wx20170412120406ee7b6aae2a0405481657', null, null, 'NATIVE', null, '19698410000001355201704071049371', 'weixin://wxpay/bizpayurl?pr=msQwfVU', null, null, null, '1', null, null, null, null, null, null, null, null, null, null, null);INSERT INTO `pms_pay_detail_wx` VALUES ('2017-04-12 17:16:55', '2017-04-12 17:16:55', '1491988-5964-000-002-325', '120.27.233.57', null, null, null, null, 'NATIVE', null, '19885964000002325201704071049371', null, null, null, null, '0', null, null, null, null, null, null, null, null, '2017-04-12 17:16:56', '2017-04-12 17:46:56', null);INSERT INTO `pms_pay_detail_wx` VALUES ('2017-04-12 17:18:24', '2017-04-12 17:18:24', '1491988-6703-000-001-218', '120.27.233.57', null, null, null, null, 'NATIVE', null, '19886703000001218201704071049371', null, null, null, null, '0', null, null, null, null, null, null, null, null, '2017-04-12 17:17:50', '2017-04-12 17:47:50', null);INSERT INTO `pms_pay_detail_wx` VALUES ('2017-04-12 17:21:18', '2017-04-12 17:21:18', '1491988-8535-000-001-036', '120.27.233.57', null, null, null, null, 'NATIVE', null, '19888535000001036201704071049371', null, null, null, null, '0', null, null, null, null, null, null, null, null, '2017-04-12 17:20:54', '2017-04-12 17:50:54', null);INSERT INTO `pms_pay_detail_wx` VALUES ('2017-04-12 17:23:39', '2017-04-12 17:29:48', '1491989-0008-000-001-607', '120.27.233.57', '1491989-0008-000-001-607', 'wx2017041217234301cc86a4dc0926479430', '4000702001201704126755771429', null, 'NATIVE', null, '19890008000001607201704071049371', 'weixin://wxpay/bizpayurl?pr=byi7F2Z', null, null, 'CFT', '1', null, '1', null, null, null, null, 'o-WsVt5A1Mfr-wcIa9Hv-I_bTD1A', 'N', '2017-04-12 17:23:36', '2017-04-12 17:53:36', '2017-04-12 17:26:30');INSERT INTO `pms_pay_detail_wx` VALUES ('2017-04-13 17:21:12', '2017-04-13 18:30:24', '1492075-2413-000-001-675', '120.27.233.57', null, 'wx20170413172126d2d619aa7e0583533121', null, null, 'NATIVE', null, '92075241300000167520170405174512', 'weixin://wxpay/bizpayurl?pr=Dxk5HtQ', 'NOTPAY', '订单未支付', null, '2', null, null, null, null, null, null, null, null, '2017-04-13 17:20:44', '2017-04-13 17:50:44', null);INSERT INTO `pms_pay_detail_wx` VALUES ('2017-04-14 10:04:07', '2017-04-14 12:40:56', '1492135-4392-000-001-131', '120.27.233.57', null, 'wx2017041410041101ddd265e60442393272', null, null, 'NATIVE', null, '92135439200000113120170405174512', 'weixin://wxpay/bizpayurl?pr=mQtFGQJ', 'NOTPAY', '订单未支付', null, '1', null, null, null, null, null, null, null, null, '2017-04-14 10:03:59', '2017-04-14 10:33:59', null);INSERT INTO `pms_pay_detail_wx` VALUES ('2017-04-14 12:42:38', '2017-04-14 13:17:05', '1492144-9404-000-001-476', '120.27.233.57', null, 'wx20170414124241f0a231e1650181579631', null, null, 'NATIVE', null, '92144940400000147620170414125103', 'weixin://wxpay/bizpayurl?pr=rVJqmRk', 'NOTPAY', '订单未支付', null, '1', null, null, null, null, null, null, null, null, '2017-04-14 12:42:20', '2017-04-14 13:12:20', null);INSERT INTO `pms_pay_detail_wx` VALUES ('2017-04-14 12:54:17', '2017-04-14 13:20:25', '1492145-6559-000-002-836', '120.27.233.57', null, 'wx2017041412541710d69f30d80324519699', null, null, 'NATIVE', null, '92145655900000283620170414125104', 'weixin://wxpay/bizpayurl?pr=KQdpPcp', 'CLOSED', '订单已关闭', null, '1', null, null, null, null, null, null, null, null, '2017-04-14 12:54:16', '2017-04-14 13:24:16', null);INSERT INTO `pms_pay_detail_wx` VALUES ('2017-04-14 13:29:06', '2017-04-14 13:29:08', '1492147-7462-000-001-808', '120.27.233.57', '1492147-7462-000-001-808', 'wx20170414132907d5429a7b8c0898430177', null, null, 'NATIVE', null, '92147746200000180820170414125105', 'weixin://wxpay/bizpayurl?pr=YdhMHc4', null, null, null, '1', null, null, null, null, null, null, null, null, '2017-04-14 13:29:06', '2017-04-14 13:59:06', null);INSERT INTO `pms_pay_detail_wx` VALUES ('2017-04-14 13:32:56', '2017-04-14 13:40:45', '1492147-9757-000-001-706', '120.27.233.57', '1492147-9757-000-001-706', 'wx201704141332562f782b2d3b0069023316', null, null, 'NATIVE', null, '92147975700000170620170414125106', 'weixin://wxpay/bizpayurl?pr=aRXekgC', 'SUCCESS', null, 'CFT', '1', null, '1', null, null, null, null, 'o-WsVt5A1Mfr-wcIa9Hv-I_bTD1A', 'N', '2017-04-14 13:32:56', '2017-04-14 14:02:56', '2017-04-14 13:39:43');INSERT INTO `pms_pay_detail_wx` VALUES ('2017-04-14 13:44:19', '2017-04-14 16:34:59', '1492148-6583-000-001-549', '120.27.233.57', '1492148-6583-000-001-549', 'wx2017041413441933b04edbce0070473351', null, null, 'NATIVE', null, '92148658300000154920170414125107', 'weixin://wxpay/bizpayurl?pr=d7e7aNd', 'NOTPAY', '订单未支付', null, '1', null, null, null, null, null, null, null, null, '2017-04-14 13:44:18', '2017-04-14 14:14:18', null);INSERT INTO `pms_pay_detail_wx` VALUES ('2017-04-14 13:44:51', '2017-04-14 13:47:14', '1492148-6904-000-002-844', '120.27.233.57', '1492148-6904-000-002-844', 'wx20170414134451ca9d568e9b0624148354', '4000702001201704146957755333', null, 'NATIVE', null, '92148690400000284420170414125108', 'weixin://wxpay/bizpayurl?pr=D9IRT8n', null, null, 'CFT', '1', null, '1', null, null, null, null, 'o-WsVt5A1Mfr-wcIa9Hv-I_bTD1A', 'N', '2017-04-14 13:44:50', '2017-04-14 14:14:50', '2017-04-14 13:45:14');INSERT INTO `pms_pay_detail_wx` VALUES ('2017-04-14 14:08:56', '2017-04-14 14:16:09', '1492150-1365-000-001-906', '120.27.233.57', '1492150-1365-000-001-906', 'wx201704141408566b835e60b60397023643', null, null, 'NATIVE', null, '92150136500000190620170414125109', 'weixin://wxpay/bizpayurl?pr=LgSqISk', 'NOTPAY', '订单未支付', null, '1', null, null, null, null, null, null, null, null, '2017-04-14 14:08:57', '2017-04-14 14:23:57', null);INSERT INTO `pms_pay_detail_wx` VALUES ('2017-04-14 14:12:55', '2017-04-14 14:13:23', '1492150-3755-000-002-069', '120.27.233.57', '1492150-3755-000-002-069', 'wx2017041414125540e468d6b80591800057', '4000702001201704146964482179', null, 'NATIVE', null, '92150375500000206920170414125110', 'weixin://wxpay/bizpayurl?pr=WOUkLaz', null, null, 'CFT', '1', null, '1', null, null, null, null, 'o-WsVt5A1Mfr-wcIa9Hv-I_bTD1A', 'N', '2017-04-14 14:12:56', '2017-04-14 14:27:56', '2017-04-14 14:13:23');INSERT INTO `pms_pay_detail_wx` VALUES ('2017-04-14 14:28:22', '2017-04-14 14:28:22', '1492151-3023-000-001-437', '120.27.233.57', '1492151-3023-000-001-437', 'wx20170414142822c1df4a1fb40544257087', null, null, 'NATIVE', null, '92151302300000143720170414125111', 'weixin://wxpay/bizpayurl?pr=8SbpQh4', null, null, null, '1', null, null, null, null, null, null, null, null, '2017-04-14 14:28:22', '2017-04-14 14:43:22', null);INSERT INTO `pms_pay_detail_wx` VALUES ('2017-04-17 09:45:15', '2017-04-17 09:45:16', '1492393-5144-000-001-077', '120.27.233.57', '1492393-5144-000-001-077', 'wx20170417094515258fda8e010291402395', null, null, 'NATIVE', null, '92393514400000107720170405174501', 'weixin://wxpay/bizpayurl?pr=t1znGGU', null, null, null, '1', null, null, null, null, null, null, null, null, '2017-04-17 09:45:14', '2017-04-17 10:00:14', null);INSERT INTO `pms_pay_detail_wx` VALUES ('2017-04-18 00:18:17', '2017-04-18 00:18:17', '1492445-8970-000-001-006', '120.27.233.57', '1492445-8970-000-001-006', 'wx201704180018179feec27ecb0417299813', null, null, 'NATIVE', null, '92445897000000100620170405174510', 'weixin://wxpay/bizpayurl?pr=VpB5afw', null, null, null, '2', null, null, null, null, null, null, null, null, '2017-04-18 00:18:17', '2017-04-18 00:33:17', null);INSERT INTO `pms_pay_detail_wx` VALUES ('2017-04-18 09:14:46', '2017-04-18 09:14:46', '1492478-0860-000-001-241', '120.27.233.57', '1492478-0860-000-001-241', 'wx20170418091446dd08ce7cad0326255348', null, null, 'NATIVE', null, '92478086000000124120170405174521', 'weixin://wxpay/bizpayurl?pr=01sieQY', null, null, null, '1', null, null, null, null, null, null, null, null, '2017-04-18 09:14:46', '2017-04-18 09:29:46', null);INSERT INTO `pms_pay_detail_wx` VALUES ('2017-04-18 09:55:19', '2017-04-18 09:55:20', '1492480-5198-000-002-609', '120.27.233.57', '1492480-5198-000-002-609', 'wx20170418095519f5761cf5e10590473579', null, null, 'NATIVE', null, '92480519800000260920170405174522', 'weixin://wxpay/bizpayurl?pr=tSlbZcS', null, null, null, '1', null, null, null, null, null, null, null, null, '2017-04-18 09:55:20', '2017-04-18 10:10:20', null);INSERT INTO `pms_pay_detail_wx` VALUES ('2017-04-19 13:19:19', '2017-04-19 13:39:36', '1492579-1541-000-001-280', '118.178.188.27', '1492579-1541-000-001-280', 'wx2017041913192328f23022820731089136', null, null, 'NATIVE', null, '92579154100000128020170405174531', 'weixin://wxpay/bizpayurl?pr=RpEWbff', 'NOTPAY', '订单未支付', null, '1', null, null, null, null, null, null, null, null, '2017-04-19 13:19:14', '2017-04-19 13:34:14', null);INSERT INTO `pms_pay_detail_wx` VALUES ('2017-04-19 13:27:46', '2017-04-19 13:36:40', '1492579-6623-000-002-145', '118.178.188.27', '1492579-6623-000-002-145', 'wx20170419132748425641be9a0295514599', null, null, 'NATIVE', null, '92579662300000214520170405174532', 'weixin://wxpay/bizpayurl?pr=pB5keIz', 'NOTPAY', '订单未支付', null, '1', null, null, null, null, null, null, null, null, '2017-04-19 13:27:42', '2017-04-19 13:42:42', null);INSERT INTO `pms_pay_detail_wx` VALUES ('2017-04-19 13:32:50', '2017-04-19 13:48:54', '1492579-9689-000-003-580', '118.178.188.27', '1492579-9689-000-003-580', 'wx201704191332518a23cafb630556764364', null, null, 'NATIVE', null, '92579968900000358020170405174533', 'weixin://wxpay/bizpayurl?pr=WfbWJLe', 'NOTPAY', '订单未支付', null, '1', null, null, null, null, null, null, null, null, '2017-04-19 13:32:49', '2017-04-19 13:47:49', null);INSERT INTO `pms_pay_detail_wx` VALUES ('2017-04-19 13:38:20', '2017-04-19 13:53:14', '1492580-2989-000-004-960', '118.178.188.27', '1492580-2989-000-004-960', 'wx20170419133820210525f8f70890661360', null, null, 'NATIVE', null, '92580298900000496020170405174534', 'weixin://wxpay/bizpayurl?pr=Mu5JjKD', 'SUCCESS', '订单未支付', 'CFT', '1', null, '1', null, null, null, null, 'o-WsVt5A1Mfr-wcIa9Hv-I_bTD1A', 'N', '2017-04-19 13:38:19', '2017-04-19 13:53:19', '2017-04-19 13:52:42');INSERT INTO `pms_pay_detail_wx` VALUES ('2017-04-19 13:41:35', '2017-04-19 13:54:32', '1492580-4939-000-005-341', '118.178.188.27', '1492580-4939-000-005-341', 'wx20170419134136541726d3540101624754', null, null, 'NATIVE', null, '92580493900000534120170405174535', 'weixin://wxpay/bizpayurl?pr=wsT7V94', 'SUCCESS', '订单未支付', 'CFT', '1', null, '1', null, null, null, null, 'o-WsVt5A1Mfr-wcIa9Hv-I_bTD1A', 'N', '2017-04-19 13:41:34', '2017-04-19 13:56:34', '2017-04-19 13:51:09');INSERT INTO `pms_pay_detail_wx` VALUES ('2017-04-19 13:47:17', '2017-04-19 13:54:43', '1492580-8355-000-006-886', '118.178.188.27', '1492580-8355-000-006-886', 'wx20170419134717bf0374fc970873358870', null, null, 'NATIVE', null, '92580835500000688620170405174536', 'weixin://wxpay/bizpayurl?pr=1yP9fSq', 'SUCCESS', '订单未支付', 'CFT', '1', null, '1', null, null, null, null, 'o-WsVt5A1Mfr-wcIa9Hv-I_bTD1A', 'N', '2017-04-19 13:47:16', '2017-04-19 14:02:16', '2017-04-19 13:50:42');INSERT INTO `pms_pay_detail_wx` VALUES ('2017-04-26 12:59:27', '2017-04-26 13:03:35', '1493182-7668-000-001-891', '120.27.233.57', '1493182-7668-000-001-891', 'wx20170426125927af79bc1b150752700074', null, null, 'NATIVE', null, '93182766800000189120170414125511', 'weixin://wxpay/bizpayurl?pr=fgk2w1m', 'NOTPAY', '订单未支付', null, '1', null, null, null, null, null, null, null, null, '2017-04-26 12:59:27', '2017-04-26 13:14:27', null);INSERT INTO `pms_pay_detail_wx` VALUES ('2017-04-28 10:14:48', '2017-04-28 10:14:51', '1493345-6885-000-002-967', '120.27.233.57', '1493345-6885-000-002-967', 'wx20170428101448b5d80c6f220219613147', null, null, 'NATIVE', null, '33456885000002967201704281011202', 'weixin://wxpay/bizpayurl?pr=HfTsCQY', 'NOTPAY', '订单未支付', null, '16', null, null, null, null, null, null, null, null, '2017-04-28 10:14:49', '2017-04-28 10:29:49', null);INSERT INTO `pms_pay_detail_wx` VALUES ('2017-04-28 13:14:50', '2017-04-28 13:18:34', '1493356-4904-000-004-495', '120.27.233.57', '1493356-4904-000-004-495', 'wx201704281314500cbe115e8f0270295075', null, null, 'NATIVE', null, '33564904000004495201704281312462', 'weixin://wxpay/bizpayurl?pr=vexhhpS', 'NOTPAY', '订单未支付', null, '12', null, null, null, null, null, null, null, null, '2017-04-28 13:14:50', '2017-04-28 13:29:50', null);
-- ------------------------------ Table structure for pms_product-- ----------------------------DROP TABLE IF EXISTS `pms_product`;CREATE TABLE `pms_product` (  `id` char(32) NOT NULL COMMENT '主键',  `name` varchar(50) NOT NULL COMMENT '产品名称',  `price` decimal(14,2) DEFAULT NULL COMMENT '价格',  `memo` varchar(512) DEFAULT NULL COMMENT '说明',  `valid` tinyint(4) DEFAULT '1' COMMENT '是否有效',  `updater_fk` char(32) NOT NULL COMMENT '更新者',  `creator_fk` char(32) NOT NULL COMMENT '创建者',  `date_update` datetime NOT NULL COMMENT '更新日期',  `date_create` datetime NOT NULL COMMENT '创建日期',  `unit` varchar(20) DEFAULT '个',  PRIMARY KEY (`id`)) ENGINE=InnoDB DEFAULT CHARSET=utf8 COMMENT='产品基础表';
-- ------------------------------ Records of pms_product-- ----------------------------INSERT INTO `pms_product` VALUES ('CHZ2503CY11LHW5PMHT32D6JYGYB2QFK', '222', '222.00', '222', '1', 'ADMINOVPUEF2VC4667UA3Y0V16SIE088', 'ADMINOVPUEF2VC4667UA3Y0V16SIE088', '2017-06-08 16:35:13', '2017-05-12 14:41:30', '个');INSERT INTO `pms_product` VALUES ('EJGA0KHUYW9CZRXSKI4XJ634YPSWW9A3', '888', '222.00', '88', '1', 'ADMINOVPUEF2VC4667UA3Y0V16SIE088', 'G7EO63PXCRQ7HA22UWL06BPNMI6P87WY', '2017-05-02 16:43:48', '2017-03-25 14:38:06', '个');INSERT INTO `pms_product` VALUES ('K703LQ725I9UR001DPOT1S8OSDQLG99J', '2号产品', '0.04', '', '1', 'G7EO63PXCRQ7HA22UWL06BPNMI6P87WY', 'ADMINOVPUEF2VC4667UA3Y0V16SIE088', '2017-03-24 10:58:48', '2017-03-24 10:58:48', '个');INSERT INTO `pms_product` VALUES ('LJ6CE6XT7UGC3V0FSPD7OHDWODZRAHVE', '鸭锁骨', '0.02', '鸭锁骨、锁骨、鸭架', '1', 'ADMINOVPUEF2VC4667UA3Y0V16SIE088', 'ADMINOVPUEF2VC4667UA3Y0V16SIE088', '2017-03-25 09:50:36', '2017-03-25 09:50:36', '个');INSERT INTO `pms_product` VALUES ('PDZTW1RC1UF82MDQQQ1HK0SSMCCAQRTC', '1号产品', '0.01', '这是备注', '1', 'G7EO63PXCRQ7HA22UWL06BPNMI6P87WY', 'ADMINOVPUEF2VC4667UA3Y0V16SIE088', '2017-03-24 10:24:13', '2017-03-24 10:24:13', '个');INSERT INTO `pms_product` VALUES ('RVNGW55KECUS3ITIEDFN6R00RP3Y4X19', '3号产品', '0.01', '', '1', 'G7EO63PXCRQ7HA22UWL06BPNMI6P87WY', 'ADMINOVPUEF2VC4667UA3Y0V16SIE088', '2017-03-24 11:03:24', '2017-03-24 11:03:24', '个');INSERT INTO `pms_product` VALUES ('TCCUQW6P0TMQGQB5ZCZS98APGVWQ9JGH', 'oBa', '0.03', 'Oba', '1', 'ADMINOVPUEF2VC4667UA3Y0V16SIE088', 'ADMINOVPUEF2VC4667UA3Y0V16SIE088', '2017-03-24 13:27:57', '2017-03-24 13:27:57', '个');INSERT INTO `pms_product` VALUES ('XT6IKGNL3BW82DX8T4NXTZBQFXWYMI3I', 'erty', '0.02', 'mmmer', '1', 'ADMINOVPUEF2VC4667UA3Y0V16SIE088', 'ADMINOVPUEF2VC4667UA3Y0V16SIE088', '2017-03-24 13:59:01', '2017-03-24 13:59:01', '个');INSERT INTO `pms_product` VALUES ('YAV0KQQ9OVREDKUD4TYZGM48PLEKPMF0', '间谍活动', '0.01', '备注', '1', 'ADMINOVPUEF2VC4667UA3Y0V16SIE088', 'ADMINOVPUEF2VC4667UA3Y0V16SIE088', '2017-03-24 12:11:16', '2017-03-24 12:11:16', '个');
-- ------------------------------ Table structure for pms_refund-- ----------------------------DROP TABLE IF EXISTS `pms_refund`;CREATE TABLE `pms_refund` (  `create_time` timestamp NULL DEFAULT NULL COMMENT '数据库记录产生时间',  `update_time` timestamp NULL DEFAULT NULL ON UPDATE CURRENT_TIMESTAMP COMMENT '数据库记录更新时间',  `order_id` varchar(50) NOT NULL COMMENT '后台生成的正式订单流水号，全局唯一',  `refund_no` varchar(50) NOT NULL COMMENT '后台生成的订单退款流水号，全局唯一，一个order_id可能有多个refund_no',  `refund_fee` int(11) NOT NULL COMMENT '一笔订单可能分多次退款，该栏位仅为某一笔退款申请的总金额，单位人民币/分取整',  `refund_status` varchar(20) NOT NULL COMMENT '退款状态',  `refund_err_code` varchar(20) DEFAULT NULL COMMENT '退款错误代码',  `refund_err_desc` varchar(20) DEFAULT NULL COMMENT '退款错误描述',  `sync_time` timestamp NULL DEFAULT NULL COMMENT '上次向三方查询、同步信息的时间',  `is_closed` tinyint(1) NOT NULL DEFAULT '0' COMMENT '该笔退款是否处理完成（结果可能成功或失败）',  `close_time` timestamp NULL DEFAULT NULL COMMENT '退款处理完成时间',  `remark` varchar(200) DEFAULT NULL COMMENT '备注',  PRIMARY KEY (`refund_no`),  KEY `order_id` (`order_id`),  CONSTRAINT `pms_refund_ibfk_1` FOREIGN KEY (`order_id`) REFERENCES `pms_order_pay` (`order_id`)) ENGINE=InnoDB DEFAULT CHARSET=utf8 COMMENT='退款状态表';
-- ------------------------------ Records of pms_refund-- ----------------------------
-- ------------------------------ Table structure for pms_refund_detail_wx-- ----------------------------DROP TABLE IF EXISTS `pms_refund_detail_wx`;CREATE TABLE `pms_refund_detail_wx` (  `create_time` timestamp NULL DEFAULT NULL COMMENT '数据库记录产生时间',  `update_time` timestamp NULL DEFAULT NULL ON UPDATE CURRENT_TIMESTAMP COMMENT '数据库记录更新时间',  `refund_no` varchar(50) NOT NULL COMMENT '后台生成的订单退款流水号',  `refund_count` int(11) DEFAULT NULL COMMENT '退款笔数',  `refund_id_sn` int(11) DEFAULT NULL COMMENT '微信退款编号，即 _$n 中n值',  `refund_id` varchar(32) DEFAULT NULL COMMENT '微信退款单号',  `refund_status` varchar(16) DEFAULT NULL COMMENT '退款状态',  `refund_success_time` timestamp NULL DEFAULT NULL COMMENT '退款成功时间',  `refund_account` varchar(30) DEFAULT NULL COMMENT '退款资金来源',  `refund_recv_accout` varchar(64) DEFAULT NULL COMMENT '退款入账账户',  `refund_channel` varchar(30) DEFAULT NULL COMMENT '退款渠道',  `refund_fee` int(11) DEFAULT NULL COMMENT '退款金额',  `refund_fee_type` varchar(8) DEFAULT NULL COMMENT '退款货币种类',  `settlement_total_fee` int(11) DEFAULT NULL COMMENT '应结退款金额',  `cash_refund_fee` int(11) DEFAULT NULL COMMENT '现金退款金额',  `coupon_refund_fee` int(11) DEFAULT NULL COMMENT '代金券退款总金额',  KEY `refund_no` (`refund_no`),  CONSTRAINT `pms_refund_detail_wx_ibfk_1` FOREIGN KEY (`refund_no`) REFERENCES `pms_refund` (`refund_no`)) ENGINE=InnoDB DEFAULT CHARSET=utf8 COMMENT='微信支付退款明细表';
-- ------------------------------ Records of pms_refund_detail_wx-- ----------------------------
-- ------------------------------ Table structure for pms_secret_key-- ----------------------------DROP TABLE IF EXISTS `pms_secret_key`;CREATE TABLE `pms_secret_key` (  `id` int(11) NOT NULL AUTO_INCREMENT COMMENT 'id',  `key_` varchar(20) NOT NULL COMMENT 'key',  `secret` varchar(25) NOT NULL COMMENT '密钥',  `user_id` varchar(32) NOT NULL COMMENT 'user的id',  PRIMARY KEY (`id`)) ENGINE=InnoDB AUTO_INCREMENT=2 DEFAULT CHARSET=utf8;
-- ------------------------------ Records of pms_secret_key-- ----------------------------INSERT INTO `pms_secret_key` VALUES ('1', 'yb170323', 'ybSD2Dxmhxk3IPCkhKAK', 'JDIJ893JJDOA92JD9JAD893JD9AJ3E9D');
-- ------------------------------ Table structure for scs_accessory-- ----------------------------DROP TABLE IF EXISTS `scs_accessory`;CREATE TABLE `scs_accessory` (  `id` char(32) NOT NULL,  `name` varchar(25) DEFAULT NULL,  `memo` varchar(512) DEFAULT NULL,  `valid` tinyint(4) DEFAULT NULL,  `updater_fk` char(32) NOT NULL,  `creator_fk` char(32) NOT NULL,  `date_update` datetime NOT NULL,  `date_create` datetime NOT NULL,  `shop_fk` char(32) NOT NULL DEFAULT '1' COMMENT '店铺外键',  PRIMARY KEY (`id`)) ENGINE=InnoDB DEFAULT CHARSET=utf8;
-- ------------------------------ Records of scs_accessory-- ----------------------------INSERT INTO `scs_accessory` VALUES ('BTVXPBGQUVMWLMWFOSZDX38KC34B59UZ', '附件5', '这是附件5', '1', 'ADMINOVPUEF2VC4667UA3Y0V16SIE088', 'ADMINOVPUEF2VC4667UA3Y0V16SIE088', '2017-06-07 09:03:51', '2017-06-07 09:03:51', '9533');INSERT INTO `scs_accessory` VALUES ('M1T2RON5P9O4G3UOGIZUE44CEXT65M5A', '附件1', '这是附件1', '1', 'ADMINOVPUEF2VC4667UA3Y0V16SIE088', 'ADMINOVPUEF2VC4667UA3Y0V16SIE088', '2017-06-06 13:19:06', '2017-06-06 13:19:06', '9531');INSERT INTO `scs_accessory` VALUES ('MSPOMILOBAQUGCCERD1BO0J7ZTI6QSK0', '附件2', '这是附件2', '1', 'ADMINOVPUEF2VC4667UA3Y0V16SIE088', 'ADMINOVPUEF2VC4667UA3Y0V16SIE088', '2017-06-06 13:31:39', '2017-06-06 13:31:39', '9533');INSERT INTO `scs_accessory` VALUES ('QZSJMYCJ691ITH5K8RXHYUC5O3BM5BNV', '附件4', '附件4', '1', 'ADMINOVPUEF2VC4667UA3Y0V16SIE088', 'ADMINOVPUEF2VC4667UA3Y0V16SIE088', '2017-06-06 16:03:35', '2017-06-06 16:03:35', '9532');INSERT INTO `scs_accessory` VALUES ('Z7FANLV1OJAI1HKXCIJL1I027CSIZSME', '附件3', '这是附件3', '1', 'ADMINOVPUEF2VC4667UA3Y0V16SIE088', 'ADMINOVPUEF2VC4667UA3Y0V16SIE088', '2017-06-06 13:33:03', '2017-06-06 13:33:03', 'MLABKX8T3L1QCP2F4KV6X9F92KGLWVOE');
-- ------------------------------ Table structure for scs_accessory_robot_ref-- ----------------------------DROP TABLE IF EXISTS `scs_accessory_robot_ref`;CREATE TABLE `scs_accessory_robot_ref` (  `id` char(32) NOT NULL COMMENT '主键',  `access_fk` char(32) NOT NULL COMMENT '附件外键',  `sn_fk` varchar(50) NOT NULL COMMENT '机器人外键',  `valid` tinyint(4) NOT NULL COMMENT '有效标记',  `creator_fk` char(30) NOT NULL COMMENT '创建者',  `updater_fk` char(30) NOT NULL COMMENT '更新者',  `date_create` datetime NOT NULL COMMENT '创建日期',  `date_update` datetime NOT NULL COMMENT '更新日期',  PRIMARY KEY (`id`)) ENGINE=InnoDB DEFAULT CHARSET=utf8;
-- ------------------------------ Records of scs_accessory_robot_ref-- ----------------------------INSERT INTO `scs_accessory_robot_ref` VALUES ('11', '2', 'SnowPrincess', '1', 'ff', 'ff', '2017-05-31 16:28:46', '2017-05-31 16:28:53');INSERT INTO `scs_accessory_robot_ref` VALUES ('ff', '1', 'SnowPrincess', '1', 'ff', 'ff', '2017-05-31 16:28:12', '2017-05-31 16:28:18');
-- ------------------------------ Table structure for scs_desk_info-- ----------------------------DROP TABLE IF EXISTS `scs_desk_info`;CREATE TABLE `scs_desk_info` (  `id` char(32) NOT NULL COMMENT '主键',  `number` varchar(100) NOT NULL COMMENT '桌号',  `alias` varchar(100) NOT NULL COMMENT '桌号别名',  `memo` varchar(512) DEFAULT NULL COMMENT '备注',  `deskx` float(6,0) DEFAULT NULL COMMENT '坐标X',  `desky` float(6,0) DEFAULT NULL COMMENT '坐标Y',  `deskz` float(6,0) DEFAULT NULL COMMENT '坐标Z',  `deskw` float(6,0) DEFAULT NULL COMMENT '坐标W',  `deskv` float(6,0) DEFAULT NULL COMMENT '坐标V',  `deskq` float(6,0) DEFAULT NULL COMMENT '坐标Q',  `valid` tinyint(4) DEFAULT '1' COMMENT '是否有效',  `updater_fk` char(32) NOT NULL COMMENT '更新者',  `creator_fk` char(32) NOT NULL COMMENT '创建者',  `date_update` datetime NOT NULL COMMENT '更新日期',  `date_create` datetime NOT NULL COMMENT '创建日期',  `desk_type` tinyint(2) NOT NULL DEFAULT '-1' COMMENT '桌位类型',  `shop_fk` char(32) NOT NULL DEFAULT '1' COMMENT '店铺外键',  PRIMARY KEY (`id`)) ENGINE=InnoDB DEFAULT CHARSET=utf8 COMMENT='桌号信息';
-- ------------------------------ Records of scs_desk_info-- ----------------------------INSERT INTO `scs_desk_info` VALUES ('0ENIK59YYcGee5mu7sM8FrZ3krYfVZWe', '2017006', '6号', 'adjijfidj', '12', '125', '125', '12', '852', '552', '1', 'JDIJ893JJDOA92JD9JAD893JD9AJ3E9D', 'JDIJ893JJDOA92JD9JAD893JD9AJ3E9D', '2017-04-18 14:57:34', '2017-04-18 14:57:34', '6', '1');INSERT INTO `scs_desk_info` VALUES ('j0LpWbxmX7KrZZEVSYIdtpFvNS3YwbiI', '2017005', '5号', 'adjijfidj', '12', '125', '125', '12', '852', '552', '1', 'JDIJ893JJDOA92JD9JAD893JD9AJ3E9D', 'JDIJ893JJDOA92JD9JAD893JD9AJ3E9D', '2017-04-18 11:11:36', '2017-04-18 11:11:36', '-1', '1');INSERT INTO `scs_desk_info` VALUES ('k36imDODepFSmikycxAbilpcEzzHpgrh', '2017003', '3号', 'adjijfidj', '12', '125', '125', '12', '852', '552', '1', 'JDIJ893JJDOA92JD9JAD893JD9AJ3E9D', 'JDIJ893JJDOA92JD9JAD893JD9AJ3E9D', '2017-04-18 14:51:39', '2017-04-18 14:51:39', '2', '1');INSERT INTO `scs_desk_info` VALUES ('k8EvX55x5H8Gi8G5lLNQs65rrNsZC0f6', '111', 'deskAlias', 'deskMemo', '1', '1', '1', '1', '1', '1', '1', 'JDIJ893JJDOA92JD9JAD893JD9AJ3E9D', 'JDIJ893JJDOA92JD9JAD893JD9AJ3E9D', '2017-06-02 10:11:40', '2017-06-02 10:11:40', '-1', '1');INSERT INTO `scs_desk_info` VALUES ('KhZFllLTdWGmizbYww9bKqFz2xlJAOZS', '2017002', '2号', 'adjijfidj', '12', '125', '125', '12', '852', '552', '1', 'JDIJ893JJDOA92JD9JAD893JD9AJ3E9D', 'JDIJ893JJDOA92JD9JAD893JD9AJ3E9D', '2017-04-18 14:51:29', '2017-04-18 14:51:29', '3', '1');INSERT INTO `scs_desk_info` VALUES ('RhM6PPKaRTGf3XSXzpuWEaKI4n9W02uH', '2017001', '1号', 'adjijfidj', '12', '125', '125', '12', '852', '552', '1', 'JDIJ893JJDOA92JD9JAD893JD9AJ3E9D', 'JDIJ893JJDOA92JD9JAD893JD9AJ3E9D', '2017-04-18 14:51:09', '2017-04-18 14:51:09', '1', '1');INSERT INTO `scs_desk_info` VALUES ('Uhtt9Oo5Ah20etKFKSdxqxPSmV7Tru56', '2017004', '4号', 'adjijfidj', '12', '125', '125', '12', '852', '552', '1', 'JDIJ893JJDOA92JD9JAD893JD9AJ3E9D', 'JDIJ893JJDOA92JD9JAD893JD9AJ3E9D', '2017-04-18 14:51:49', '2017-04-18 14:51:49', '4', '1');
-- ------------------------------ Table structure for scs_dish_dishtype_ref-- ----------------------------DROP TABLE IF EXISTS `scs_dish_dishtype_ref`;CREATE TABLE `scs_dish_dishtype_ref` (  `id` char(32) NOT NULL COMMENT '主键',  `dish_type_id` int(11) NOT NULL COMMENT '菜类外键',  `dish_id` char(32) NOT NULL COMMENT '菜品外键',  `creator_fk` char(32) NOT NULL COMMENT '创建者',  `updater_fk` char(32) NOT NULL COMMENT '更新者',  `date_create` datetime NOT NULL COMMENT '创建日期',  `date_update` datetime DEFAULT NULL COMMENT '更新日期',  PRIMARY KEY (`id`)) ENGINE=InnoDB DEFAULT CHARSET=utf8;
-- ------------------------------ Records of scs_dish_dishtype_ref-- ----------------------------INSERT INTO `scs_dish_dishtype_ref` VALUES ('9527', '1', 'YfooaTkk8JSTSzCdfM9R5FtFzYvvoXOs', 'Danel', 'Kimi', '2017-05-26 16:04:49', '2017-05-26 16:04:51');
-- ------------------------------ Table structure for scs_dish_info-- ----------------------------DROP TABLE IF EXISTS `scs_dish_info`;CREATE TABLE `scs_dish_info` (  `id` char(32) NOT NULL COMMENT '主键',  `dish_type` int(11) NOT NULL COMMENT '菜品分类ID',  `name` varchar(100) NOT NULL COMMENT '菜品名称',  `price` decimal(14,2) DEFAULT NULL COMMENT '菜品价格',  `memo` varchar(512) DEFAULT NULL COMMENT '菜品简介',  `valid` tinyint(4) DEFAULT '1' COMMENT '是否有效',  `updater_fk` char(32) NOT NULL COMMENT '更新者',  `creator_fk` char(32) NOT NULL COMMENT '创建者',  `date_update` datetime NOT NULL COMMENT '更新日期',  `date_create` datetime NOT NULL COMMENT '创建日期',  `shop_fk` char(32) NOT NULL DEFAULT '1' COMMENT '店铺外键',  PRIMARY KEY (`id`)) ENGINE=InnoDB DEFAULT CHARSET=utf8 COMMENT='菜品信息';
-- ------------------------------ Records of scs_dish_info-- ----------------------------INSERT INTO `scs_dish_info` VALUES ('GURMT2FVI07TPT16PN3LGOXJZITJRFAZ', '5', '猪蹄', '100.00', '这是猪蹄', '1', 'ADMINOVPUEF2VC4667UA3Y0V16SIE088', 'ADMINOVPUEF2VC4667UA3Y0V16SIE088', '2017-06-08 09:49:22', '2017-06-07 09:04:22', '9536');INSERT INTO `scs_dish_info` VALUES ('V9I85W0G87IU1E0TPJ35QGAF12M8DDIV', '5', '酸菜鱼', '100.00', '这是酸菜鱼', '1', 'ADMINOVPUEF2VC4667UA3Y0V16SIE088', 'ADMINOVPUEF2VC4667UA3Y0V16SIE088', '2017-06-10 16:49:47', '2017-06-10 16:38:52', '9536');INSERT INTO `scs_dish_info` VALUES ('W40CO72RW5D533YVFIEU5FQZT7EXNCQI', '4', '雪糕', '12.00', '这是雪糕', '1', 'ADMINOVPUEF2VC4667UA3Y0V16SIE088', 'ADMINOVPUEF2VC4667UA3Y0V16SIE088', '2017-06-10 16:50:34', '2017-06-08 15:35:54', '9530');INSERT INTO `scs_dish_info` VALUES ('WAPDOQK9WVQ89R5929LEL3ZQ93Y0P9ZW', '5', '鸭脖', '60.00', '这是鸭脖', '1', 'ADMINOVPUEF2VC4667UA3Y0V16SIE088', 'ADMINOVPUEF2VC4667UA3Y0V16SIE088', '2017-06-08 09:49:28', '2017-06-06 16:15:07', '9532');INSERT INTO `scs_dish_info` VALUES ('XPFCQFXMZIWUP5YGC1IDE5F4MUQWXVBJ', '5', '黄焖鸡', '30.00', '这是黄焖鸡', '1', 'ADMINOVPUEF2VC4667UA3Y0V16SIE088', 'ADMINOVPUEF2VC4667UA3Y0V16SIE088', '2017-06-10 17:25:27', '2017-06-08 09:49:07', '9529');INSERT INTO `scs_dish_info` VALUES ('ZR84S0KYSZWKW457GD003AAL5KISKEF1', '1', '冰西瓜', '10.00', '这是冰西瓜', '1', 'ADMINOVPUEF2VC4667UA3Y0V16SIE088', 'ADMINOVPUEF2VC4667UA3Y0V16SIE088', '2017-06-08 15:33:52', '2017-06-08 15:33:52', '9528');
-- ------------------------------ Table structure for scs_dish_robot_ref-- ----------------------------DROP TABLE IF EXISTS `scs_dish_robot_ref`;CREATE TABLE `scs_dish_robot_ref` (  `id` char(32) NOT NULL COMMENT '主键',  `sn` varchar(50) NOT NULL COMMENT '机器人唯一识别码',  `dish_id` char(32) NOT NULL COMMENT '菜品主键',  `valid` tinyint(4) NOT NULL COMMENT '数据有效标记',  `updater_fk` char(30) NOT NULL COMMENT '更新者',  `creator_fk` char(30) NOT NULL COMMENT '创建者',  `date_update` datetime NOT NULL COMMENT '更新日期',  `date_create` datetime NOT NULL COMMENT '创建日期',  PRIMARY KEY (`id`)) ENGINE=InnoDB DEFAULT CHARSET=utf8;
-- ------------------------------ Records of scs_dish_robot_ref-- ----------------------------INSERT INTO `scs_dish_robot_ref` VALUES ('101', 'test', 'YfooaTkk8JSTSzCdfM9R5FtFzYvvoXOs', '1', 'Koral', 'Faker', '2017-05-24 15:16:19', '2017-05-24 15:16:22');INSERT INTO `scs_dish_robot_ref` VALUES ('123', 'SnowPrincess', 'YfooaTkk8JSTSzCdfM9R5FtFzYvvoXOs', '1', 'Alex', 'Taylor', '2017-05-24 11:13:39', '2017-05-24 11:13:42');INSERT INTO `scs_dish_robot_ref` VALUES ('456', 'SnowPrincess', 'YfooaTkk8JSTSzCdfM9R5FtFzYvvoXOs', '1', 'Jams', 'Kobe', '2017-05-24 13:57:25', '2017-05-24 13:57:28');INSERT INTO `scs_dish_robot_ref` VALUES ('789', 'SnowPrincess', 'YfooaTkk8JSTSzCdfM9R5FtFzYvvoXOs', '1', 'David', 'Jake', '2017-05-24 13:59:07', '2017-05-24 13:59:10');
-- ------------------------------ Table structure for scs_dish_type-- ----------------------------DROP TABLE IF EXISTS `scs_dish_type`;CREATE TABLE `scs_dish_type` (  `id` int(11) NOT NULL AUTO_INCREMENT COMMENT 'id',  `type_name` varchar(25) NOT NULL COMMENT '菜品类型名称',  `updater_fk` char(32) DEFAULT NULL,  `creator_fk` char(32) DEFAULT NULL,  `date_update` datetime NOT NULL COMMENT '更新时间',  `date_create` datetime NOT NULL COMMENT '创建时间',  PRIMARY KEY (`id`)) ENGINE=InnoDB AUTO_INCREMENT=7 DEFAULT CHARSET=utf8;
-- ------------------------------ Records of scs_dish_type-- ----------------------------INSERT INTO `scs_dish_type` VALUES ('1', '冷菜', 'oXuQge2RYwm0xmqAIQK3cfzq4TGCS6ze', 'HpMmnkbRYARLuW0g1I7V3Lp46nKM68HC', '2017-04-13 11:33:31', '2017-04-13 11:33:31');INSERT INTO `scs_dish_type` VALUES ('4', '甜点', 'ADMINOVPUEF2VC4667UA3Y0V16SIE088', 'ADMINOVPUEF2VC4667UA3Y0V16SIE088', '2017-06-06 11:04:02', '2017-06-06 11:04:02');INSERT INTO `scs_dish_type` VALUES ('5', '荤菜', 'ADMINOVPUEF2VC4667UA3Y0V16SIE088', 'ADMINOVPUEF2VC4667UA3Y0V16SIE088', '2017-06-08 09:46:10', '2017-06-08 09:46:10');INSERT INTO `scs_dish_type` VALUES ('6', '素菜', 'ADMINOVPUEF2VC4667UA3Y0V16SIE088', 'ADMINOVPUEF2VC4667UA3Y0V16SIE088', '2017-06-08 09:46:30', '2017-06-08 09:46:30');
-- ------------------------------ Table structure for scs_robot_desk_ref-- ----------------------------DROP TABLE IF EXISTS `scs_robot_desk_ref`;CREATE TABLE `scs_robot_desk_ref` (  `id` char(32) NOT NULL COMMENT '主键',  `desk_id` char(32) NOT NULL COMMENT '桌号ID',  `sn` varchar(50) NOT NULL COMMENT '机器人唯一识别码',  `updater_fk` char(32) NOT NULL COMMENT '更新者',  `creator_fk` char(32) NOT NULL COMMENT '创建者',  `date_update` datetime NOT NULL COMMENT '更新日期',  `date_create` datetime NOT NULL COMMENT '创建日期',  PRIMARY KEY (`id`)) ENGINE=InnoDB DEFAULT CHARSET=utf8;
-- ------------------------------ Records of scs_robot_desk_ref-- ----------------------------INSERT INTO `scs_robot_desk_ref` VALUES ('5695', 'b7kK6xmMqfqX7B1bKKCLmV1g3rEcPUf5', 'SnowPrincess', 'Heaven', 'Loucy', '2017-05-27 10:54:11', '2017-05-27 10:54:13');INSERT INTO `scs_robot_desk_ref` VALUES ('b5MBXF8aNL32XZDSmU5XxzPd2gceG5zK', 'k8EvX55x5H8Gi8G5lLNQs65rrNsZC0f6', 'test', 'JDIJ893JJDOA92JD9JAD893JD9AJ3E9D', 'JDIJ893JJDOA92JD9JAD893JD9AJ3E9D', '2017-06-02 10:11:40', '2017-06-02 10:11:40');INSERT INTO `scs_robot_desk_ref` VALUES ('j4fkNIPmKAmptfvRFf9TYzfOjDtUxCc4', '2iIPPDH67AZ3bwCDAE57z8jwBNgsh3rw', 'test', 'JDIJ893JJDOA92JD9JAD893JD9AJ3E9D', 'JDIJ893JJDOA92JD9JAD893JD9AJ3E9D', '2017-06-01 17:24:15', '2017-06-01 17:24:15');
-- ------------------------------ Table structure for scs_shop-- ----------------------------DROP TABLE IF EXISTS `scs_shop`;CREATE TABLE `scs_shop` (  `id` char(32) NOT NULL COMMENT '主键',  `shop_code` char(32) NOT NULL COMMENT '商铺编码',  `shop_name` varchar(50) NOT NULL COMMENT '商铺名称',  `shop_address` varchar(256) NOT NULL COMMENT '商铺地址',  `valid` tinyint(4) NOT NULL DEFAULT '1' COMMENT '有效标记',  `memo` varchar(512) DEFAULT NULL,  `creator_fk` char(32) NOT NULL COMMENT '创建者',  `updater_fk` char(32) NOT NULL COMMENT '更新者',  `date_create` datetime NOT NULL COMMENT '创建日期',  `date_update` datetime NOT NULL COMMENT '更新日期',  PRIMARY KEY (`id`)) ENGINE=InnoDB DEFAULT CHARSET=utf8 COMMENT='店铺信息表';
-- ------------------------------ Records of scs_shop-- ----------------------------INSERT INTO `scs_shop` VALUES ('9527', 'LNWBD00001', '周黑鸭一店', '湖北省武汉市江岸区谌家矶大道72号', '1', '很正宗很正宗的那种', 'Alex Zhang', 'Alex Zhang', '2017-06-05 08:39:03', '2017-06-05 08:39:07');INSERT INTO `scs_shop` VALUES ('9528', 'LNWBD00002', '周黑鸭二店', '江苏省苏州市高新区122号', '1', '很甜很甜的那种', 'Alex Zhang', 'Alex Zhang', '2017-06-05 08:47:52', '2017-06-05 08:47:55');INSERT INTO `scs_shop` VALUES ('9529', 'LNWBD00003', '周黑鸭三店', '上海市杨浦区大连路1188弄', '1', '很贵很贵的那种', 'Alex Zhang', 'Alex Zhang', '2017-06-05 08:48:27', '2017-06-05 08:48:30');INSERT INTO `scs_shop` VALUES ('9530', 'LNWBD00004', '周黑鸭四店', '江苏省南京市大石坝街48号', '1', null, 'Alex Zhang', 'Alex Zhang', '2017-06-05 09:40:55', '2017-06-05 09:40:57');INSERT INTO `scs_shop` VALUES ('9531', 'LNWBD00005', '周黑鸭五店', '北京市东城区北京站东街老钱胡同14号', '1', null, 'Taylor Swift', 'Taylor Swift', '2017-06-05 09:41:51', '2017-06-05 09:41:54');INSERT INTO `scs_shop` VALUES ('9532', 'LNWBD00006', '周黑鸭六店', '广东省广州市越秀区环市西路159号', '1', null, 'Taylor Swift', 'Taylor Swift', '2017-06-05 09:42:22', '2017-06-05 09:42:27');INSERT INTO `scs_shop` VALUES ('9533', 'LNWBD00007', '周黑鸭七店', '江苏省无锡市惠山区锡澄南路98号乐购F1', '1', null, 'Taylor Swift', 'Taylor Swift', '2017-06-05 09:43:02', '2017-06-05 09:43:07');INSERT INTO `scs_shop` VALUES ('9534', 'LNWBD00008', '周黑鸭八店', '江苏省常州市钟楼区莱蒙都会107号', '1', null, 'Taylor Swift', 'Taylor Swift', '2017-06-05 09:43:37', '2017-06-05 09:43:40');INSERT INTO `scs_shop` VALUES ('9535', 'LNWBD00009', '周黑鸭九店', '重庆市谢家湾正街55号华润中心万象城第B1层D区DT1号', '1', '很辣很辣的那种', 'Jay Chow', 'Jay Chow', '2017-06-05 09:44:25', '2017-06-05 09:44:27');INSERT INTO `scs_shop` VALUES ('9536', 'LNWBD00010', '周黑鸭十店', '杭州地铁1号线城站站02-03号', '1', null, 'Jay Chow', 'Jay Chow', '2017-06-05 09:45:03', '2017-06-05 09:45:05');INSERT INTO `scs_shop` VALUES ('9537', 'LNWBD00011', '周黑鸭十一店', '无', '1', null, 'Jay Chow', 'Jay Chow', '2017-06-05 09:45:32', '2017-06-05 09:45:35');INSERT INTO `scs_shop` VALUES ('KQN8LWECGOWE4JYKCZGU8PYOWCBD4Z69', 'HLZJ001', '海澜之家01店', '上海', '1', '很贵很贵的', 'ADMINOVPUEF2VC4667UA3Y0V16SIE088', 'ADMINOVPUEF2VC4667UA3Y0V16SIE088', '2017-06-06 16:34:22', '2017-06-06 16:34:22');INSERT INTO `scs_shop` VALUES ('MLABKX8T3L1QCP2F4KV6X9F92KGLWVOE', 'HLZJ002', '海澜之家02店', '北京', '1', '这是海澜之家02店', 'ADMINOVPUEF2VC4667UA3Y0V16SIE088', 'ADMINOVPUEF2VC4667UA3Y0V16SIE088', '2017-06-08 16:01:39', '2017-06-08 16:01:39');
-- ------------------------------ Table structure for sms_admin-- ----------------------------DROP TABLE IF EXISTS `sms_admin`;CREATE TABLE `sms_admin` (  `id` int(11) NOT NULL AUTO_INCREMENT,  `account` varchar(20) DEFAULT NULL,  `password` varchar(25) DEFAULT NULL,  `name` varchar(20) DEFAULT NULL,  `role` int(2) DEFAULT NULL,  `head_name` varchar(25) DEFAULT NULL,  `head_url` text,  `status` int(2) DEFAULT NULL,  `creat_time` datetime DEFAULT NULL,  `uid` varchar(36) DEFAULT NULL,  PRIMARY KEY (`id`)) ENGINE=InnoDB AUTO_INCREMENT=3 DEFAULT CHARSET=utf8;
-- ------------------------------ Records of sms_admin-- ----------------------------INSERT INTO `sms_admin` VALUES ('1', 'admin0608', '123456', '管理员', '3', '', '', '0', '2017-04-05 19:12:46', 'B8736298019C625C17359D487C0C49F3');INSERT INTO `sms_admin` VALUES ('2', 'admin1202', '123456', '管理员', '3', '', '', '0', '2017-04-07 17:41:11', 'B8736298019C625C17359D487C0C49F3');
-- ------------------------------ Table structure for sms_auth_code-- ----------------------------DROP TABLE IF EXISTS `sms_auth_code`;CREATE TABLE `sms_auth_code` (  `id` int(11) NOT NULL AUTO_INCREMENT COMMENT 'id',  `account` varchar(20) NOT NULL COMMENT '账号',  `auth_code` varchar(4) NOT NULL COMMENT '验证码',  `time` datetime NOT NULL COMMENT '时间',  PRIMARY KEY (`id`)) ENGINE=InnoDB AUTO_INCREMENT=9 DEFAULT CHARSET=utf8;
-- ------------------------------ Records of sms_auth_code-- ----------------------------INSERT INTO `sms_auth_code` VALUES ('3', '18752001905', '8759', '2017-03-30 15:57:01');INSERT INTO `sms_auth_code` VALUES ('4', '18825096784', '1359', '2017-03-30 15:59:41');INSERT INTO `sms_auth_code` VALUES ('6', '18251928506', '6087', '2017-03-30 16:11:52');INSERT INTO `sms_auth_code` VALUES ('7', '18762187987', '9331', '2017-04-05 11:44:50');INSERT INTO `sms_auth_code` VALUES ('8', '18762187987', '2056', '2017-04-05 11:44:50');
-- ------------------------------ Table structure for sms_group-- ----------------------------DROP TABLE IF EXISTS `sms_group`;CREATE TABLE `sms_group` (  `id` int(11) NOT NULL AUTO_INCREMENT COMMENT 'id',  `name` varchar(15) NOT NULL COMMENT '姓名',  `master_account` varchar(20) NOT NULL COMMENT '主人账号',  `user_numbers` int(4) NOT NULL COMMENT '人数',  `creat_time` datetime NOT NULL COMMENT '创建时间',  PRIMARY KEY (`id`)) ENGINE=InnoDB DEFAULT CHARSET=utf8;
-- ------------------------------ Records of sms_group-- ----------------------------
-- ------------------------------ Table structure for sms_robot-- ----------------------------DROP TABLE IF EXISTS `sms_robot`;CREATE TABLE `sms_robot` (  `id` int(11) NOT NULL AUTO_INCREMENT COMMENT 'id',  `uid` varchar(36) NOT NULL COMMENT 'uid',  `name` varchar(15) DEFAULT NULL COMMENT '昵称',  `master_account` varchar(20) DEFAULT NULL COMMENT '主人手机号',  `activate` int(2) NOT NULL COMMENT '是否激活',  `activate_time` datetime DEFAULT NULL COMMENT '激活时间',  `out_time` datetime DEFAULT NULL COMMENT '出库时间',  PRIMARY KEY (`id`)) ENGINE=InnoDB DEFAULT CHARSET=utf8;
-- ------------------------------ Records of sms_robot-- ----------------------------
-- ------------------------------ Table structure for sms_secret-- ----------------------------DROP TABLE IF EXISTS `sms_secret`;CREATE TABLE `sms_secret` (  `id` int(11) NOT NULL AUTO_INCREMENT COMMENT 'id',  `account` varchar(20) NOT NULL COMMENT '账号',  `secret` varchar(25) NOT NULL COMMENT '密钥',  PRIMARY KEY (`id`)) ENGINE=InnoDB AUTO_INCREMENT=3 DEFAULT CHARSET=utf8;
-- ------------------------------ Records of sms_secret-- ----------------------------INSERT INTO `sms_secret` VALUES ('2', 'admin1202', 'Cmx7n6NRxVGimiYs2PMEEvJfZ');
-- ------------------------------ Table structure for sms_ug_relations-- ----------------------------DROP TABLE IF EXISTS `sms_ug_relations`;CREATE TABLE `sms_ug_relations` (  `id` int(11) NOT NULL AUTO_INCREMENT COMMENT 'id',  `account` varchar(20) NOT NULL COMMENT '账号',  `group_id` int(11) NOT NULL COMMENT '组id',  PRIMARY KEY (`id`)) ENGINE=InnoDB DEFAULT CHARSET=utf8;
-- ------------------------------ Records of sms_ug_relations-- ----------------------------
-- ------------------------------ Table structure for sms_user-- ----------------------------DROP TABLE IF EXISTS `sms_user`;CREATE TABLE `sms_user` (  `id` int(11) NOT NULL AUTO_INCREMENT COMMENT 'id',  `account` varchar(20) NOT NULL COMMENT '账号',  `password` varchar(50) NOT NULL COMMENT '密码',  `name` varchar(20) DEFAULT NULL COMMENT '昵称',  `role` int(2) DEFAULT NULL COMMENT '角色',  `head_name` varchar(20) DEFAULT NULL COMMENT '头像名称',  `head_url` text COMMENT '头像路径',  `status` int(2) DEFAULT NULL COMMENT '状态',  `creat_time` datetime DEFAULT NULL COMMENT '创建时间',  PRIMARY KEY (`id`)) ENGINE=InnoDB DEFAULT CHARSET=utf8;
-- ------------------------------ Records of sms_user-- ----------------------------
-- ------------------------------ Table structure for sys_attachment-- ----------------------------DROP TABLE IF EXISTS `sys_attachment`;CREATE TABLE `sys_attachment` (  `id` bigint(20) NOT NULL AUTO_INCREMENT,  `transaction_id` varchar(32) NOT NULL COMMENT '外键ID',  `transaction_type` varchar(128) NOT NULL COMMENT '分类type',  `file_type` varchar(128) DEFAULT NULL COMMENT '文件类型',  `name` varchar(256) DEFAULT NULL COMMENT '文件显示名称',  `original_name` varchar(256) DEFAULT NULL COMMENT '原文件名称',  `alias_name` varchar(256) NOT NULL COMMENT '存储文件名',  `server_host` varchar(128) DEFAULT NULL COMMENT '文件服务器HOST',  `directory` varchar(128) DEFAULT NULL COMMENT '目录名',  `location` varchar(128) NOT NULL COMMENT '路径',  `memo` varchar(512) DEFAULT NULL COMMENT '说明',  `size` int(11) DEFAULT NULL COMMENT '文件大小',  `suffix` varchar(32) DEFAULT NULL COMMENT '后缀名',  `owner_fk` char(32) DEFAULT NULL COMMENT '所有者',  `creator_fk` char(32) DEFAULT NULL COMMENT '创建者',  `updater_fk` char(32) DEFAULT NULL COMMENT '修改者',  `date_create` datetime DEFAULT NULL COMMENT '创建时间',  `date_update` datetime DEFAULT NULL COMMENT '修改时间',  `is_valid` tinyint(4) NOT NULL DEFAULT '1',  `sort` int(11) DEFAULT '0' COMMENT '附件排序',  PRIMARY KEY (`id`)) ENGINE=InnoDB AUTO_INCREMENT=124 DEFAULT CHARSET=utf8 COMMENT='附件存储表';
-- ------------------------------ Records of sys_attachment-- ----------------------------INSERT INTO `sys_attachment` VALUES ('27', 'YAV0KQQ9OVREDKUD4TYZGM48PLEKPMF0', 'PRODUCT_BASIC_INFO', 'image/jpeg', null, 'IMG_8051.JPG', '1490328684937.JPG', null, '/opt/cloud/pms/', '/opt/cloud/pms/1490328684937.JPG', '备注', '1686637', '.JPG', 'ADMINOVPUEF2VC4667UA3Y0V16SIE088', 'ADMINOVPUEF2VC4667UA3Y0V16SIE088', 'ADMINOVPUEF2VC4667UA3Y0V16SIE088', '2017-03-24 12:11:16', '2017-03-24 12:11:16', '1', '0');INSERT INTO `sys_attachment` VALUES ('28', 'RVNGW55KECUS3ITIEDFN6R00RP3Y4X19', 'PRODUCT_BASIC_INFO', 'image/png', null, 'QQ截图20170323164240.png', '1490330623142.png', null, '/opt/cloud/pms/', '/opt/cloud/pms/1490330623142.png', '', '255842', '.png', 'G7EO63PXCRQ7HA22UWL06BPNMI6P87WY', 'G7EO63PXCRQ7HA22UWL06BPNMI6P87WY', 'G7EO63PXCRQ7HA22UWL06BPNMI6P87WY', '2017-03-24 12:43:37', '2017-03-24 12:43:37', '1', '0');INSERT INTO `sys_attachment` VALUES ('29', 'K703LQ725I9UR001DPOT1S8OSDQLG99J', 'PRODUCT_BASIC_INFO', 'image/jpeg', null, '900x900.jpg', '1490330633138.jpg', null, '/opt/cloud/pms/', '/opt/cloud/pms/1490330633138.jpg', '', '151458', '.jpg', 'G7EO63PXCRQ7HA22UWL06BPNMI6P87WY', 'G7EO63PXCRQ7HA22UWL06BPNMI6P87WY', 'G7EO63PXCRQ7HA22UWL06BPNMI6P87WY', '2017-03-24 12:43:51', '2017-03-24 12:43:51', '1', '0');INSERT INTO `sys_attachment` VALUES ('30', 'PDZTW1RC1UF82MDQQQ1HK0SSMCCAQRTC', 'PRODUCT_BASIC_INFO', 'image/png', null, 'QQ截图20170324110314.png', '1490330645179.png', null, '/opt/cloud/pms/', '/opt/cloud/pms/1490330645179.png', '这是备注', '300007', '.png', 'G7EO63PXCRQ7HA22UWL06BPNMI6P87WY', 'G7EO63PXCRQ7HA22UWL06BPNMI6P87WY', 'G7EO63PXCRQ7HA22UWL06BPNMI6P87WY', '2017-03-24 12:44:00', '2017-03-24 12:44:00', '1', '0');INSERT INTO `sys_attachment` VALUES ('31', 'TCCUQW6P0TMQGQB5ZCZS98APGVWQ9JGH', 'PRODUCT_BASIC_INFO', 'image/jpeg', null, 'hello.jpg', '1490333282027.jpg', null, '/opt/cloud/pms/', '/opt/cloud/pms/1490333282027.jpg', 'Oba', '72300', '.jpg', 'ADMINOVPUEF2VC4667UA3Y0V16SIE088', 'ADMINOVPUEF2VC4667UA3Y0V16SIE088', 'ADMINOVPUEF2VC4667UA3Y0V16SIE088', '2017-03-24 13:27:57', '2017-03-24 13:27:57', '1', '0');INSERT INTO `sys_attachment` VALUES ('33', 'XT6IKGNL3BW82DX8T4NXTZBQFXWYMI3I', 'PRODUCT_BASIC_INFO', 'image/jpeg', null, 'Snow.jpg', '1490335148718.jpg', null, '/opt/cloud/pms/', '/opt/cloud/pms/1490335148718.jpg', 'mmmer', '75896', '.jpg', 'ADMINOVPUEF2VC4667UA3Y0V16SIE088', 'ADMINOVPUEF2VC4667UA3Y0V16SIE088', 'ADMINOVPUEF2VC4667UA3Y0V16SIE088', '2017-03-24 13:59:01', '2017-03-24 13:59:01', '1', '0');INSERT INTO `sys_attachment` VALUES ('35', 'LJ6CE6XT7UGC3V0FSPD7OHDWODZRAHVE', 'PRODUCT_BASIC_INFO', 'image/jpeg', null, 'suogu.jpg', '1490406644950.jpg', null, '/opt/cloud/pms/', '/opt/cloud/pms/1490406644950.jpg', '鸭锁骨、锁骨、鸭架', '58107', '.jpg', 'ADMINOVPUEF2VC4667UA3Y0V16SIE088', 'ADMINOVPUEF2VC4667UA3Y0V16SIE088', 'ADMINOVPUEF2VC4667UA3Y0V16SIE088', '2017-03-25 09:50:36', '2017-03-25 09:50:36', '1', '0');INSERT INTO `sys_attachment` VALUES ('37', 'GWHVMTZCIOSDS2GG8Y0RLYT58KZRH01L', 'ADVERTISMENT_PIC', 'image/png', '1490779551504', 'QQ截图20170329092749.png', '1490779551504.png', null, '/opt/cloud/ams/', '/opt/cloud/ams/1490779551504.png', '广告1号', '383772', '.png', 'ADMINOVPUEF2VC4667UA3Y0V16SIE088', 'ADMINOVPUEF2VC4667UA3Y0V16SIE088', 'ADMINOVPUEF2VC4667UA3Y0V16SIE088', '2017-03-29 17:25:51', '2017-03-29 17:25:51', '1', '0');INSERT INTO `sys_attachment` VALUES ('38', 'GWHVMTZCIOSDS2GG8Y0RLYT58KZRH01L', 'ADVERTISMENT_AUDIO', 'audio/mp3', '1490779557289', '演员 - 薛之谦.mp3', '1490779557289.mp3', null, '/opt/cloud/ams/', '/opt/cloud/ams/1490779557289.mp3', '广告1号', '10627574', '.mp3', 'ADMINOVPUEF2VC4667UA3Y0V16SIE088', 'ADMINOVPUEF2VC4667UA3Y0V16SIE088', 'ADMINOVPUEF2VC4667UA3Y0V16SIE088', '2017-03-29 17:25:51', '2017-03-29 17:25:51', '1', '0');INSERT INTO `sys_attachment` VALUES ('39', 'GWHVMTZCIOSDS2GG8Y0RLYT58KZRH01L', 'ADVERTISMENT_VEDIO', 'video/mp4', '1490779560195', 'o0014fxlt8y.m1301.mp4', '1490779560195.mp4', null, '/opt/cloud/ams/', '/opt/cloud/ams/1490779560195.mp4', '广告1号', '4455696', '.mp4', 'ADMINOVPUEF2VC4667UA3Y0V16SIE088', 'ADMINOVPUEF2VC4667UA3Y0V16SIE088', 'ADMINOVPUEF2VC4667UA3Y0V16SIE088', '2017-03-29 17:25:51', '2017-03-29 17:25:51', '1', '0');INSERT INTO `sys_attachment` VALUES ('40', 'ASEDFASD', 'SC_ACCESSORY', 'video/mp4', null, '123.mp4', '123.mp4', null, '/opt/cloud/ams/', '/opt/cloud/ams/123.mp4', 'sdaf', '234', '.mp4', 'ADADD', 'ADDD', 'ADDAF', '2017-04-13 15:24:41', '2017-04-13 15:24:45', '1', '0');INSERT INTO `sys_attachment` VALUES ('43', 'Y8RR7R3RYI07EWRKDQD8517FOHY2309U', 'ADVERTISMENT_PIC', 'image/png', '1493023915614', '11.png', '1493023915614.png', null, '/opt/cloud/ams/', '/opt/cloud/ams/1493023915614.png', '', '14902', '.png', 'ADMINOVPUEF2VC4667UA3Y0V16SIE088', 'ADMINOVPUEF2VC4667UA3Y0V16SIE088', 'ADMINOVPUEF2VC4667UA3Y0V16SIE088', '2017-04-24 16:51:49', '2017-04-24 16:51:49', '1', '0');INSERT INTO `sys_attachment` VALUES ('44', 'DFSJ0QRDJ8SHIT2DCNBRYCLC6Y4432CA', 'ADVERTISMENT_PIC', 'image/png', '1493023924054', '11.png', '1493023924054.png', null, '/opt/cloud/ams/', '/opt/cloud/ams/1493023924054.png', '', '14902', '.png', 'ADMINOVPUEF2VC4667UA3Y0V16SIE088', 'ADMINOVPUEF2VC4667UA3Y0V16SIE088', 'ADMINOVPUEF2VC4667UA3Y0V16SIE088', '2017-04-24 16:51:53', '2017-04-24 16:51:53', '1', '0');INSERT INTO `sys_attachment` VALUES ('45', 'OM3QLOJJCQ7CV8QZEMTPHSGXVD2I4J2K', 'ADVERTISMENT_PIC', 'image/png', '1493026574080', '5.png', '1493026574080.png', null, '/opt/cloud/ams/', '/opt/cloud/ams/1493026574080.png', 'BB', '15773', '.png', 'ADMINOVPUEF2VC4667UA3Y0V16SIE088', 'ADMINOVPUEF2VC4667UA3Y0V16SIE088', 'ADMINOVPUEF2VC4667UA3Y0V16SIE088', '2017-04-24 17:36:08', '2017-04-24 17:36:08', '1', '0');INSERT INTO `sys_attachment` VALUES ('46', 'OB9E4ZIG5Q7J078K8AJZA1L7KE8Q1O8V', 'ADVERTISMENT_PIC', 'image/png', '1493026807476', '5.png', '1493026807476.png', null, '/opt/cloud/ams/', '/opt/cloud/ams/1493026807476.png', 'BB', '15773', '.png', 'ADMINOVPUEF2VC4667UA3Y0V16SIE088', 'ADMINOVPUEF2VC4667UA3Y0V16SIE088', 'ADMINOVPUEF2VC4667UA3Y0V16SIE088', '2017-04-24 17:39:56', '2017-04-24 17:39:56', '1', '0');INSERT INTO `sys_attachment` VALUES ('47', 'LJ3BLMLJEY2T28NVHR2MTEAXEGEVXNGB', 'ADVERTISMENT_PIC', 'image/png', '1493026910060', '5.png', '1493026910060.png', null, '/opt/cloud/ams/', '/opt/cloud/ams/1493026910060.png', 'bb', '15773', '.png', 'ADMINOVPUEF2VC4667UA3Y0V16SIE088', 'ADMINOVPUEF2VC4667UA3Y0V16SIE088', 'ADMINOVPUEF2VC4667UA3Y0V16SIE088', '2017-04-24 17:41:46', '2017-04-24 17:41:46', '1', '0');INSERT INTO `sys_attachment` VALUES ('48', 'NK1YOEA1RNGZ6H1HONEH79T3Q9M4IGEK', 'ADVERTISMENT_PIC', 'image/png', '1493027243323', '5.png', '1493027243323.png', null, '/opt/cloud/ams/', '/opt/cloud/ams/1493027243323.png', 'CC', '15773', '.png', 'ADMINOVPUEF2VC4667UA3Y0V16SIE088', 'ADMINOVPUEF2VC4667UA3Y0V16SIE088', 'ADMINOVPUEF2VC4667UA3Y0V16SIE088', '2017-04-24 17:47:12', '2017-04-24 17:47:12', '1', '0');INSERT INTO `sys_attachment` VALUES ('55', 'A5I52W754E37QYN8M5Y9NMW6A7GUEHFG', 'ADVERTISMENT_PIC', 'image/png', '1493036938790', '0.png', '1493036938790.png', null, '/opt/cloud/ams/', '/opt/cloud/ams/1493036938790.png', '男人的衣柜', '8265', '.png', 'ADMINOVPUEF2VC4667UA3Y0V16SIE088', 'ADMINOVPUEF2VC4667UA3Y0V16SIE088', 'ADMINOVPUEF2VC4667UA3Y0V16SIE088', '2017-04-24 20:28:51', '2017-04-24 20:28:51', '1', '0');INSERT INTO `sys_attachment` VALUES ('56', 'BESN43AKA2FK9Y3LFA8EJLQNK2YVN19S', 'ADVERTISMENT_PIC', 'image/png', '1493037044807', '0.png', '1493037044807.png', null, '/opt/cloud/ams/', '/opt/cloud/ams/1493037044807.png', '男人的衣柜', '8265', '.png', 'ADMINOVPUEF2VC4667UA3Y0V16SIE088', 'ADMINOVPUEF2VC4667UA3Y0V16SIE088', 'ADMINOVPUEF2VC4667UA3Y0V16SIE088', '2017-04-24 20:30:39', '2017-04-24 20:30:39', '1', '0');INSERT INTO `sys_attachment` VALUES ('57', 'Z7GJTBZOSCIEGEBKW0Y6J1XVUIC33E7N', 'ADVERTISMENT_PIC', 'image/png', '1493037477161', '5.png', '1493037477161.png', null, '/opt/cloud/ams/', '/opt/cloud/ams/1493037477161.png', '男人的衣柜', '15773', '.png', 'ADMINOVPUEF2VC4667UA3Y0V16SIE088', 'ADMINOVPUEF2VC4667UA3Y0V16SIE088', 'ADMINOVPUEF2VC4667UA3Y0V16SIE088', '2017-04-24 20:37:52', '2017-04-24 20:37:52', '1', '0');INSERT INTO `sys_attachment` VALUES ('58', 'NIDAVZ0OCGXCESDD4YST614KLU1SO96A', 'ADVERTISMENT_PIC', 'image/png', '1493037659980', '0.png', '1493037659980.png', null, '/opt/cloud/ams/', '/opt/cloud/ams/1493037659980.png', '8648', '8265', '.png', 'ADMINOVPUEF2VC4667UA3Y0V16SIE088', 'ADMINOVPUEF2VC4667UA3Y0V16SIE088', 'ADMINOVPUEF2VC4667UA3Y0V16SIE088', '2017-04-24 20:40:52', '2017-04-24 20:40:52', '1', '0');INSERT INTO `sys_attachment` VALUES ('59', 'JPB9VE02PQAFEKMMLGBYE3BQVW1J309P', 'ADVERTISMENT_PIC', 'image/png', '1493082050260', '5.png', '1493082050260.png', null, '/opt/cloud/ams/', '/opt/cloud/ams/1493082050260.png', 'AA', '15773', '.png', 'ADMINOVPUEF2VC4667UA3Y0V16SIE088', 'ADMINOVPUEF2VC4667UA3Y0V16SIE088', 'ADMINOVPUEF2VC4667UA3Y0V16SIE088', '2017-04-25 09:00:54', '2017-04-25 09:00:54', '1', '0');INSERT INTO `sys_attachment` VALUES ('80', 'ND72H00QS991SED2XFLQBT1WR3Z24CN8', 'VERSION_ROBOT_FILE', 'application/octet-stream', '1493179091110', 'XMind思维导图模板.zip', '1493179091110.zip', null, '/opt/pkg/tms/', '/opt/pkg/tms/1493179091110.zip', null, '52022184', '.zip', null, null, 'ADMINOVPUEF2VC4667UA3Y0V16SIE088', '2017-04-26 11:58:09', '2017-04-26 11:58:09', '1', null);INSERT INTO `sys_attachment` VALUES ('81', 'XBRWRNQVBMA48OS73SGK4ZLX2Y3IOGGD', 'VERSION_ROBOT_FILE', 'application/octet-stream', '1493179140112', 'psi-probe-master.zip', '1493179140112.zip', null, '/opt/pkg/tms/', '/opt/pkg/tms/1493179140112.zip', null, '2600597', '.zip', null, null, 'ADMINOVPUEF2VC4667UA3Y0V16SIE088', '2017-04-26 11:58:51', '2017-04-26 11:58:51', '1', null);INSERT INTO `sys_attachment` VALUES ('82', 'PDMUSTJMQ0FBXUN3U8VB7ZXIFX2T7YIU', 'VERSION_ROBOT_FILE', 'application/octet-stream', '1493179159165', 'jd-gui.cfg', '1493179159165.cfg', null, '/opt/pkg/tms/', '/opt/pkg/tms/1493179159165.cfg', null, '437', '.cfg', null, null, 'ADMINOVPUEF2VC4667UA3Y0V16SIE088', '2017-04-26 11:59:10', '2017-04-26 11:59:10', '1', null);INSERT INTO `sys_attachment` VALUES ('84', 'QY3M4143YAISVPEA68X20I14INQUZX6Q', 'VERSION_ROBOT_FILE', 'application/octet-stream', '1493196874363', 'csjusher_2010.zip', '1493196874363.zip', null, '/opt/pkg/tms/', '/opt/pkg/tms/1493196874363.zip', null, '329739146', '.zip', null, null, 'G7EO63PXCRQ7HA22UWL06BPNMI6P87WY', '2017-04-26 16:54:34', '2017-04-26 16:54:34', '1', null);INSERT INTO `sys_attachment` VALUES ('90', 'NMIV9G7HDYN23I1D7YJFVXPWLX2CYNVB', 'ADVERTISMENT_VEDIO', 'video/mp4', '1493368055167', '1493191600475.mp4', '1493368055167.mp4', null, '/opt/cloud/ams/', '/opt/cloud/ams/1493368055167.mp4', '', '4456448', '.mp4', 'G7EO63PXCRQ7HA22UWL06BPNMI6P87WY', 'G7EO63PXCRQ7HA22UWL06BPNMI6P87WY', 'G7EO63PXCRQ7HA22UWL06BPNMI6P87WY', '2017-04-28 16:27:28', '2017-04-28 16:27:28', '1', '0');INSERT INTO `sys_attachment` VALUES ('91', 'NMIV9G7HDYN23I1D7YJFVXPWLX2CYNVB', 'ADVERTISMENT_PIC', 'image/jpeg', '1493714541691', '8d3a269424aaa9a7913ef054d77e200f.jpg', '1493714541691.jpg', null, '/opt/cloud/ams/', '/opt/cloud/ams/1493714541691.jpg', '', '10327', '.jpg', null, null, 'ADMINOVPUEF2VC4667UA3Y0V16SIE088', '2017-05-02 16:42:05', '2017-05-02 16:42:05', '1', null);INSERT INTO `sys_attachment` VALUES ('92', 'EJGA0KHUYW9CZRXSKI4XJ634YPSWW9A3', 'PRODUCT_BASIC_INFO', 'image/jpeg', '1493714640611', '2d7aeb797ee33850cbf5bc002ef44091.jpg', '1493714640611.jpg', null, '/opt/cloud/pms/', '/opt/cloud/pms/1493714640611.jpg', '88', '6742', '.jpg', null, null, 'ADMINOVPUEF2VC4667UA3Y0V16SIE088', '2017-05-02 16:43:48', '2017-05-02 16:43:48', '1', null);INSERT INTO `sys_attachment` VALUES ('93', 'YfooaTkk8JSTSzCdfM9R5FtFzYvvoXOs', 'DISH_PIC', 'image/jpeg', '1493714760627', '744fcf4ac5330e9a089c070e315f3e8b.jpg', '1493714760627.jpg', null, '/opt/cloud/scs/', '/opt/cloud/scs/1493714760627.jpg', '这是凉拌猪蹄', '23065', '.jpg', null, null, 'ADMINOVPUEF2VC4667UA3Y0V16SIE088', '2017-05-02 16:45:52', '2017-05-02 16:45:52', '1', null);INSERT INTO `sys_attachment` VALUES ('99', 'TFTFW3FYVDE3NCU06FDTEZYDI4ZKOXYD', 'VERSION_ROBOT_FILE', 'application/octet-stream', '1495868806657', 'TE_SnowBot_V1.0.1.0121.apk', '1495868806657.apk', null, '/opt/pkg/tms/', '/opt/pkg/tms/1495868806657.apk', '小雪小雪', '52961590', '.apk', 'ADMINOVPUEF2VC4667UA3Y0V16SIE088', 'ADMINOVPUEF2VC4667UA3Y0V16SIE088', 'ADMINOVPUEF2VC4667UA3Y0V16SIE088', '2017-05-27 15:06:39', '2017-05-27 15:06:39', '1', '0');INSERT INTO `sys_attachment` VALUES ('100', 'JDOBYJT56I978ZO7IDA9JOAZZQWXDVYH', 'VERSION_ROBOT_FILE', 'application/octet-stream', '1496193986001', 'TE_SnowBot_V1.0.1.0121.apk', '1496193986001.apk', null, '/opt/pkg/tms/', '/opt/pkg/tms/1496193986001.apk', '测试', '52961590', '.apk', 'ADMINOVPUEF2VC4667UA3Y0V16SIE088', 'ADMINOVPUEF2VC4667UA3Y0V16SIE088', 'ADMINOVPUEF2VC4667UA3Y0V16SIE088', '2017-05-31 09:26:16', '2017-05-31 09:26:16', '1', '0');INSERT INTO `sys_attachment` VALUES ('101', 'FCUN39C3OI3WBHI9356KEN6RCZ6G43G2', 'DISH_PIC', 'image/jpeg', '1496651587070', '8d3a269424aaa9a7913ef054d77e200f.jpg', '1496651587070.jpg', null, '/opt/cloud/scs/', '/opt/cloud/scs/1496651587070.jpg', '凉拌黄瓜', '10327', '.jpg', 'ADMINOVPUEF2VC4667UA3Y0V16SIE088', 'ADMINOVPUEF2VC4667UA3Y0V16SIE088', 'ADMINOVPUEF2VC4667UA3Y0V16SIE088', '2017-06-05 16:33:02', '2017-06-05 16:33:02', '1', '0');INSERT INTO `sys_attachment` VALUES ('103', 'JGCTP1YZDNU9E5XMV1QHVSAEUSXPIMIN', 'DISH_PIC', 'image/jpeg', '1496711666663', '744fcf4ac5330e9a089c070e315f3e8b.jpg', '1496711666663.jpg', null, '/opt/cloud/scs/', '/opt/cloud/scs/1496711666663.jpg', '这是冰淇淋', '23065', '.jpg', 'ADMINOVPUEF2VC4667UA3Y0V16SIE088', 'ADMINOVPUEF2VC4667UA3Y0V16SIE088', 'ADMINOVPUEF2VC4667UA3Y0V16SIE088', '2017-06-06 09:14:23', '2017-06-06 09:14:23', '1', '0');INSERT INTO `sys_attachment` VALUES ('104', 'ILBF1VOKKRX91O3RJTBAA07J521D9GVF', 'DISH_PIC', 'image/jpeg', '1496711950215', '8d3a269424aaa9a7913ef054d77e200f.jpg', '1496711950215.jpg', null, '/opt/cloud/scs/', '/opt/cloud/scs/1496711950215.jpg', '冰淇淋', '10327', '.jpg', 'ADMINOVPUEF2VC4667UA3Y0V16SIE088', 'ADMINOVPUEF2VC4667UA3Y0V16SIE088', 'ADMINOVPUEF2VC4667UA3Y0V16SIE088', '2017-06-06 09:19:03', '2017-06-06 09:19:03', '1', '0');INSERT INTO `sys_attachment` VALUES ('105', 'PA0F2ZWJ6K8XKQTR9BGPYMEJAFWIFQ6R', 'DISH_PIC', 'image/jpeg', '1496712318210', '8d3a269424aaa9a7913ef054d77e200f.jpg', '1496712318210.jpg', null, '/opt/cloud/scs/', '/opt/cloud/scs/1496712318210.jpg', '冰淇淋', '10327', '.jpg', 'ADMINOVPUEF2VC4667UA3Y0V16SIE088', 'ADMINOVPUEF2VC4667UA3Y0V16SIE088', 'ADMINOVPUEF2VC4667UA3Y0V16SIE088', '2017-06-06 09:25:16', '2017-06-06 09:25:16', '1', '0');INSERT INTO `sys_attachment` VALUES ('106', 'EU4WSJT0150FCTKREXNU1RV4Q3U9A9K0', 'DISH_PIC', 'image/jpeg', '1496712580282', '744fcf4ac5330e9a089c070e315f3e8b.jpg', '1496712580282.jpg', null, '/opt/cloud/scs/', '/opt/cloud/scs/1496712580282.jpg', '冰淇淋', '23065', '.jpg', 'ADMINOVPUEF2VC4667UA3Y0V16SIE088', 'ADMINOVPUEF2VC4667UA3Y0V16SIE088', 'ADMINOVPUEF2VC4667UA3Y0V16SIE088', '2017-06-06 09:29:36', '2017-06-06 09:29:36', '1', '0');INSERT INTO `sys_attachment` VALUES ('107', 'TDD6603020EMB8HUE0VJDVVY712GPFGJ', 'DISH_PIC', 'image/jpeg', '1496714155909', '744fcf4ac5330e9a089c070e315f3e8b.jpg', '1496714155909.jpg', null, '/opt/cloud/scs/', '/opt/cloud/scs/1496714155909.jpg', '冰淇淋', '23065', '.jpg', 'ADMINOVPUEF2VC4667UA3Y0V16SIE088', 'ADMINOVPUEF2VC4667UA3Y0V16SIE088', 'ADMINOVPUEF2VC4667UA3Y0V16SIE088', '2017-06-06 09:55:48', '2017-06-06 09:55:48', '1', '0');INSERT INTO `sys_attachment` VALUES ('108', 'Q7J5Y9TLC4SSLKHG40VPRJYMUWON86O8', 'DISH_PIC', 'image/jpeg', '1496716429553', '744fcf4ac5330e9a089c070e315f3e8b.jpg', '1496716429553.jpg', null, '/opt/cloud/scs/', '/opt/cloud/scs/1496716429553.jpg', '洼地', '23065', '.jpg', 'ADMINOVPUEF2VC4667UA3Y0V16SIE088', 'ADMINOVPUEF2VC4667UA3Y0V16SIE088', 'ADMINOVPUEF2VC4667UA3Y0V16SIE088', '2017-06-06 10:33:41', '2017-06-06 10:33:41', '1', '0');INSERT INTO `sys_attachment` VALUES ('109', 'DJ6PR453AUOC0DANERACI2FK5A9CT7FB', 'DISH_PIC', 'image/jpeg', '1496718095497', '744fcf4ac5330e9a089c070e315f3e8b.jpg', '1496718095497.jpg', null, '/opt/cloud/scs/', '/opt/cloud/scs/1496718095497.jpg', '阿迪王', '23065', '.jpg', 'ADMINOVPUEF2VC4667UA3Y0V16SIE088', 'ADMINOVPUEF2VC4667UA3Y0V16SIE088', 'ADMINOVPUEF2VC4667UA3Y0V16SIE088', '2017-06-06 11:01:30', '2017-06-06 11:01:30', '1', '0');INSERT INTO `sys_attachment` VALUES ('110', 'UJMG7KZGLC0XRYB9GECJ8FUINS2TOC9U', 'DISH_PIC', 'image/png', '1496718651221', '6f0a3c83a981a61f414ca5143d7a3981.png', '1496718651221.png', null, '/opt/cloud/scs/', '/opt/cloud/scs/1496718651221.png', '甜点', '8289', '.png', 'ADMINOVPUEF2VC4667UA3Y0V16SIE088', 'ADMINOVPUEF2VC4667UA3Y0V16SIE088', 'ADMINOVPUEF2VC4667UA3Y0V16SIE088', '2017-06-06 11:10:49', '2017-06-06 11:10:49', '1', '0');INSERT INTO `sys_attachment` VALUES ('111', 'M1T2RON5P9O4G3UOGIZUE44CEXT65M5A', 'SC_ACCESSORY', 'image/jpeg', '1496726351899', '8d3a269424aaa9a7913ef054d77e200f.jpg', '1496726351899.jpg', null, '/opt/cloud/scs/', '/opt/cloud/scs/1496726351899.jpg', '这是附件1', '10327', '.jpg', 'ADMINOVPUEF2VC4667UA3Y0V16SIE088', 'ADMINOVPUEF2VC4667UA3Y0V16SIE088', 'ADMINOVPUEF2VC4667UA3Y0V16SIE088', '2017-06-06 13:19:06', '2017-06-06 13:19:06', '1', '0');INSERT INTO `sys_attachment` VALUES ('112', 'MSPOMILOBAQUGCCERD1BO0J7ZTI6QSK0', 'SC_ACCESSORY', 'image/jpeg', '1496727105574', '2d7aeb797ee33850cbf5bc002ef44091.jpg', '1496727105574.jpg', null, '/opt/cloud/scs/', '/opt/cloud/scs/1496727105574.jpg', '这是附件2', '6742', '.jpg', 'ADMINOVPUEF2VC4667UA3Y0V16SIE088', 'ADMINOVPUEF2VC4667UA3Y0V16SIE088', 'ADMINOVPUEF2VC4667UA3Y0V16SIE088', '2017-06-06 13:31:39', '2017-06-06 13:31:39', '1', '0');INSERT INTO `sys_attachment` VALUES ('113', 'Z7FANLV1OJAI1HKXCIJL1I027CSIZSME', 'SC_ACCESSORY', 'image/png', '1496727189181', '6f0a3c83a981a61f414ca5143d7a3981.png', '1496727189181.png', null, '/opt/cloud/scs/', '/opt/cloud/scs/1496727189181.png', '这是附件3', '8289', '.png', 'ADMINOVPUEF2VC4667UA3Y0V16SIE088', 'ADMINOVPUEF2VC4667UA3Y0V16SIE088', 'ADMINOVPUEF2VC4667UA3Y0V16SIE088', '2017-06-06 13:33:03', '2017-06-06 13:33:03', '1', '0');INSERT INTO `sys_attachment` VALUES ('115', 'QZSJMYCJ691ITH5K8RXHYUC5O3BM5BNV', 'SC_ACCESSORY', 'image/jpeg', '1496736216903', '8d3a269424aaa9a7913ef054d77e200f.jpg', '1496736216903.jpg', null, '/opt/cloud/scs/', '/opt/cloud/scs/1496736216903.jpg', '附件4', '10327', '.jpg', 'ADMINOVPUEF2VC4667UA3Y0V16SIE088', 'ADMINOVPUEF2VC4667UA3Y0V16SIE088', 'ADMINOVPUEF2VC4667UA3Y0V16SIE088', '2017-06-06 16:03:35', '2017-06-06 16:03:35', '1', '0');INSERT INTO `sys_attachment` VALUES ('116', 'WAPDOQK9WVQ89R5929LEL3ZQ93Y0P9ZW', 'DISH_PIC', 'image/jpeg', '1496736907986', '8d3a269424aaa9a7913ef054d77e200f.jpg', '1496736907986.jpg', null, '/opt/cloud/scs/', '/opt/cloud/scs/1496736907986.jpg', '这是鸭脖', '10327', '.jpg', 'ADMINOVPUEF2VC4667UA3Y0V16SIE088', 'ADMINOVPUEF2VC4667UA3Y0V16SIE088', 'ADMINOVPUEF2VC4667UA3Y0V16SIE088', '2017-06-06 16:15:07', '2017-06-06 16:15:07', '1', '0');INSERT INTO `sys_attachment` VALUES ('117', 'BTVXPBGQUVMWLMWFOSZDX38KC34B59UZ', 'SC_ACCESSORY', 'image/jpeg', '1496797437921', '744fcf4ac5330e9a089c070e315f3e8b.jpg', '1496797437921.jpg', null, '/opt/cloud/scs/', '/opt/cloud/scs/1496797437921.jpg', '这是附件5', '23065', '.jpg', 'ADMINOVPUEF2VC4667UA3Y0V16SIE088', 'ADMINOVPUEF2VC4667UA3Y0V16SIE088', 'ADMINOVPUEF2VC4667UA3Y0V16SIE088', '2017-06-07 09:03:51', '2017-06-07 09:03:51', '1', '0');INSERT INTO `sys_attachment` VALUES ('118', 'GURMT2FVI07TPT16PN3LGOXJZITJRFAZ', 'DISH_PIC', 'image/jpeg', '1496797467760', '2d7aeb797ee33850cbf5bc002ef44091.jpg', '1496797467760.jpg', null, '/opt/cloud/scs/', '/opt/cloud/scs/1496797467760.jpg', '这是猪蹄', '6742', '.jpg', 'ADMINOVPUEF2VC4667UA3Y0V16SIE088', 'ADMINOVPUEF2VC4667UA3Y0V16SIE088', 'ADMINOVPUEF2VC4667UA3Y0V16SIE088', '2017-06-07 09:04:22', '2017-06-07 09:04:22', '1', '0');INSERT INTO `sys_attachment` VALUES ('119', 'XPFCQFXMZIWUP5YGC1IDE5F4MUQWXVBJ', 'DISH_PIC', 'image/jpeg', '1496886547847', '8d3a269424aaa9a7913ef054d77e200f.jpg', '1496886547847.jpg', null, '/opt/cloud/scs/', '/opt/cloud/scs/1496886547847.jpg', '这是黄焖鸡', '10327', '.jpg', 'ADMINOVPUEF2VC4667UA3Y0V16SIE088', 'ADMINOVPUEF2VC4667UA3Y0V16SIE088', 'ADMINOVPUEF2VC4667UA3Y0V16SIE088', '2017-06-08 09:49:07', '2017-06-08 09:49:07', '1', '0');INSERT INTO `sys_attachment` VALUES ('120', 'ZR84S0KYSZWKW457GD003AAL5KISKEF1', 'DISH_PIC', 'image/jpeg', '1496907237531', '8d3a269424aaa9a7913ef054d77e200f.jpg', '1496907237531.jpg', null, '/opt/cloud/scs/', '/opt/cloud/scs/1496907237531.jpg', '这是冰西瓜', '10327', '.jpg', 'ADMINOVPUEF2VC4667UA3Y0V16SIE088', 'ADMINOVPUEF2VC4667UA3Y0V16SIE088', 'ADMINOVPUEF2VC4667UA3Y0V16SIE088', '2017-06-08 15:33:52', '2017-06-08 15:33:52', '1', '0');INSERT INTO `sys_attachment` VALUES ('121', 'W40CO72RW5D533YVFIEU5FQZT7EXNCQI', 'DISH_PIC', 'image/jpeg', '1496907364601', '8d3a269424aaa9a7913ef054d77e200f.jpg', '1496907364601.jpg', null, '/opt/cloud/scs/', '/opt/cloud/scs/1496907364601.jpg', '', '10327', '.jpg', 'ADMINOVPUEF2VC4667UA3Y0V16SIE088', 'ADMINOVPUEF2VC4667UA3Y0V16SIE088', 'ADMINOVPUEF2VC4667UA3Y0V16SIE088', '2017-06-08 15:35:54', '2017-06-08 15:35:54', '1', '0');INSERT INTO `sys_attachment` VALUES ('122', 'CHZ2503CY11LHW5PMHT32D6JYGYB2QFK', 'PRODUCT_BASIC_INFO', 'image/jpeg', '1496910920056', '8d3a269424aaa9a7913ef054d77e200f.jpg', '1496910920056.jpg', null, '/opt/cloud/pms/', '/opt/cloud/pms/1496910920056.jpg', '222', '10327', '.jpg', null, null, 'ADMINOVPUEF2VC4667UA3Y0V16SIE088', '2017-06-08 16:35:13', '2017-06-08 16:35:13', '1', null);INSERT INTO `sys_attachment` VALUES ('123', 'V9I85W0G87IU1E0TPJ35QGAF12M8DDIV', 'DISH_PIC', 'image/png', '1497083933967', '6f0a3c83a981a61f414ca5143d7a3981.png', '1497083933967.png', null, '/opt/cloud/scs/', '/opt/cloud/scs/1497083933967.png', '地方', '8289', '.png', 'ADMINOVPUEF2VC4667UA3Y0V16SIE088', 'ADMINOVPUEF2VC4667UA3Y0V16SIE088', 'ADMINOVPUEF2VC4667UA3Y0V16SIE088', '2017-06-10 16:38:52', '2017-06-10 16:38:52', '1', '0');
-- ------------------------------ Table structure for sys_data-- ----------------------------DROP TABLE IF EXISTS `sys_data`;CREATE TABLE `sys_data` (  `id` int(11) NOT NULL COMMENT '主键',  `code` varchar(20) DEFAULT NULL COMMENT '分类编号',  `name` varchar(60) DEFAULT NULL COMMENT '分类名称',  `memo` varchar(60) DEFAULT NULL,  `valid` tinyint(4) NOT NULL DEFAULT '1',  PRIMARY KEY (`id`)) ENGINE=InnoDB DEFAULT CHARSET=utf8;
-- ------------------------------ Records of sys_data-- ----------------------------INSERT INTO `sys_data` VALUES ('1', 'CPFL', '产品分类', '机器人产品分类', '1');INSERT INTO `sys_data` VALUES ('2', 'BBLX', '版本类型', '机器人版本类型', '1');
-- ------------------------------ Table structure for sys_data_dictionary-- ----------------------------DROP TABLE IF EXISTS `sys_data_dictionary`;CREATE TABLE `sys_data_dictionary` (  `id` int(11) NOT NULL COMMENT '类别编号',  `data_fk` int(11) NOT NULL COMMENT '项目编号',  `name` varchar(60) DEFAULT NULL COMMENT '列表里项目名称',  `memo` varchar(60) DEFAULT NULL,  `rule` varchar(100) DEFAULT NULL,  `min` int(9) DEFAULT NULL,  `max` int(9) DEFAULT NULL COMMENT '列表里项目排序',  `sort` int(9) DEFAULT NULL COMMENT '列表里项目排序',  `valid` tinyint(4) NOT NULL DEFAULT '1',  PRIMARY KEY (`id`)) ENGINE=InnoDB DEFAULT CHARSET=utf8 COMMENT='数据字典';
-- ------------------------------ Records of sys_data_dictionary-- ----------------------------INSERT INTO `sys_data_dictionary` VALUES ('1001', '1', '迎宾', 'usher', '1', null, null, '1', '1');INSERT INTO `sys_data_dictionary` VALUES ('1002', '1', '送餐', 'waiter', '1', null, null, '2', '1');INSERT INTO `sys_data_dictionary` VALUES ('1003', '1', '小雪', 'snow', '1', null, null, '3', '1');INSERT INTO `sys_data_dictionary` VALUES ('1004', '1', '咖啡', 'obba', '0', null, null, '3', '1');INSERT INTO `sys_data_dictionary` VALUES ('2001', '2', '标准版', 'standard', '', null, null, '1', '1');INSERT INTO `sys_data_dictionary` VALUES ('2002', '2', '定制版', 'custom', '', null, null, '2', '1');
-- ------------------------------ Table structure for sys_menu-- ----------------------------DROP TABLE IF EXISTS `sys_menu`;CREATE TABLE `sys_menu` (  `id` char(32) NOT NULL COMMENT '主键',  `name` varchar(50) NOT NULL COMMENT '菜单名称',  `style` varchar(50) DEFAULT NULL COMMENT '菜单样式(菜单图标)',  `parent_fk` char(32) DEFAULT NULL COMMENT '父级菜单外键',  `permission_fk` varchar(32) DEFAULT NULL COMMENT '权限外键',  `url` varchar(300) DEFAULT NULL COMMENT '链接',  `level` tinyint(4) NOT NULL COMMENT '菜单层级',  `sorter` tinyint(4) NOT NULL COMMENT '排序',  `activeId` varchar(50) DEFAULT NULL COMMENT '菜单打开标识',  `valid` tinyint(4) DEFAULT '1' COMMENT '是否有效',  `updater_fk` char(32) NOT NULL COMMENT '更新者',  `creator_fk` char(32) NOT NULL COMMENT '创建者',  `date_update` datetime NOT NULL COMMENT '更新日期',  `date_create` datetime NOT NULL COMMENT '创建日期',  PRIMARY KEY (`id`)) ENGINE=InnoDB DEFAULT CHARSET=utf8 COMMENT='系统菜单';
-- ------------------------------ Records of sys_menu-- ----------------------------INSERT INTO `sys_menu` VALUES ('F59TCIOY74YYOTG7APS80C4MBXAJWNLS', '商户信息管理', '', 'GZVHS38VM8ZOPGIRBQMCS9IIPJQ3B044', 'QQV0G2DP0IF78O32JPLVORICGCGY764A', '/cms/list', '2', '1', 'ynms_customer', '1', 'ADMINOVPUEF2VC4667UA3Y0V16SIE088', 'ADMINOVPUEF2VC4667UA3Y0V16SIE088', '2017-05-10 10:03:38', '2017-04-15 13:47:40');INSERT INTO `sys_menu` VALUES ('GHEZ1V7WMEIUTNZU17SDD0VRTG2IQN3U', '仪表盘', 'icon-dashboard', '', '', '/pmd/dashboard', '1', '10', 'dashboard', '0', 'ADMINOVPUEF2VC4667UA3Y0V16SIE088', 'ADMINOVPUEF2VC4667UA3Y0V16SIE088', '2017-03-16 16:35:40', '2015-09-21 09:40:40');INSERT INTO `sys_menu` VALUES ('GZVHS38VM8ZOPGIRBQMCS9IIPJQ3B044', '迎宾机器人', 'icon-briefcase', '', 'QQV0G2DP0IF78O32JPLVORICGCGY764A', '', '1', '16', 'ybms', '1', 'ADMINOVPUEF2VC4667UA3Y0V16SIE088', 'ADMINOVPUEF2VC4667UA3Y0V16SIE088', '2017-03-16 19:06:15', '2017-03-16 11:58:36');INSERT INTO `sys_menu` VALUES ('I9QHH7NYFQ21PLUL68U0V2FVB2PBAVAP', '机器人群组', '', 'RXG680OTNVXCLVSR2FC9QKLXQM3DMUX2', '', '/rbg/list', '2', '6', 'robot_group', '1', 'ADMINOVPUEF2VC4667UA3Y0V16SIE088', 'ADMINOVPUEF2VC4667UA3Y0V16SIE088', '2015-10-09 14:47:18', '2015-09-21 10:59:52');INSERT INTO `sys_menu` VALUES ('IGH52SDCGDNF2Q07FLPM53UCTSTW1ZC1', '广告分配', '', 'GZVHS38VM8ZOPGIRBQMCS9IIPJQ3B044', '', '/ad/list', '2', '3', 'advertise_dis', '1', 'ADMINOVPUEF2VC4667UA3Y0V16SIE088', 'ADMINOVPUEF2VC4667UA3Y0V16SIE088', '2017-05-16 09:37:02', '2017-05-16 09:35:10');INSERT INTO `sys_menu` VALUES ('JFCWG6LGMNGG93R63EYYC77J3MJ4UU9C', '字典信息', '', 'N2J1Y9AXRD8XZM95V1SA5UX8DZAS19KB', 'U4KRLM5MPYG28ESLJKNMLDZ3SASJBH7A', '/dic/list', '2', '40', 'sys_dictionary', '1', 'ADMINOVPUEF2VC4667UA3Y0V16SIE088', 'ADMINOVPUEF2VC4667UA3Y0V16SIE088', '2015-10-09 15:30:10', '2015-09-21 11:05:54');INSERT INTO `sys_menu` VALUES ('JXI7N2BB7NAV6KZTVMC375EF16EIDQHK', '产品管理', '', 'GZVHS38VM8ZOPGIRBQMCS9IIPJQ3B044', '', '/pms/list', '2', '10', 'ynms_product', '1', 'ADMINOVPUEF2VC4667UA3Y0V16SIE088', 'ADMINOVPUEF2VC4667UA3Y0V16SIE088', '2017-03-21 10:43:03', '2017-03-16 18:55:18');INSERT INTO `sys_menu` VALUES ('K18G7MLLX6TJ3QURTRRHTX9JKS09XKY3', '店铺管理', '', 'KKFYPLQDVYWD361NW52AVENJFLAETGSY', '', '/shop/list', '2', '12', 'shop', '1', 'ADMINOVPUEF2VC4667UA3Y0V16SIE088', 'ADMINOVPUEF2VC4667UA3Y0V16SIE088', '2017-06-06 16:32:21', '2017-06-06 16:32:21');INSERT INTO `sys_menu` VALUES ('KKFYPLQDVYWD361NW52AVENJFLAETGSY', '送餐机器人', 'icon-group', '', '', '', '1', '17', 'scms', '1', 'ADMINOVPUEF2VC4667UA3Y0V16SIE088', 'ADMINOVPUEF2VC4667UA3Y0V16SIE088', '2017-04-18 16:03:27', '2017-03-16 12:03:15');INSERT INTO `sys_menu` VALUES ('M6UES010GIQHHABJGF9ZYCNZ60XGPC0S', '附件管理', '', 'KKFYPLQDVYWD361NW52AVENJFLAETGSY', '', '/acce/list', '2', '19', 'scs_accessory', '1', 'ADMINOVPUEF2VC4667UA3Y0V16SIE088', 'ADMINOVPUEF2VC4667UA3Y0V16SIE088', '2017-04-20 09:31:43', '2017-04-19 14:41:27');INSERT INTO `sys_menu` VALUES ('MUGF0OADLSPWGSAUU51UCKVPIVZPP91W', '前台版本管理', '', 'XM5HHU9WTSH1KLHJAI54H8OYP643IL3X', '', '/vrc/list', '2', '2', 'version_robot', '1', 'ADMINOVPUEF2VC4667UA3Y0V16SIE088', 'ADMINOVPUEF2VC4667UA3Y0V16SIE088', '2017-04-20 15:29:10', '2017-04-20 15:29:10');INSERT INTO `sys_menu` VALUES ('N2J1Y9AXRD8XZM95V1SA5UX8DZAS19KB', '系统配置', 'icon-cogs', '', 'SMSZALAYH4GGOFAS6BSE3PL992JDYEPE', '', '1', '60', 'sys', '1', 'ADMINOVPUEF2VC4667UA3Y0V16SIE088', 'ADMINOVPUEF2VC4667UA3Y0V16SIE088', '2017-03-16 19:02:13', '2015-09-21 10:17:07');INSERT INTO `sys_menu` VALUES ('NFZ62LQ2LKBCWF3Y4DYALQMH563Z8NHW', '机器人清单', '', 'RXG680OTNVXCLVSR2FC9QKLXQM3DMUX2', '', '/crb/list', '2', '3', 'robot_list', '1', 'ADMINOVPUEF2VC4667UA3Y0V16SIE088', 'ADMINOVPUEF2VC4667UA3Y0V16SIE088', '2015-10-09 14:47:18', '2015-09-21 10:59:52');INSERT INTO `sys_menu` VALUES ('NPO4GCWUFMDTVXLJA2J07F3SLJ5CTT7L', '菜类管理', '', 'KKFYPLQDVYWD361NW52AVENJFLAETGSY', '', '/dte/list/', '2', '19', 'scs_dishType', '1', 'ADMINOVPUEF2VC4667UA3Y0V16SIE088', 'ADMINOVPUEF2VC4667UA3Y0V16SIE088', '2017-04-20 09:31:56', '2017-04-19 14:40:58');INSERT INTO `sys_menu` VALUES ('PZ44X6HQVNFKEL3KOFPEK3X9OMNY1IV8', '权限管理', '', 'N2J1Y9AXRD8XZM95V1SA5UX8DZAS19KB', 'HSAJPL69F2YONWXDFWJOGF1VBZN2XR4N', '/permission/list', '2', '30', 'sys_permission', '1', 'ADMINOVPUEF2VC4667UA3Y0V16SIE088', 'ADMINOVPUEF2VC4667UA3Y0V16SIE088', '2015-10-09 15:10:33', '2015-09-21 11:03:59');INSERT INTO `sys_menu` VALUES ('RJ3L1GLBM6MNV2425URI3JHVUH4DOQMK', '桌号管理', '', 'KKFYPLQDVYWD361NW52AVENJFLAETGSY', '', '/scs/list', '2', '18', 'scms_desek', '1', 'ADMINOVPUEF2VC4667UA3Y0V16SIE088', 'ADMINOVPUEF2VC4667UA3Y0V16SIE088', '2017-04-27 15:38:13', '2017-04-18 16:04:58');INSERT INTO `sys_menu` VALUES ('RXG680OTNVXCLVSR2FC9QKLXQM3DMUX2', '机器人管理', 'icon-dashboard', '', '', '', '1', '1', 'rbms', '1', 'ADMINOVPUEF2VC4667UA3Y0V16SIE088', 'ADMINOVPUEF2VC4667UA3Y0V16SIE088', '2015-10-09 14:47:18', '2015-09-21 10:59:52');INSERT INTO `sys_menu` VALUES ('VFMAB0RXE5VGOCLYEVJOICMW6BRFLILF', '升级包上传', '', 'XM5HHU9WTSH1KLHJAI54H8OYP643IL3X', '', '/tms/versionControl', '2', '10', 'version_controller', '1', 'ADMINOVPUEF2VC4667UA3Y0V16SIE088', 'ADMINOVPUEF2VC4667UA3Y0V16SIE088', '2017-04-26 09:53:13', '2015-09-21 09:46:35');INSERT INTO `sys_menu` VALUES ('X1P77EQVKISWW8TS7KMEA6AHFMRPZ503', '角色权限', '', 'N2J1Y9AXRD8XZM95V1SA5UX8DZAS19KB', 'F23ZO7L02YQP0VHZA82IT949WQ3DKB6C', '/role/list', '2', '20', 'sys_role_permission', '1', 'ADMINOVPUEF2VC4667UA3Y0V16SIE088', 'ADMINOVPUEF2VC4667UA3Y0V16SIE088', '2015-09-21 12:59:41', '2015-09-21 11:03:03');INSERT INTO `sys_menu` VALUES ('X34E5APIKJG6TSWE4FVV163974Z3YQWF', '菜品管理', '', 'KKFYPLQDVYWD361NW52AVENJFLAETGSY', '', '/dish/list', '2', '19', 'scs_dish', '1', 'ADMINOVPUEF2VC4667UA3Y0V16SIE088', 'ADMINOVPUEF2VC4667UA3Y0V16SIE088', '2017-04-20 09:32:21', '2017-04-19 14:40:17');INSERT INTO `sys_menu` VALUES ('XIXZ60OSQ0Q455NCM3ZWW55ETEJ5N8DZ', '产品分配', '', 'GZVHS38VM8ZOPGIRBQMCS9IIPJQ3B044', '', '/pd/list', '2', '2', 'product_dis', '1', 'ADMINOVPUEF2VC4667UA3Y0V16SIE088', 'ADMINOVPUEF2VC4667UA3Y0V16SIE088', '2017-05-16 09:36:53', '2017-05-10 16:29:59');INSERT INTO `sys_menu` VALUES ('XM5HHU9WTSH1KLHJAI54H8OYP643IL3X', '版本发布', 'icon-legal', '', 'XQ32CDXB3XXZOHY7VJ5VT2WTZ29DNVGQ', '', '1', '25', 'rel', '1', 'ADMINOVPUEF2VC4667UA3Y0V16SIE088', 'ADMINOVPUEF2VC4667UA3Y0V16SIE088', '2017-03-16 19:06:35', '2016-03-03 16:04:10');INSERT INTO `sys_menu` VALUES ('Y5BAQB6RX61XRYDEDPXXDBD8PFRG4BBB', '菜单管理', '', 'N2J1Y9AXRD8XZM95V1SA5UX8DZAS19KB', 'UKHPGMFZEJE9OS9A7MEBX9YL4FZLMLOR', '/menu/toListMenus', '2', '80', 'sys_menu', '0', 'ADMINOVPUEF2VC4667UA3Y0V16SIE088', 'ADMINOVPUEF2VC4667UA3Y0V16SIE088', '2017-03-16 16:55:32', '2015-10-09 16:09:44');INSERT INTO `sys_menu` VALUES ('Y8XKJOVG30XP16OD7GWOVLD5HDZYSD2T', '广告管理', '', 'GZVHS38VM8ZOPGIRBQMCS9IIPJQ3B044', '', '/adv/list', '2', '20', 'ybms_ad', '1', 'ADMINOVPUEF2VC4667UA3Y0V16SIE088', 'ADMINOVPUEF2VC4667UA3Y0V16SIE088', '2017-03-29 17:25:13', '2017-03-16 18:56:17');INSERT INTO `sys_menu` VALUES ('YFNA7UW91PQ1QGWXRUU4UZ163LLQ357J', '账号管理', '', 'N2J1Y9AXRD8XZM95V1SA5UX8DZAS19KB', 'PYF8ZG0YDY8RL6JOLAK41HNZW9EPKUEZ', '/sys/admin/list', '2', '10', 'sys_account', '1', 'ADMINOVPUEF2VC4667UA3Y0V16SIE088', 'ADMINOVPUEF2VC4667UA3Y0V16SIE088', '2015-10-09 14:47:18', '2015-09-21 10:59:52');
-- ------------------------------ Table structure for sys_permission-- ----------------------------DROP TABLE IF EXISTS `sys_permission`;CREATE TABLE `sys_permission` (  `id` char(32) NOT NULL COMMENT '权限(操作)主键',  `code` varchar(100) NOT NULL COMMENT '权限代码',  `name` varchar(100) NOT NULL COMMENT '权限名称',  `memo` varchar(256) DEFAULT NULL COMMENT '权限描述',  `type` tinyint(4) DEFAULT NULL,  `valid` tinyint(4) NOT NULL DEFAULT '1' COMMENT '有效标记',  `creator_fk` char(32) CHARACTER SET utf8 COLLATE utf8_bin NOT NULL COMMENT '创建人',  `updater_fk` char(32) CHARACTER SET utf8 COLLATE utf8_bin NOT NULL COMMENT '更新人',  `date_create` datetime NOT NULL COMMENT '创建时间',  `date_update` datetime NOT NULL COMMENT '更新时间',  PRIMARY KEY (`id`),  UNIQUE KEY `code_UNIQUE` (`code`)) ENGINE=InnoDB DEFAULT CHARSET=utf8 COMMENT='系统权限表';
-- ------------------------------ Records of sys_permission-- ----------------------------INSERT INTO `sys_permission` VALUES ('F23ZO7L02YQP0VHZA82IT949WQ3DKB6C', 'menu:role_permission', '角色权限 - 查看', '菜单【角色权限】 显示 权限', '1', '1', 'ADMINOVPUEF2VC4667UA3Y0V16SIE088', 'ADMINOVPUEF2VC4667UA3Y0V16SIE088', '2015-10-09 14:01:55', '2015-10-09 14:11:33');INSERT INTO `sys_permission` VALUES ('HSAJPL69F2YONWXDFWJOGF1VBZN2XR4N', 'menu:permission', '权限管理 - 查看', '菜单【权限管理】 显示 权限', '1', '1', 'ADMINOVPUEF2VC4667UA3Y0V16SIE088', 'ADMINOVPUEF2VC4667UA3Y0V16SIE088', '2015-10-09 15:10:07', '2015-10-09 15:29:05');INSERT INTO `sys_permission` VALUES ('I2KKXH1VI712NQS9QIZ1DUR6EUTCIHZ6', 'modify:menu_management', '菜单管理 - 修改', '菜单管理 ：【编辑】 操作 权限', '0', '1', 'ADMINOVPUEF2VC4667UA3Y0V16SIE088', 'ADMINOVPUEF2VC4667UA3Y0V16SIE088', '2015-10-09 16:40:25', '2015-10-09 16:40:25');INSERT INTO `sys_permission` VALUES ('JXUJEDNI57KLI9Y0EK7A7MA6WS80GFR5', 'modify:permission', '权限管理 - 修改', '权限 ：【新增、编辑】 操作 权限', '0', '1', 'ADMINOVPUEF2VC4667UA3Y0V16SIE088', 'ADMINOVPUEF2VC4667UA3Y0V16SIE088', '2015-10-09 15:12:18', '2015-10-09 15:12:18');INSERT INTO `sys_permission` VALUES ('LQS9QJICZ3CUMXFV23RT71ABFM18RX5T', 'modify:role_permission', '角色权限 - 修改', '角色 ：【新增、编辑、关联用户、关联权限】操作', '0', '1', 'ADMINOVPUEF2VC4667UA3Y0V16SIE088', 'ADMINOVPUEF2VC4667UA3Y0V16SIE088', '2015-10-09 15:03:32', '2015-10-09 15:29:47');INSERT INTO `sys_permission` VALUES ('O4DTFSSQWFEA3BIDLTTNE8MJD8E6P7X1', 'modify:account_management', '账号管理 - 修改', '账号 ：【新增、详情、改密、编辑】 操作 权限', '0', '1', 'ADMINOVPUEF2VC4667UA3Y0V16SIE088', 'ADMINOVPUEF2VC4667UA3Y0V16SIE088', '2015-10-09 14:49:12', '2015-10-09 14:49:12');INSERT INTO `sys_permission` VALUES ('PYF8ZG0YDY8RL6JOLAK41HNZW9EPKUEZ', 'menu:account_management', '账号管理 - 查看', '菜单【账号管理】 显示 权限', '1', '1', 'ADMINOVPUEF2VC4667UA3Y0V16SIE088', 'ADMINOVPUEF2VC4667UA3Y0V16SIE088', '2015-10-09 14:47:04', '2015-10-09 15:29:26');INSERT INTO `sys_permission` VALUES ('QQV0G2DP0IF78O32JPLVORICGCGY764A', 'menu:usher_robot', '一级 - 迎宾机器人 - 查看', '菜单【迎宾机器人】 显示 权限', '1', '1', 'ADMINOVPUEF2VC4667UA3Y0V16SIE088', 'ADMINOVPUEF2VC4667UA3Y0V16SIE088', '2017-03-16 19:04:35', '2017-03-16 19:05:46');INSERT INTO `sys_permission` VALUES ('SMSZALAYH4GGOFAS6BSE3PL992JDYEPE', 'menu:sysconfig', '一级 - 系统配置 - 查看', '菜单【系统配置】 显示 权限', '1', '1', 'ADMINOVPUEF2VC4667UA3Y0V16SIE088', 'ADMINOVPUEF2VC4667UA3Y0V16SIE088', '2017-03-16 18:59:48', '2017-03-16 19:02:03');INSERT INTO `sys_permission` VALUES ('SUW4QB7MTHPMQQT335H1P9059N5UAV8V', 'modify:dictionary', '字典信息 - 修改', '字典 ：【新增、关联数据】 操作 权限', '0', '1', 'ADMINOVPUEF2VC4667UA3Y0V16SIE088', 'ADMINOVPUEF2VC4667UA3Y0V16SIE088', '2015-10-09 15:32:38', '2015-10-09 15:32:38');INSERT INTO `sys_permission` VALUES ('U4KRLM5MPYG28ESLJKNMLDZ3SASJBH7A', 'menu:dictionary', '字典信息 - 查看', '菜单【字典信息】 显示 权限 ', '1', '1', 'ADMINOVPUEF2VC4667UA3Y0V16SIE088', 'ADMINOVPUEF2VC4667UA3Y0V16SIE088', '2015-10-09 15:27:33', '2015-10-09 15:29:18');INSERT INTO `sys_permission` VALUES ('UKHPGMFZEJE9OS9A7MEBX9YL4FZLMLOR', 'menu:menu_management', '菜单管理 - 查看', '菜单【菜单管理】显示 权限', '1', '1', 'ADMINOVPUEF2VC4667UA3Y0V16SIE088', 'ADMINOVPUEF2VC4667UA3Y0V16SIE088', '2015-10-09 16:07:53', '2015-10-09 16:07:53');INSERT INTO `sys_permission` VALUES ('XQ32CDXB3XXZOHY7VJ5VT2WTZ29DNVGQ', 'menu:version_release', '一级 - 版本发布 - 查看', '菜单【版本发布】 显示 权限', '1', '1', 'ADMINOVPUEF2VC4667UA3Y0V16SIE088', 'ADMINOVPUEF2VC4667UA3Y0V16SIE088', '2017-03-16 19:02:57', '2017-03-16 19:05:52');
-- ------------------------------ Table structure for sys_role-- ----------------------------DROP TABLE IF EXISTS `sys_role`;CREATE TABLE `sys_role` (  `id` char(32) NOT NULL COMMENT '角色主键',  `name` varchar(100) DEFAULT NULL COMMENT '角色名称',  `memo` varchar(256) DEFAULT NULL COMMENT '备注',  `code` varchar(32) DEFAULT NULL,  `valid` tinyint(4) DEFAULT '1' COMMENT '有效标记',  `creator_fk` char(32) CHARACTER SET utf8 COLLATE utf8_bin DEFAULT NULL COMMENT '创建人',  `updater_fk` char(32) CHARACTER SET utf8 COLLATE utf8_bin DEFAULT NULL COMMENT '更新人',  `date_create` datetime DEFAULT NULL COMMENT '创建时间',  `date_update` datetime DEFAULT NULL COMMENT '更新时间',  PRIMARY KEY (`id`)) ENGINE=InnoDB DEFAULT CHARSET=utf8 COMMENT='角色基础数据表';
-- ------------------------------ Records of sys_role-- ----------------------------INSERT INTO `sys_role` VALUES ('BXDP1C7K19UQC0HSITDFZ08269PIHKIN', '系统管理员', '系统管理员', 'AdminRole', '1', 'ADMINOVPUEF2VC4667UA3Y0V16SIE088', 'ADMINOVPUEF2VC4667UA3Y0V16SIE088', '2015-06-02 17:00:39', '2015-06-02 17:00:35');INSERT INTO `sys_role` VALUES ('TCC2O4LQYAU1PN4M02EC7OQMVOHU7SZZ', '商户', '一般商户', null, '1', 'ADMINOVPUEF2VC4667UA3Y0V16SIE088', 'ADMINOVPUEF2VC4667UA3Y0V16SIE088', '2017-03-16 19:07:23', '2017-03-16 19:07:23');
-- ------------------------------ Table structure for sys_role_permission_ref-- ----------------------------DROP TABLE IF EXISTS `sys_role_permission_ref`;CREATE TABLE `sys_role_permission_ref` (  `id` char(32) NOT NULL COMMENT '角色和权限关系主键',  `role_fk` char(32) NOT NULL DEFAULT '0' COMMENT '角色主键编号',  `permission_fk` char(32) NOT NULL DEFAULT '0' COMMENT '权限主键编号',  `memo` varchar(256) DEFAULT NULL COMMENT '备注',  `valid` tinyint(4) NOT NULL DEFAULT '1' COMMENT '有效标记',  `creator_fk` char(32) CHARACTER SET utf8 COLLATE utf8_bin NOT NULL COMMENT '创建人',  `updater_fk` char(32) CHARACTER SET utf8 COLLATE utf8_bin NOT NULL COMMENT '更新人',  `date_create` datetime NOT NULL COMMENT '创建时间',  `date_update` datetime NOT NULL COMMENT '更新时间',  PRIMARY KEY (`id`)) ENGINE=InnoDB DEFAULT CHARSET=utf8 COMMENT='角色和权限关系表';
-- ------------------------------ Records of sys_role_permission_ref-- ----------------------------INSERT INTO `sys_role_permission_ref` VALUES ('CWFKXBA0XFEN3OHDXVE5GWG0KNE802BI', 'BXDP1C7K19UQC0HSITDFZ08269PIHKIN', 'VWBQW8GMDSCKVA25SPV1QJC57YKRML58', null, '1', 'ADMINOVPUEF2VC4667UA3Y0V16SIE088', 'ADMINOVPUEF2VC4667UA3Y0V16SIE088', '2017-03-16 17:05:06', '2017-03-16 17:05:06');INSERT INTO `sys_role_permission_ref` VALUES ('DWVRZKKAVNHPB5BCMG4M88IXW3NWMBBD', 'BXDP1C7K19UQC0HSITDFZ08269PIHKIN', 'XQ32CDXB3XXZOHY7VJ5VT2WTZ29DNVGQ', null, '1', 'ADMINOVPUEF2VC4667UA3Y0V16SIE088', 'ADMINOVPUEF2VC4667UA3Y0V16SIE088', '2017-03-16 19:05:00', '2017-03-16 19:05:00');INSERT INTO `sys_role_permission_ref` VALUES ('HNHDQJF17V138QDC0RMX4HEKXFAZH5OG', 'BXDP1C7K19UQC0HSITDFZ08269PIHKIN', 'UKHPGMFZEJE9OS9A7MEBX9YL4FZLMLOR', null, '1', 'ADMINOVPUEF2VC4667UA3Y0V16SIE088', 'ADMINOVPUEF2VC4667UA3Y0V16SIE088', '2017-03-16 17:05:06', '2017-03-16 19:05:00');INSERT INTO `sys_role_permission_ref` VALUES ('I3TRIYFND09ASA0SUPPHW29HICTT8GRV', 'BXDP1C7K19UQC0HSITDFZ08269PIHKIN', 'SUW4QB7MTHPMQQT335H1P9059N5UAV8V', null, '1', 'ADMINOVPUEF2VC4667UA3Y0V16SIE088', 'ADMINOVPUEF2VC4667UA3Y0V16SIE088', '2017-03-16 17:05:06', '2017-03-16 19:05:00');INSERT INTO `sys_role_permission_ref` VALUES ('JOST9VYHDJTYZ0DWM49Q8T7Z3WSJ2M3Y', 'BXDP1C7K19UQC0HSITDFZ08269PIHKIN', 'PYF8ZG0YDY8RL6JOLAK41HNZW9EPKUEZ', null, '1', 'ADMINOVPUEF2VC4667UA3Y0V16SIE088', 'ADMINOVPUEF2VC4667UA3Y0V16SIE088', '2017-03-16 17:05:06', '2017-03-16 19:05:00');INSERT INTO `sys_role_permission_ref` VALUES ('K4YK8YGGENGPFA69MIWPAHTSAP15N66L', 'BXDP1C7K19UQC0HSITDFZ08269PIHKIN', 'LQS9QJICZ3CUMXFV23RT71ABFM18RX5T', null, '1', 'ADMINOVPUEF2VC4667UA3Y0V16SIE088', 'ADMINOVPUEF2VC4667UA3Y0V16SIE088', '2017-03-16 17:05:06', '2017-03-16 19:05:00');INSERT INTO `sys_role_permission_ref` VALUES ('L0CDX6OKRFRX0CFWRKMBRRH8N4ZJ2UE8', 'BXDP1C7K19UQC0HSITDFZ08269PIHKIN', 'WZ3FPZ4SVE3F36P1QJAEHKJA92MP1KBR', null, '1', 'ADMINOVPUEF2VC4667UA3Y0V16SIE088', 'ADMINOVPUEF2VC4667UA3Y0V16SIE088', '2017-03-16 17:05:06', '2017-03-16 17:05:06');INSERT INTO `sys_role_permission_ref` VALUES ('LGO0Y6PTNAUNQR1D5WWDIJUVL1VQEHJS', 'BXDP1C7K19UQC0HSITDFZ08269PIHKIN', 'QQV0G2DP0IF78O32JPLVORICGCGY764A', null, '1', 'ADMINOVPUEF2VC4667UA3Y0V16SIE088', 'ADMINOVPUEF2VC4667UA3Y0V16SIE088', '2017-03-16 19:05:00', '2017-03-16 19:05:00');INSERT INTO `sys_role_permission_ref` VALUES ('MRFWBP1NTQVFH9RE2CF5KNKDWS2D1IMZ', 'TCC2O4LQYAU1PN4M02EC7OQMVOHU7SZZ', 'XQ32CDXB3XXZOHY7VJ5VT2WTZ29DNVGQ', null, '1', 'ADMINOVPUEF2VC4667UA3Y0V16SIE088', 'ADMINOVPUEF2VC4667UA3Y0V16SIE088', '2017-03-16 19:07:36', '2017-03-30 14:40:15');INSERT INTO `sys_role_permission_ref` VALUES ('NLNLOVZ4YGQPA5SYRSND9B7VTWUIWZ96', 'BXDP1C7K19UQC0HSITDFZ08269PIHKIN', 'SMSZALAYH4GGOFAS6BSE3PL992JDYEPE', null, '1', 'ADMINOVPUEF2VC4667UA3Y0V16SIE088', 'ADMINOVPUEF2VC4667UA3Y0V16SIE088', '2017-03-16 19:00:57', '2017-03-16 19:05:00');INSERT INTO `sys_role_permission_ref` VALUES ('NVTTMTLAT6YIXVARTIZ2SE7KMDR7SSE9', 'BXDP1C7K19UQC0HSITDFZ08269PIHKIN', 'ZZFYU05T8YRXWDCVYIBZ94SPNIO86EX8', null, '1', 'ADMINOVPUEF2VC4667UA3Y0V16SIE088', 'ADMINOVPUEF2VC4667UA3Y0V16SIE088', '2017-03-16 17:05:06', '2017-03-16 17:05:06');INSERT INTO `sys_role_permission_ref` VALUES ('Q54267IXMHPKC6QI0HCB2BVQA9V1ZA5B', 'BXDP1C7K19UQC0HSITDFZ08269PIHKIN', 'I2KKXH1VI712NQS9QIZ1DUR6EUTCIHZ6', null, '1', 'ADMINOVPUEF2VC4667UA3Y0V16SIE088', 'ADMINOVPUEF2VC4667UA3Y0V16SIE088', '2017-03-16 17:05:06', '2017-03-16 19:05:00');INSERT INTO `sys_role_permission_ref` VALUES ('SEDNQKXH3W1M44XF7B5QINGQSPRLM4AA', 'TCC2O4LQYAU1PN4M02EC7OQMVOHU7SZZ', 'QQV0G2DP0IF78O32JPLVORICGCGY764A', null, '1', 'ADMINOVPUEF2VC4667UA3Y0V16SIE088', 'ADMINOVPUEF2VC4667UA3Y0V16SIE088', '2017-03-16 19:07:36', '2017-03-30 14:40:15');INSERT INTO `sys_role_permission_ref` VALUES ('SR9MBXPD4X2EOKKAVE0XJ9JJPUB3ZUFM', 'BXDP1C7K19UQC0HSITDFZ08269PIHKIN', 'O4DTFSSQWFEA3BIDLTTNE8MJD8E6P7X1', null, '1', 'ADMINOVPUEF2VC4667UA3Y0V16SIE088', 'ADMINOVPUEF2VC4667UA3Y0V16SIE088', '2017-03-16 17:05:06', '2017-03-16 19:05:00');INSERT INTO `sys_role_permission_ref` VALUES ('U5SWIE8OQY6Y5SMUYV50QA7KE5GVWHH6', 'BXDP1C7K19UQC0HSITDFZ08269PIHKIN', 'JXUJEDNI57KLI9Y0EK7A7MA6WS80GFR5', null, '1', 'ADMINOVPUEF2VC4667UA3Y0V16SIE088', 'ADMINOVPUEF2VC4667UA3Y0V16SIE088', '2017-03-16 17:05:06', '2017-03-16 19:05:00');INSERT INTO `sys_role_permission_ref` VALUES ('VBPR01DRMLR9EYNWI4H349Z5IOB5MA1B', 'BXDP1C7K19UQC0HSITDFZ08269PIHKIN', 'F23ZO7L02YQP0VHZA82IT949WQ3DKB6C', null, '1', 'ADMINOVPUEF2VC4667UA3Y0V16SIE088', 'ADMINOVPUEF2VC4667UA3Y0V16SIE088', '2017-03-16 17:05:06', '2017-03-16 19:05:00');INSERT INTO `sys_role_permission_ref` VALUES ('VRNYMEQKT7JHO6PP6YL3W8QV4C572QLT', 'BXDP1C7K19UQC0HSITDFZ08269PIHKIN', 'HSAJPL69F2YONWXDFWJOGF1VBZN2XR4N', null, '1', 'ADMINOVPUEF2VC4667UA3Y0V16SIE088', 'ADMINOVPUEF2VC4667UA3Y0V16SIE088', '2017-03-16 17:05:06', '2017-03-16 19:05:00');INSERT INTO `sys_role_permission_ref` VALUES ('YU6AVE4M9S2EZCLCX4P6VD7QEXDAGB7N', 'BXDP1C7K19UQC0HSITDFZ08269PIHKIN', 'U4KRLM5MPYG28ESLJKNMLDZ3SASJBH7A', null, '1', 'ADMINOVPUEF2VC4667UA3Y0V16SIE088', 'ADMINOVPUEF2VC4667UA3Y0V16SIE088', '2017-03-16 17:05:06', '2017-03-16 19:05:00');
-- ------------------------------ Table structure for sys_user_role_ref-- ----------------------------DROP TABLE IF EXISTS `sys_user_role_ref`;CREATE TABLE `sys_user_role_ref` (  `id` char(32) CHARACTER SET utf8 COLLATE utf8_bin NOT NULL COMMENT '用户和角色关系主键',  `user_fk` char(32) CHARACTER SET utf8 COLLATE utf8_bin NOT NULL COMMENT '用户主键编号',  `role_fk` char(32) NOT NULL COMMENT '角色主键编号',  `memo` varchar(256) DEFAULT NULL COMMENT '备注',  `valid` tinyint(4) NOT NULL DEFAULT '1' COMMENT '有效标记',  `creator_fk` char(32) CHARACTER SET utf8 COLLATE utf8_bin NOT NULL COMMENT '创建人',  `updater_fk` char(32) CHARACTER SET utf8 COLLATE utf8_bin NOT NULL COMMENT '更新人',  `date_create` datetime NOT NULL COMMENT '创建时间',  `date_update` datetime NOT NULL COMMENT '更新时间',  PRIMARY KEY (`id`)) ENGINE=InnoDB DEFAULT CHARSET=utf8 COMMENT='用户角色关系表';
-- ------------------------------ Records of sys_user_role_ref-- ----------------------------INSERT INTO `sys_user_role_ref` VALUES ('BWPNKKS7UNHBXHYZDBDL6C00UVNH98HQ', 'G7EO63PXCRQ7HA22UWL06BPNMI6P87WY', 'BXDP1C7K19UQC0HSITDFZ08269PIHKIN', null, '1', 'ADMINOVPUEF2VC4667UA3Y0V16SIE088', 'ADMINOVPUEF2VC4667UA3Y0V16SIE088', '2017-03-31 18:59:09', '2017-03-31 18:59:09');INSERT INTO `sys_user_role_ref` VALUES ('LFA9W13T6IM4MW76PG5IXWDB4ITMMJSZ', 'G7EO63PXCRQ7HA22UWL06BPNMI6P87WY', 'TCC2O4LQYAU1PN4M02EC7OQMVOHU7SZZ', null, '1', 'ADMINOVPUEF2VC4667UA3Y0V16SIE088', 'ADMINOVPUEF2VC4667UA3Y0V16SIE088', '2017-03-24 12:42:09', '2017-03-24 12:42:09');INSERT INTO `sys_user_role_ref` VALUES ('SXRGCGKUUAG7GBTAIWE2KXBATCBK4052', 'ZUXYOOK0RXV0KBVG9NKAFO3TC9WABG77', 'TCC2O4LQYAU1PN4M02EC7OQMVOHU7SZZ', null, '1', 'ADMINOVPUEF2VC4667UA3Y0V16SIE088', 'ADMINOVPUEF2VC4667UA3Y0V16SIE088', '2017-03-16 19:07:29', '2017-03-16 19:07:29');INSERT INTO `sys_user_role_ref` VALUES ('Z8BDYDVQE9L9A9GFCEGGLHJJ164TDE82', 'ADMINOVPUEF2VC4667UA3Y0V16SIE088', 'BXDP1C7K19UQC0HSITDFZ08269PIHKIN', null, '1', 'ADMINOVPUEF2VC4667UA3Y0V16SIE088', 'ADMINOVPUEF2VC4667UA3Y0V16SIE088', '2015-09-21 13:07:41', '2017-03-31 18:59:09');
-- ------------------------------ Table structure for sys_version_robot-- ----------------------------DROP TABLE IF EXISTS `sys_version_robot`;CREATE TABLE `sys_version_robot` (  `id` char(32) NOT NULL COMMENT '主键',  `category` int(11) NOT NULL COMMENT '机器人类型',  `channel` int(11) NOT NULL COMMENT '版本类型，如标准版，餐厅定制版',  `version_code` int(10) DEFAULT '0' COMMENT '版本code',  `version_name` varchar(50) NOT NULL COMMENT '版本号',  `md5` varchar(200) DEFAULT NULL COMMENT '下载完整核对',  `platform` tinyint(4) DEFAULT '1' COMMENT '平台类型, 1代表Pad端,2代表手机',  `memo` text COMMENT '版本说明',  `valid` tinyint(4) DEFAULT '1' COMMENT '是否有效',  `updater_fk` char(32) NOT NULL COMMENT '更新者',  `creator_fk` char(32) NOT NULL COMMENT '创建者',  `date_update` datetime NOT NULL COMMENT '更新日期',  `date_create` datetime NOT NULL COMMENT '创建日期',  PRIMARY KEY (`id`)) ENGINE=InnoDB DEFAULT CHARSET=utf8 COMMENT='机器人版本信息';
-- ------------------------------ Records of sys_version_robot-- ----------------------------INSERT INTO `sys_version_robot` VALUES ('JDOBYJT56I978ZO7IDA9JOAZZQWXDVYH', '1001', '2002', '16', 'TE_SnowBot_V1.0.1.0121', '5411412ABEBD07C23F604EF9C96C593B', '1', '测试', '1', 'ADMINOVPUEF2VC4667UA3Y0V16SIE088', 'ADMINOVPUEF2VC4667UA3Y0V16SIE088', '2017-05-31 09:26:16', '2017-05-31 09:26:16');INSERT INTO `sys_version_robot` VALUES ('ND72H00QS991SED2XFLQBT1WR3Z24CN8', '1003', '2001', '1', 'v1.0.1', '7B3F99AF353BFE68A91CD26418C94163', '1', '', '1', 'ADMINOVPUEF2VC4667UA3Y0V16SIE088', 'ADMINOVPUEF2VC4667UA3Y0V16SIE088', '2017-04-25 14:23:58', '2017-04-25 14:23:58');INSERT INTO `sys_version_robot` VALUES ('PDMUSTJMQ0FBXUN3U8VB7ZXIFX2T7YIU', '1003', '2001', '6', 'v1.0.3', '1FA64037794C73E8F188D5A1624968A1', '1', '测试小容量', '1', 'ADMINOVPUEF2VC4667UA3Y0V16SIE088', 'ADMINOVPUEF2VC4667UA3Y0V16SIE088', '2017-04-25 14:50:54', '2017-04-25 14:50:54');INSERT INTO `sys_version_robot` VALUES ('QY3M4143YAISVPEA68X20I14INQUZX6Q', '1001', '2001', '1', 'V1.0.1', '1FA64037794C73E8F188D5A1624968A1', '1', '', '1', 'G7EO63PXCRQ7HA22UWL06BPNMI6P87WY', 'ADMINOVPUEF2VC4667UA3Y0V16SIE088', '2017-04-25 11:57:51', '2017-04-25 11:57:51');INSERT INTO `sys_version_robot` VALUES ('TFTFW3FYVDE3NCU06FDTEZYDI4ZKOXYD', '1003', '2001', '16', 'TE_SnowBot_V1.0.1.0121', '5411412ABEBD07C23F604EF9C96C593B', '1', '小雪小雪', '1', 'ADMINOVPUEF2VC4667UA3Y0V16SIE088', 'ADMINOVPUEF2VC4667UA3Y0V16SIE088', '2017-05-27 15:06:39', '2017-05-27 15:06:39');INSERT INTO `sys_version_robot` VALUES ('XBRWRNQVBMA48OS73SGK4ZLX2Y3IOGGD', '1004', '2001', '1', 'v1.0.0', '1FA64037794C73E8F188D5A1624968A1', '1', '', '1', 'ADMINOVPUEF2VC4667UA3Y0V16SIE088', 'ADMINOVPUEF2VC4667UA3Y0V16SIE088', '2017-04-25 14:34:59', '2017-04-25 14:34:59');
-- ------------------------------ Table structure for tms_package_file-- ----------------------------DROP TABLE IF EXISTS `tms_package_file`;CREATE TABLE `tms_package_file` (  `id` int(11) NOT NULL AUTO_INCREMENT COMMENT 'id',  `create_time` timestamp NULL DEFAULT NULL COMMENT '创建时间',  `update_time` timestamp NULL DEFAULT NULL ON UPDATE CURRENT_TIMESTAMP COMMENT '更新时间',  `file_name` varchar(100) NOT NULL COMMENT '文件名称',  `file_path` varchar(100) NOT NULL COMMENT '文件路径',  `upload_time` timestamp NULL DEFAULT NULL COMMENT '上传时间',  PRIMARY KEY (`id`)) ENGINE=InnoDB AUTO_INCREMENT=13 DEFAULT CHARSET=utf8;
-- ------------------------------ Records of tms_package_file-- ----------------------------INSERT INTO `tms_package_file` VALUES ('10', '2017-03-29 10:11:30', '2017-03-29 10:11:30', 'less.js-master.zip', '/tmp', '2017-03-29 10:11:31');INSERT INTO `tms_package_file` VALUES ('11', '2017-03-30 14:39:44', '2017-03-30 14:39:44', 'README', '/yingbin', '2017-03-30 14:39:44');INSERT INTO `tms_package_file` VALUES ('12', '2017-03-30 14:47:08', '2017-03-30 14:47:08', 'emacs-24.5.tar.gz', '/yingbin', '2017-03-30 14:47:09');
-- ------------------------------ Table structure for t_address-- ----------------------------DROP TABLE IF EXISTS `t_address`;CREATE TABLE `t_address` (  `ID` int(11) NOT NULL AUTO_INCREMENT,  `USER_ACCOUNT` varchar(30) NOT NULL,  `ADDRESS` varchar(100) NOT NULL COMMENT '地址',  PRIMARY KEY (`ID`)) ENGINE=InnoDB AUTO_INCREMENT=7 DEFAULT CHARSET=utf8;
-- ------------------------------ Records of t_address-- ----------------------------INSERT INTO `t_address` VALUES ('1', '45896532@qq.com', '上海');INSERT INTO `t_address` VALUES ('2', '65321596@qq.com', '徐州');INSERT INTO `t_address` VALUES ('3', '52314568@qq.com', '北京');INSERT INTO `t_address` VALUES ('4', '843505251@qq.com', '南京');INSERT INTO `t_address` VALUES ('5', '123@qq.com', '天津');INSERT INTO `t_address` VALUES ('6', 'test@qq.com', '苏州');
-- ------------------------------ Table structure for t_bigtype-- ----------------------------DROP TABLE IF EXISTS `t_bigtype`;CREATE TABLE `t_bigtype` (  `ID` int(11) NOT NULL AUTO_INCREMENT,  `BIG_TYPE` varchar(30) DEFAULT NULL,  PRIMARY KEY (`ID`)) ENGINE=InnoDB AUTO_INCREMENT=2 DEFAULT CHARSET=utf8;
-- ------------------------------ Records of t_bigtype-- ----------------------------INSERT INTO `t_bigtype` VALUES ('1', null);
-- ------------------------------ Table structure for t_collect-- ----------------------------DROP TABLE IF EXISTS `t_collect`;CREATE TABLE `t_collect` (  `ID` int(11) NOT NULL AUTO_INCREMENT,  `USER_ACCOUNT` varchar(30) DEFAULT NULL COMMENT '收藏人账号',  `GOODS_ID` int(11) DEFAULT NULL COMMENT '收藏商品id',  `CONLLECT_TIME` datetime DEFAULT NULL COMMENT '收藏时间',  PRIMARY KEY (`ID`)) ENGINE=InnoDB AUTO_INCREMENT=3 DEFAULT CHARSET=utf8;
-- ------------------------------ Records of t_collect-- ----------------------------INSERT INTO `t_collect` VALUES ('2', '111@qq.com', '1', '2016-05-25 14:24:55');
-- ------------------------------ Table structure for t_goods-- ----------------------------DROP TABLE IF EXISTS `t_goods`;CREATE TABLE `t_goods` (  `ID` int(11) NOT NULL AUTO_INCREMENT,  `GOODSNAME` varchar(30) NOT NULL COMMENT '名称',  `GOODSPICTURE` varchar(50) DEFAULT NULL COMMENT '图片',  `PRICE` double DEFAULT NULL COMMENT '价格',  `BRAND_ID` int(11) DEFAULT NULL COMMENT '品牌id',  `TYPE_ID` int(11) DEFAULT NULL COMMENT '类别id',  `PERSON` varchar(30) DEFAULT NULL COMMENT '适用人群',  `QUALITY_TIME` varchar(30) DEFAULT NULL COMMENT '保质期',  `INTRUDUCTION` text COMMENT '简介',  `REPLY_NUM` int(11) DEFAULT NULL COMMENT '评价数',  `BUY_NUM` int(11) DEFAULT NULL COMMENT '购买数',  `DISCOUNT` double DEFAULT NULL COMMENT '折扣',  `CREATE_TIME` datetime DEFAULT NULL COMMENT '上架时间',  `GOODS_NUM` int(11) DEFAULT NULL COMMENT '库存',  PRIMARY KEY (`ID`)) ENGINE=InnoDB AUTO_INCREMENT=6 DEFAULT CHARSET=utf8;
-- ------------------------------ Records of t_goods-- ----------------------------INSERT INTO `t_goods` VALUES ('1', '美人鱼', '1.png', '9', '1', '1', '周星驰', '邓超', '     轩的地产计划涉及填海工程，威胁靠海以为生的居民。背负家族秘密的珊被派遣前往阻止。二人在交手过程中互生情愫，虽然轩最终因为爱上珊而停止填海工作，但她因意外受伤而消失于大海。\n', '2', '0', '0', '2016-05-11 16:55:53', '0');INSERT INTO `t_goods` VALUES ('2', '三傻大闹好莱坞', '2.png', '8.9', '1', '1', '拉库马·希拉尼', '阿米尔', '影片采用插叙的手法，讲述了三位主人公法罕、拉加与兰彻间的大学故事。兰彻是一个与众不同的大学生，公然顶撞院长，并质疑他的教学方法，用智慧打破学院墨守成规的传统教育观念。兰彻的特立独行引起模范学生——绰号“消音器”的查尔图的不满，他们约定十年后再一决高下，然而毕业时兰彻却选择了不告而别[1]  。', '1', '0', '0', '2016-05-11 16:58:58', '0');INSERT INTO `t_goods` VALUES ('3', '美国队长3', '3.png', '9.5', '0', '5', '乔·卢素', '斯·埃文斯', '该片根据漫威2006年出版的漫画大事件《内战》改编，背景故事承接于《复仇者联盟2：奥创纪元》事件的余波中，讲述了奥创事件后引发的一系列政治问题导致复仇者之间内部矛盾激化的故事[1]  。', '1', '0', '0', '2016-05-11 19:20:25', '0');INSERT INTO `t_goods` VALUES ('4', 'q', '3.png', '7', '0', '1', 'q', 'q', '23', '0', '0', '0', '2016-05-11 19:53:43', '0');INSERT INTO `t_goods` VALUES ('5', '11', 'C:\\fakepath\\软件1311（修改版4.14-1）.doc', '0', '0', '4', '', '', '', '0', '0', '0', '2016-05-25 15:42:05', '0');
-- ------------------------------ Table structure for t_goodspicture-- ----------------------------DROP TABLE IF EXISTS `t_goodspicture`;CREATE TABLE `t_goodspicture` (  `ID` int(11) NOT NULL AUTO_INCREMENT,  `GOODS_ID` int(11) DEFAULT NULL,  `PICTURE` varchar(55) DEFAULT NULL,  PRIMARY KEY (`ID`)) ENGINE=InnoDB AUTO_INCREMENT=181 DEFAULT CHARSET=utf8;
-- ------------------------------ Records of t_goodspicture-- ----------------------------INSERT INTO `t_goodspicture` VALUES ('1', '1', '1.1.png');INSERT INTO `t_goodspicture` VALUES ('2', '1', '1.2.png');INSERT INTO `t_goodspicture` VALUES ('3', '1', '1.3.png');INSERT INTO `t_goodspicture` VALUES ('4', '2', '2.1.png');INSERT INTO `t_goodspicture` VALUES ('5', '2', '2.2.png');INSERT INTO `t_goodspicture` VALUES ('6', '2', '2.3.png');INSERT INTO `t_goodspicture` VALUES ('7', '3', '3.1.png');INSERT INTO `t_goodspicture` VALUES ('8', '3', '3.2.png');INSERT INTO `t_goodspicture` VALUES ('9', '3', '3.3.png');INSERT INTO `t_goodspicture` VALUES ('10', '5', '5.1.png');INSERT INTO `t_goodspicture` VALUES ('11', '5', '5.2.png');INSERT INTO `t_goodspicture` VALUES ('12', '5', '5.3.png');INSERT INTO `t_goodspicture` VALUES ('13', '6', '6.1.png');INSERT INTO `t_goodspicture` VALUES ('14', '6', '6.2.png');INSERT INTO `t_goodspicture` VALUES ('15', '6', '6.3.png');INSERT INTO `t_goodspicture` VALUES ('16', '7', '7.1.png');INSERT INTO `t_goodspicture` VALUES ('17', '7', '7.2.png');INSERT INTO `t_goodspicture` VALUES ('18', '7', '7.3.png');INSERT INTO `t_goodspicture` VALUES ('19', '8', '8.1.png');INSERT INTO `t_goodspicture` VALUES ('20', '8', '8.2.png');INSERT INTO `t_goodspicture` VALUES ('21', '8', '8.3.png');INSERT INTO `t_goodspicture` VALUES ('22', '9', '9.1.png');INSERT INTO `t_goodspicture` VALUES ('23', '9', '9.2.png');INSERT INTO `t_goodspicture` VALUES ('24', '9', '9.3.png');INSERT INTO `t_goodspicture` VALUES ('25', '10', '10.1.png');INSERT INTO `t_goodspicture` VALUES ('26', '10', '10.2.png');INSERT INTO `t_goodspicture` VALUES ('27', '10', '10.3.png');INSERT INTO `t_goodspicture` VALUES ('28', '11', '11.1.png');INSERT INTO `t_goodspicture` VALUES ('29', '11', '11.2.png');INSERT INTO `t_goodspicture` VALUES ('30', '11', '11.3.png');INSERT INTO `t_goodspicture` VALUES ('31', '12', '12.1.png');INSERT INTO `t_goodspicture` VALUES ('32', '12', '12.2.png');INSERT INTO `t_goodspicture` VALUES ('33', '12', '12.3.png');INSERT INTO `t_goodspicture` VALUES ('34', '13', '13.1.png');INSERT INTO `t_goodspicture` VALUES ('35', '12', '12.2.png');INSERT INTO `t_goodspicture` VALUES ('36', '12', '12.3.png');INSERT INTO `t_goodspicture` VALUES ('37', '13', '13.1.png');INSERT INTO `t_goodspicture` VALUES ('38', '13', '13.2.png');INSERT INTO `t_goodspicture` VALUES ('39', '13', '13.3.png');INSERT INTO `t_goodspicture` VALUES ('40', '14', '14.1.png');INSERT INTO `t_goodspicture` VALUES ('41', '14', '14.2.png');INSERT INTO `t_goodspicture` VALUES ('42', '14', '14.3.png');INSERT INTO `t_goodspicture` VALUES ('43', '15', '15.1.png');INSERT INTO `t_goodspicture` VALUES ('44', '15', '15.2.png');INSERT INTO `t_goodspicture` VALUES ('45', '15', '15.3.png');INSERT INTO `t_goodspicture` VALUES ('46', '16', '16.1.png');INSERT INTO `t_goodspicture` VALUES ('47', '16', '16.2.png');INSERT INTO `t_goodspicture` VALUES ('48', '16', '16.3.png');INSERT INTO `t_goodspicture` VALUES ('49', '17', '17.1.png');INSERT INTO `t_goodspicture` VALUES ('50', '17', '17.2.png');INSERT INTO `t_goodspicture` VALUES ('51', '17', '17.3.png');INSERT INTO `t_goodspicture` VALUES ('52', '18', '18.1.png');INSERT INTO `t_goodspicture` VALUES ('53', '18', '18.2.png');INSERT INTO `t_goodspicture` VALUES ('54', '18', '18.3.png');INSERT INTO `t_goodspicture` VALUES ('55', '19', '19.1.png');INSERT INTO `t_goodspicture` VALUES ('56', '19', '19.2.png');INSERT INTO `t_goodspicture` VALUES ('57', '19', '19.3.png');INSERT INTO `t_goodspicture` VALUES ('58', '20', '20.1.png');INSERT INTO `t_goodspicture` VALUES ('59', '20', '20.2.png');INSERT INTO `t_goodspicture` VALUES ('60', '20', '20.3.png');INSERT INTO `t_goodspicture` VALUES ('61', '21', '21.1.png');INSERT INTO `t_goodspicture` VALUES ('62', '21', '21.2.png');INSERT INTO `t_goodspicture` VALUES ('63', '21', '21.3.png');INSERT INTO `t_goodspicture` VALUES ('64', '22', '22.1.png');INSERT INTO `t_goodspicture` VALUES ('65', '22', '22.2.png');INSERT INTO `t_goodspicture` VALUES ('66', '22', '22.3.png');INSERT INTO `t_goodspicture` VALUES ('67', '23', '23.1.png');INSERT INTO `t_goodspicture` VALUES ('68', '23', '23.2.png');INSERT INTO `t_goodspicture` VALUES ('69', '23', '23.3.png');INSERT INTO `t_goodspicture` VALUES ('70', '24', '24.1.png');INSERT INTO `t_goodspicture` VALUES ('71', '24', '24.2.png');INSERT INTO `t_goodspicture` VALUES ('72', '24', '24.3.png');INSERT INTO `t_goodspicture` VALUES ('73', '25', '25.1.png');INSERT INTO `t_goodspicture` VALUES ('74', '25', '25.2.png');INSERT INTO `t_goodspicture` VALUES ('75', '25', '25.3.png');INSERT INTO `t_goodspicture` VALUES ('76', '26', '26.1.png');INSERT INTO `t_goodspicture` VALUES ('77', '26', '26.2.png');INSERT INTO `t_goodspicture` VALUES ('78', '26', '26.3.png');INSERT INTO `t_goodspicture` VALUES ('79', '27', '27.1.png');INSERT INTO `t_goodspicture` VALUES ('80', '27', '27.2.png');INSERT INTO `t_goodspicture` VALUES ('81', '27', '27.3.png');INSERT INTO `t_goodspicture` VALUES ('82', '28', '28.1.png');INSERT INTO `t_goodspicture` VALUES ('83', '28', '28.2.png');INSERT INTO `t_goodspicture` VALUES ('84', '28', '28.3.png');INSERT INTO `t_goodspicture` VALUES ('85', '29', '29.1.png');INSERT INTO `t_goodspicture` VALUES ('86', '29', '29.2.png');INSERT INTO `t_goodspicture` VALUES ('87', '29', '29.3.png');INSERT INTO `t_goodspicture` VALUES ('88', '30', '30.1.png');INSERT INTO `t_goodspicture` VALUES ('89', '30', '30.2.png');INSERT INTO `t_goodspicture` VALUES ('90', '30', '30.3.png');INSERT INTO `t_goodspicture` VALUES ('91', '31', '31.1.png');INSERT INTO `t_goodspicture` VALUES ('92', '31', '31.2.png');INSERT INTO `t_goodspicture` VALUES ('93', '31', '31.3.png');INSERT INTO `t_goodspicture` VALUES ('94', '32', '32.1.png');INSERT INTO `t_goodspicture` VALUES ('95', '32', '32.2.png');INSERT INTO `t_goodspicture` VALUES ('96', '32', '32.3.png');INSERT INTO `t_goodspicture` VALUES ('97', '33', '33.1.png');INSERT INTO `t_goodspicture` VALUES ('98', '33', '33.2.png');INSERT INTO `t_goodspicture` VALUES ('99', '33', '33.3.png');INSERT INTO `t_goodspicture` VALUES ('100', '34', '34.1.png');INSERT INTO `t_goodspicture` VALUES ('101', '34', '34.2.png');INSERT INTO `t_goodspicture` VALUES ('102', '34', '34.3.png');INSERT INTO `t_goodspicture` VALUES ('103', '35', '35.1.png');INSERT INTO `t_goodspicture` VALUES ('104', '35', '35.2.png');INSERT INTO `t_goodspicture` VALUES ('105', '35', '35.3.png');INSERT INTO `t_goodspicture` VALUES ('106', '36', '36.1.png');INSERT INTO `t_goodspicture` VALUES ('107', '36', '36.2.png');INSERT INTO `t_goodspicture` VALUES ('108', '36', '36.3.png');INSERT INTO `t_goodspicture` VALUES ('109', '37', '37.1.png');INSERT INTO `t_goodspicture` VALUES ('110', '37', '37.2.png');INSERT INTO `t_goodspicture` VALUES ('111', '37', '37.3.png');INSERT INTO `t_goodspicture` VALUES ('112', '38', '38.1.png');INSERT INTO `t_goodspicture` VALUES ('113', '38', '38.2.png');INSERT INTO `t_goodspicture` VALUES ('114', '38', '38.3.png');INSERT INTO `t_goodspicture` VALUES ('115', '39', '39.1.png');INSERT INTO `t_goodspicture` VALUES ('116', '39', '39.2.png');INSERT INTO `t_goodspicture` VALUES ('117', '39', '39.3.png');INSERT INTO `t_goodspicture` VALUES ('118', '40', '40.1.png');INSERT INTO `t_goodspicture` VALUES ('119', '40', '40.2.png');INSERT INTO `t_goodspicture` VALUES ('120', '40', '40.3.png');INSERT INTO `t_goodspicture` VALUES ('121', '41', '41.1.png');INSERT INTO `t_goodspicture` VALUES ('122', '41', '41.2.png');INSERT INTO `t_goodspicture` VALUES ('123', '41', '41.3.png');INSERT INTO `t_goodspicture` VALUES ('124', '42', '42.1.png');INSERT INTO `t_goodspicture` VALUES ('125', '42', '42.2.png');INSERT INTO `t_goodspicture` VALUES ('126', '42', '42.3.png');INSERT INTO `t_goodspicture` VALUES ('127', '43', '43.1.png');INSERT INTO `t_goodspicture` VALUES ('128', '43', '43.2.png');INSERT INTO `t_goodspicture` VALUES ('129', '43', '43.3.png');INSERT INTO `t_goodspicture` VALUES ('130', '44', '44.1.png');INSERT INTO `t_goodspicture` VALUES ('131', '44', '44.2.png');INSERT INTO `t_goodspicture` VALUES ('132', '44', '44.3.png');INSERT INTO `t_goodspicture` VALUES ('133', '45', '45.1.png');INSERT INTO `t_goodspicture` VALUES ('134', '45', '45.2.png');INSERT INTO `t_goodspicture` VALUES ('135', '45', '45.3.png');INSERT INTO `t_goodspicture` VALUES ('136', '46', '46.1.png');INSERT INTO `t_goodspicture` VALUES ('137', '46', '46.2.png');INSERT INTO `t_goodspicture` VALUES ('138', '46', '46.3.png');INSERT INTO `t_goodspicture` VALUES ('139', '47', '47.1.png');INSERT INTO `t_goodspicture` VALUES ('140', '47', '47.2.png');INSERT INTO `t_goodspicture` VALUES ('141', '47', '47.3.png');INSERT INTO `t_goodspicture` VALUES ('142', '48', '48.1.png');INSERT INTO `t_goodspicture` VALUES ('143', '48', '48.2.png');INSERT INTO `t_goodspicture` VALUES ('144', '48', '48.3.png');INSERT INTO `t_goodspicture` VALUES ('145', '49', '49.1.png');INSERT INTO `t_goodspicture` VALUES ('146', '49', '49.2.png');INSERT INTO `t_goodspicture` VALUES ('147', '49', '49.3.png');INSERT INTO `t_goodspicture` VALUES ('148', '50', '50.1.png');INSERT INTO `t_goodspicture` VALUES ('149', '50', '50.2.png');INSERT INTO `t_goodspicture` VALUES ('150', '50', '50.3.png');INSERT INTO `t_goodspicture` VALUES ('151', '51', '51.1.png');INSERT INTO `t_goodspicture` VALUES ('152', '51', '51.2.png');INSERT INTO `t_goodspicture` VALUES ('153', '51', '51.3.png');INSERT INTO `t_goodspicture` VALUES ('154', '52', '52.1.png');INSERT INTO `t_goodspicture` VALUES ('155', '52', '52.2.png');INSERT INTO `t_goodspicture` VALUES ('156', '52', '52.3.png');INSERT INTO `t_goodspicture` VALUES ('157', '53', '53.1.png');INSERT INTO `t_goodspicture` VALUES ('158', '53', '53.2.png');INSERT INTO `t_goodspicture` VALUES ('159', '53', '53.3.png');INSERT INTO `t_goodspicture` VALUES ('160', '54', '54.1.png');INSERT INTO `t_goodspicture` VALUES ('161', '54', '54.2.png');INSERT INTO `t_goodspicture` VALUES ('162', '54', '54.3.png');INSERT INTO `t_goodspicture` VALUES ('163', '55', '55.1.png');INSERT INTO `t_goodspicture` VALUES ('164', '55', '55.2.png');INSERT INTO `t_goodspicture` VALUES ('165', '55', '55.3.png');INSERT INTO `t_goodspicture` VALUES ('166', '56', '56.1.png');INSERT INTO `t_goodspicture` VALUES ('167', '56', '56.2.png');INSERT INTO `t_goodspicture` VALUES ('168', '56', '56.3.png');INSERT INTO `t_goodspicture` VALUES ('169', '57', '57.1.png');INSERT INTO `t_goodspicture` VALUES ('170', '57', '57.2.png');INSERT INTO `t_goodspicture` VALUES ('171', '57', '57.3.png');INSERT INTO `t_goodspicture` VALUES ('172', '18', '18.4.png');INSERT INTO `t_goodspicture` VALUES ('173', '38', '38.4.png');INSERT INTO `t_goodspicture` VALUES ('174', '40', '40.4.png');INSERT INTO `t_goodspicture` VALUES ('175', '41', '41.4.png');INSERT INTO `t_goodspicture` VALUES ('176', '42', '42.4.png');INSERT INTO `t_goodspicture` VALUES ('177', '43', '43.4.png');INSERT INTO `t_goodspicture` VALUES ('178', '44', '44.4.png');INSERT INTO `t_goodspicture` VALUES ('179', '44', '44.5.png');INSERT INTO `t_goodspicture` VALUES ('180', '46', '46.4.png');
-- ------------------------------ Table structure for t_logo-- ----------------------------DROP TABLE IF EXISTS `t_logo`;CREATE TABLE `t_logo` (  `ID` int(11) NOT NULL AUTO_INCREMENT,  `LOGO_NAME` varchar(30) DEFAULT NULL COMMENT '品牌名',  `LOGO` varchar(50) DEFAULT NULL COMMENT '品牌图片',  PRIMARY KEY (`ID`)) ENGINE=InnoDB AUTO_INCREMENT=16 DEFAULT CHARSET=utf8;
-- ------------------------------ Records of t_logo-- ----------------------------INSERT INTO `t_logo` VALUES ('1', '相宜本草', 'lxybc.png');INSERT INTO `t_logo` VALUES ('2', '卡姿兰', 'lkzl.png');INSERT INTO `t_logo` VALUES ('3', '自然堂', 'lzrt.png');INSERT INTO `t_logo` VALUES ('4', '悦诗风吟', 'lysfy.png');INSERT INTO `t_logo` VALUES ('5', '欧莱雅', 'loly.png');INSERT INTO `t_logo` VALUES ('6', '韩束', 'lhs.png');INSERT INTO `t_logo` VALUES ('7', '雅诗兰黛', 'lysld.png');INSERT INTO `t_logo` VALUES ('8', '丸美', 'lwm.png');INSERT INTO `t_logo` VALUES ('9', '百雀羚', 'lbql.png');INSERT INTO `t_logo` VALUES ('10', '施华蔻', 'lyjj.png');INSERT INTO `t_logo` VALUES ('11', '雪肌精', 'lxjj.png');INSERT INTO `t_logo` VALUES ('12', '迪奥', 'ldior.png');INSERT INTO `t_logo` VALUES ('13', '兰蔻', 'llk.png');INSERT INTO `t_logo` VALUES ('14', '阿玛尼', 'laml.png');INSERT INTO `t_logo` VALUES ('15', '兰芝', 'llz.png');
-- ------------------------------ Table structure for t_order-- ----------------------------DROP TABLE IF EXISTS `t_order`;CREATE TABLE `t_order` (  `ID` int(11) NOT NULL AUTO_INCREMENT,  `ORDER_NUM` bigint(20) DEFAULT NULL COMMENT '订单号',  `ORDER_CONDITION` varchar(20) DEFAULT NULL COMMENT '订单状态',  `ORDER_PERSON` varchar(30) DEFAULT NULL COMMENT '用户账号',  `ADDRESS_ID` int(11) DEFAULT NULL COMMENT '地址id',  PRIMARY KEY (`ID`)) ENGINE=InnoDB AUTO_INCREMENT=21 DEFAULT CHARSET=utf8;
-- ------------------------------ Records of t_order-- ----------------------------INSERT INTO `t_order` VALUES ('17', '1', '交易完成', '123@qq.com', '3');INSERT INTO `t_order` VALUES ('19', '2', '未发货', '123@qq.com', '4');INSERT INTO `t_order` VALUES ('20', '1447740668476', '未发货', '123@qq.com\n    ', '5');
-- ------------------------------ Table structure for t_orderdetail-- ----------------------------DROP TABLE IF EXISTS `t_orderdetail`;CREATE TABLE `t_orderdetail` (  `ID` int(11) NOT NULL AUTO_INCREMENT,  `GOODS_ID` int(11) DEFAULT NULL COMMENT '商品id',  `ORDER_ID` int(11) DEFAULT NULL COMMENT '订单id',  `BUY_NUM` int(30) DEFAULT NULL COMMENT '购买数量',  `SHOPCAR_ID` int(11) DEFAULT NULL COMMENT '购物车id',  PRIMARY KEY (`ID`)) ENGINE=InnoDB AUTO_INCREMENT=17 DEFAULT CHARSET=utf8;
-- ------------------------------ Records of t_orderdetail-- ----------------------------INSERT INTO `t_orderdetail` VALUES ('10', '1', '17', '2', '3');INSERT INTO `t_orderdetail` VALUES ('11', '2', '17', '1', '4');INSERT INTO `t_orderdetail` VALUES ('12', '6', '18', '1', '5');INSERT INTO `t_orderdetail` VALUES ('13', '3', '18', '1', '6');INSERT INTO `t_orderdetail` VALUES ('14', '2', '19', '1', '7');INSERT INTO `t_orderdetail` VALUES ('15', '1', '20', '2', '1');INSERT INTO `t_orderdetail` VALUES ('16', '2', '20', '1', '2');
-- ------------------------------ Table structure for t_picture-- ----------------------------DROP TABLE IF EXISTS `t_picture`;CREATE TABLE `t_picture` (  `ID` int(11) NOT NULL AUTO_INCREMENT,  `LOGO_ID` int(11) DEFAULT NULL COMMENT '品牌id',  `BIG_PICTURE` varchar(100) DEFAULT NULL COMMENT '大图',  PRIMARY KEY (`ID`)) ENGINE=InnoDB AUTO_INCREMENT=16 DEFAULT CHARSET=utf8;
-- ------------------------------ Records of t_picture-- ----------------------------INSERT INTO `t_picture` VALUES ('1', '1', 'xybc.png');INSERT INTO `t_picture` VALUES ('2', '2', 'kzl.png');INSERT INTO `t_picture` VALUES ('3', '3', 'zrt.png');INSERT INTO `t_picture` VALUES ('4', '4', 'ysfy.png');INSERT INTO `t_picture` VALUES ('5', '5', 'oly.png');INSERT INTO `t_picture` VALUES ('6', '6', 'hs.png');INSERT INTO `t_picture` VALUES ('7', '7', 'ysld.png');INSERT INTO `t_picture` VALUES ('8', '8', 'wm.png');INSERT INTO `t_picture` VALUES ('9', '9', 'bql.png');INSERT INTO `t_picture` VALUES ('10', '10', 'shk.png');INSERT INTO `t_picture` VALUES ('11', '11', 'xjj.png');INSERT INTO `t_picture` VALUES ('12', '12', 'dior.png');INSERT INTO `t_picture` VALUES ('13', '13', 'lk.png');INSERT INTO `t_picture` VALUES ('14', '14', 'aml.png');INSERT INTO `t_picture` VALUES ('15', '15', 'lz.png');
-- ------------------------------ Table structure for t_reply-- ----------------------------DROP TABLE IF EXISTS `t_reply`;CREATE TABLE `t_reply` (  `ID` int(11) NOT NULL AUTO_INCREMENT,  `GOODS_ID` int(11) DEFAULT NULL COMMENT '商品id',  `USER_ACCOUNT` varchar(30) DEFAULT NULL COMMENT '用户账号',  `REPLY_CONTENT` varchar(100) DEFAULT NULL COMMENT '评论内容',  `REPLY_TIME` datetime DEFAULT NULL COMMENT '评论时间',  PRIMARY KEY (`ID`)) ENGINE=InnoDB AUTO_INCREMENT=5 DEFAULT CHARSET=utf8;
-- ------------------------------ Records of t_reply-- ----------------------------INSERT INTO `t_reply` VALUES ('1', '1', '123@qq.com', '好看！', '2016-05-24 22:57:56');INSERT INTO `t_reply` VALUES ('2', '1', '111@qq.com', 'nice！', '2016-05-25 14:26:43');INSERT INTO `t_reply` VALUES ('3', '3', '111@qq.com', '棒棒哒！', '2016-05-25 14:55:27');INSERT INTO `t_reply` VALUES ('4', '2', '123@qq.com', '很搞笑！', '2016-05-25 15:39:59');
-- ------------------------------ Table structure for t_shopcar-- ----------------------------DROP TABLE IF EXISTS `t_shopcar`;CREATE TABLE `t_shopcar` (  `ID` int(11) NOT NULL AUTO_INCREMENT,  `USER_ACCOUNT` varchar(50) DEFAULT NULL COMMENT '用户名',  `GOODS_ID` int(11) DEFAULT NULL COMMENT '商品id',  `BUY_NUM` int(11) DEFAULT NULL COMMENT '数量',  PRIMARY KEY (`ID`)) ENGINE=InnoDB DEFAULT CHARSET=utf8;
-- ------------------------------ Records of t_shopcar-- ----------------------------
-- ------------------------------ Table structure for t_type-- ----------------------------DROP TABLE IF EXISTS `t_type`;CREATE TABLE `t_type` (  `ID` int(11) NOT NULL AUTO_INCREMENT,  `TYPE_NAME` varchar(30) DEFAULT NULL,  `BIG_TYPE_ID` int(11) DEFAULT NULL,  PRIMARY KEY (`ID`)) ENGINE=InnoDB AUTO_INCREMENT=15 DEFAULT CHARSET=utf8;
-- ------------------------------ Records of t_type-- ----------------------------INSERT INTO `t_type` VALUES ('1', '喜剧', '1');INSERT INTO `t_type` VALUES ('2', '恐怖', '1');INSERT INTO `t_type` VALUES ('3', '爱情', '1');INSERT INTO `t_type` VALUES ('4', '动作', '1');INSERT INTO `t_type` VALUES ('5', '科幻', '1');INSERT INTO `t_type` VALUES ('6', '武侠', '1');INSERT INTO `t_type` VALUES ('7', '战争', '1');INSERT INTO `t_type` VALUES ('8', '犯罪', '1');INSERT INTO `t_type` VALUES ('9', '眉笔', '1');INSERT INTO `t_type` VALUES ('10', '惊悚', '1');INSERT INTO `t_type` VALUES ('11', '剧情', '1');INSERT INTO `t_type` VALUES ('12', '动漫', '1');INSERT INTO `t_type` VALUES ('13', '青春', '1');INSERT INTO `t_type` VALUES ('14', '偶像', '1');
-- ------------------------------ Table structure for t_user-- ----------------------------DROP TABLE IF EXISTS `t_user`;CREATE TABLE `t_user` (  `ID` int(11) NOT NULL AUTO_INCREMENT,  `ACCOUNT` varchar(30) NOT NULL,  `PASSWORD` varchar(30) NOT NULL,  `ISADMIN` varchar(10) NOT NULL COMMENT '是否是管理员',  `HEAD` varchar(50) DEFAULT NULL COMMENT '头像',  `EMAIL` varchar(50) DEFAULT NULL COMMENT '邮箱',  `PHONE` varchar(30) DEFAULT NULL COMMENT '电话',  `CREDITS` int(11) DEFAULT NULL COMMENT '积分',  PRIMARY KEY (`ID`)) ENGINE=InnoDB AUTO_INCREMENT=7 DEFAULT CHARSET=utf8;
-- ------------------------------ Records of t_user-- ----------------------------INSERT INTO `t_user` VALUES ('4', 'admin@qq.com', '111', 'yes', '1.jpg', 'admin@qq.com', '15295532009', '50');INSERT INTO `t_user` VALUES ('5', '123@qq.com', '111', 'no', '2.jpg', null, '15295532009', '100');INSERT INTO `t_user` VALUES ('6', '111@qq.com', '111', 'no', '1.jpg', '', '', '0');
-- ------------------------------ Table structure for ums_user-- ----------------------------DROP TABLE IF EXISTS `ums_user`;CREATE TABLE `ums_user` (  `id` char(32) NOT NULL DEFAULT '' COMMENT '主键(UUID)',  `username` varchar(30) DEFAULT NULL COMMENT '用户名',  `password` varchar(100) DEFAULT NULL COMMENT '密码',  `salt` varchar(100) DEFAULT NULL COMMENT '盐',  `phone` varchar(20) DEFAULT NULL COMMENT '手机号码',  `email` varchar(100) DEFAULT NULL COMMENT '邮箱',  `realName` varchar(30) DEFAULT NULL COMMENT '真实姓名',  `sex` tinyint(4) DEFAULT '0' COMMENT '性别  0：男  1：女',  `idCard` varchar(30) DEFAULT NULL COMMENT '身份证号码',  `is_super_admin` tinyint(4) DEFAULT '0' COMMENT '是否超管：0 否  1：是',  `password_changed` tinyint(4) DEFAULT '0' COMMENT '是否首次登录修改密码0否 1是',  `last_login_time` datetime DEFAULT NULL COMMENT '最后登录时间',  `status` tinyint(4) NOT NULL DEFAULT '1' COMMENT '状态   0:失效  1:有效  ',  `date_effect` datetime DEFAULT NULL COMMENT '生效时间',  `date_expire` datetime DEFAULT NULL COMMENT '失效时间',  `date_create` datetime DEFAULT NULL COMMENT '创建时间',  `date_update` datetime DEFAULT NULL COMMENT '修改时间',  `creator_fk` varchar(45) DEFAULT NULL COMMENT '创建人',  `updater_fk` varchar(45) DEFAULT NULL COMMENT '更新人',  PRIMARY KEY (`id`)) ENGINE=InnoDB DEFAULT CHARSET=utf8 COMMENT='系统用户表';
-- ------------------------------ Records of ums_user-- ----------------------------INSERT INTO `ums_user` VALUES ('ADMINOVPUEF2VC4667UA3Y0V16SIE088', 'admin', '727936391427154731ef6106345909be', 'f3075d3fd621aefcabd62a218b505ca9', '13913366445', 'admin@qq.com', '管理员', '0', null, '0', '1', '2017-06-14 16:30:52', '1', null, null, null, '2017-06-14 16:30:52', 'ADMINOVPUEF2VC4667UA3Y0V16SIE088', 'ADMINOVPUEF2VC4667UA3Y0V16SIE088');INSERT INTO `ums_user` VALUES ('G7EO63PXCRQ7HA22UWL06BPNMI6P87WY', 'test', '5761ec1adf1a32a2edeef3ba64eefb58', '492bca0040e878e404c01de3c925d8b3', '13513513555', '135@qq.com', '????', '0', null, '0', '1', '2017-06-03 13:37:30', '1', null, null, '2017-03-24 10:38:22', '2017-06-03 13:37:29', 'ADMINOVPUEF2VC4667UA3Y0V16SIE088', 'G7EO63PXCRQ7HA22UWL06BPNMI6P87WY');INSERT INTO `ums_user` VALUES ('JDIJ893JJDOA92JD9JAD893JD9AJ3E9D', 'gxy', 'c1e6ade3b2c05c0f2191dec5ada06d47', '356f61b6cbdf40740cd307699b0863b2', null, null, null, '0', null, '0', '0', null, '1', null, null, null, null, null, null);INSERT INTO `ums_user` VALUES ('S5FGSXP3EMBBUIC7AQJ6PJLO2XCEU9ZD', 'lyb1', '8d0499b1aa1b33035ca46229533b6016', 'dfb21040bbff8734003c15f71102cfb7', '15350331234', '1562176787@qq.com', '萨德', '0', null, '0', '0', '2017-06-05 13:17:56', '1', '2017-06-05 11:35:26', null, '2017-06-05 11:36:37', '2017-06-05 13:17:56', 'ADMINOVPUEF2VC4667UA3Y0V16SIE088', 'ADMINOVPUEF2VC4667UA3Y0V16SIE088');SET FOREIGN_KEY_CHECKS=1;
